target,year,id,group,columns,C,history,kind,inner_ap,inner_n,inner_positives
loss10,2007,market/C=0.01,market,"[""log_vix"", ""vol20"", ""drawdown_60"", ""yield_curve""]",0.01,0,lr,0.007670778559475979,730,6
loss10,2007,market/C=0.1,market,"[""log_vix"", ""vol20"", ""drawdown_60"", ""yield_curve""]",0.1,0,lr,0.0050794386416521614,730,6
loss10,2007,market/C=1.0,market,"[""log_vix"", ""vol20"", ""drawdown_60"", ""yield_curve""]",1.0,0,lr,0.004930846214940922,730,6
loss10,2007,topology/C=0.01,topology,"[""h1_entropy_normalized"", ""h1_total_per_asset"", ""w2_per_sqrt_asset""]",0.01,0,lr,0.01177988409740946,730,6
loss10,2007,topology/C=0.1,topology,"[""h1_entropy_normalized"", ""h1_total_per_asset"", ""w2_per_sqrt_asset""]",0.1,0,lr,0.00886726888977359,730,6
loss10,2007,topology/C=1.0,topology,"[""h1_entropy_normalized"", ""h1_total_per_asset"", ""w2_per_sqrt_asset""]",1.0,0,lr,0.008298181058715087,730,6
loss10,2007,combined/C=0.01,combined,"[""log_vix"", ""vol20"", ""drawdown_60"", ""yield_curve"", ""h1_entropy_normalized"", ""h1_total_per_asset"", ""w2_per_sqrt_asset""]",0.01,0,lr,0.006626093832681713,730,6
loss10,2007,combined/C=0.1,combined,"[""log_vix"", ""vol20"", ""drawdown_60"", ""yield_curve"", ""h1_entropy_normalized"", ""h1_total_per_asset"", ""w2_per_sqrt_asset""]",0.1,0,lr,0.005247078914406223,730,6
loss10,2007,combined/C=1.0,combined,"[""log_vix"", ""vol20"", ""drawdown_60"", ""yield_curve"", ""h1_entropy_normalized"", ""h1_total_per_asset"", ""w2_per_sqrt_asset""]",1.0,0,lr,0.005173313898773729,730,6
loss10,2007,market_xgb/C=2,market_xgb,"[""log_vix"", ""vol20"", ""drawdown_60"", ""yield_curve""]",2.0,0,xgb,0.044408933617419946,730,6
loss10,2007,market_xgb/C=3,market_xgb,"[""log_vix"", ""vol20"", ""drawdown_60"", ""yield_curve""]",3.0,0,xgb,0.025214318386378054,730,6
loss10,2007,market_xgb/C=4,market_xgb,"[""log_vix"", ""vol20"", ""drawdown_60"", ""yield_curve""]",4.0,0,xgb,0.025214318386378054,730,6
loss10,2007,topology_xgb/C=2,topology_xgb,"[""h1_entropy_normalized"", ""h1_total_per_asset"", ""w2_per_sqrt_asset""]",2.0,0,xgb,0.017559939845178965,730,6
loss10,2007,topology_xgb/C=3,topology_xgb,"[""h1_entropy_normalized"", ""h1_total_per_asset"", ""w2_per_sqrt_asset""]",3.0,0,xgb,0.01623932126649518,730,6
loss10,2007,topology_xgb/C=4,topology_xgb,"[""h1_entropy_normalized"", ""h1_total_per_asset"", ""w2_per_sqrt_asset""]",4.0,0,xgb,0.016187072822023127,730,6
loss10,2007,combined_xgb/C=2,combined_xgb,"[""log_vix"", ""vol20"", ""drawdown_60"", ""yield_curve"", ""h1_entropy_normalized"", ""h1_total_per_asset"", ""w2_per_sqrt_asset""]",2.0,0,xgb,0.014838091531614191,730,6
loss10,2007,combined_xgb/C=3,combined_xgb,"[""log_vix"", ""vol20"", ""drawdown_60"", ""yield_curve"", ""h1_entropy_normalized"", ""h1_total_per_asset"", ""w2_per_sqrt_asset""]",3.0,0,xgb,0.014934634844051924,730,6
loss10,2007,combined_xgb/C=4,combined_xgb,"[""log_vix"", ""vol20"", ""drawdown_60"", ""yield_curve"", ""h1_entropy_normalized"", ""h1_total_per_asset"", ""w2_per_sqrt_asset""]",4.0,0,xgb,0.015001514304288904,730,6
loss10,2008,market/C=0.01,market,"[""log_vix"", ""vol20"", ""drawdown_60"", ""yield_curve""]",0.01,0,lr,,881,0
loss10,2008,market/C=0.1,market,"[""log_vix"", ""vol20"", ""drawdown_60"", ""yield_curve""]",0.1,0,lr,,881,0
loss10,2008,market/C=1.0,market,"[""log_vix"", ""vol20"", ""drawdown_60"", ""yield_curve""]",1.0,0,lr,,881,0
loss10,2008,topology/C=0.01,topology,"[""h1_entropy_normalized"", ""h1_total_per_asset"", ""w2_per_sqrt_asset""]",0.01,0,lr,,881,0
loss10,2008,topology/C=0.1,topology,"[""h1_entropy_normalized"", ""h1_total_per_asset"", ""w2_per_sqrt_asset""]",0.1,0,lr,,881,0
loss10,2008,topology/C=1.0,topology,"[""h1_entropy_normalized"", ""h1_total_per_asset"", ""w2_per_sqrt_asset""]",1.0,0,lr,,881,0
loss10,2008,combined/C=0.01,combined,"[""log_vix"", ""vol20"", ""drawdown_60"", ""yield_curve"", ""h1_entropy_normalized"", ""h1_total_per_asset"", ""w2_per_sqrt_asset""]",0.01,0,lr,,881,0
loss10,2008,combined/C=0.1,combined,"[""log_vix"", ""vol20"", ""drawdown_60"", ""yield_curve"", ""h1_entropy_normalized"", ""h1_total_per_asset"", ""w2_per_sqrt_asset""]",0.1,0,lr,,881,0
loss10,2008,combined/C=1.0,combined,"[""log_vix"", ""vol20"", ""drawdown_60"", ""yield_curve"", ""h1_entropy_normalized"", ""h1_total_per_asset"", ""w2_per_sqrt_asset""]",1.0,0,lr,,881,0
loss10,2008,market_xgb/C=2,market_xgb,"[""log_vix"", ""vol20"", ""drawdown_60"", ""yield_curve""]",2.0,0,xgb,,881,0
loss10,2008,market_xgb/C=3,market_xgb,"[""log_vix"", ""vol20"", ""drawdown_60"", ""yield_curve""]",3.0,0,xgb,,881,0
loss10,2008,market_xgb/C=4,market_xgb,"[""log_vix"", ""vol20"", ""drawdown_60"", ""yield_curve""]",4.0,0,xgb,,881,0
loss10,2008,topology_xgb/C=2,topology_xgb,"[""h1_entropy_normalized"", ""h1_total_per_asset"", ""w2_per_sqrt_asset""]",2.0,0,xgb,,881,0
loss10,2008,topology_xgb/C=3,topology_xgb,"[""h1_entropy_normalized"", ""h1_total_per_asset"", ""w2_per_sqrt_asset""]",3.0,0,xgb,,881,0
loss10,2008,topology_xgb/C=4,topology_xgb,"[""h1_entropy_normalized"", ""h1_total_per_asset"", ""w2_per_sqrt_asset""]",4.0,0,xgb,,881,0
loss10,2008,combined_xgb/C=2,combined_xgb,"[""log_vix"", ""vol20"", ""drawdown_60"", ""yield_curve"", ""h1_entropy_normalized"", ""h1_total_per_asset"", ""w2_per_sqrt_asset""]",2.0,0,xgb,,881,0
loss10,2008,combined_xgb/C=3,combined_xgb,"[""log_vix"", ""vol20"", ""drawdown_60"", ""yield_curve"", ""h1_entropy_normalized"", ""h1_total_per_asset"", ""w2_per_sqrt_asset""]",3.0,0,xgb,,881,0
loss10,2008,combined_xgb/C=4,combined_xgb,"[""log_vix"", ""vol20"", ""drawdown_60"", ""yield_curve"", ""h1_entropy_normalized"", ""h1_total_per_asset"", ""w2_per_sqrt_asset""]",4.0,0,xgb,,881,0
loss10,2009,market/C=0.01,market,"[""log_vix"", ""vol20"", ""drawdown_60"", ""yield_curve""]",0.01,0,lr,,1032,0
loss10,2009,market/C=0.1,market,"[""log_vix"", ""vol20"", ""drawdown_60"", ""yield_curve""]",0.1,0,lr,,1032,0
loss10,2009,market/C=1.0,market,"[""log_vix"", ""vol20"", ""drawdown_60"", ""yield_curve""]",1.0,0,lr,,1032,0
loss10,2009,topology/C=0.01,topology,"[""h1_entropy_normalized"", ""h1_total_per_asset"", ""w2_per_sqrt_asset""]",0.01,0,lr,,1032,0
loss10,2009,topology/C=0.1,topology,"[""h1_entropy_normalized"", ""h1_total_per_asset"", ""w2_per_sqrt_asset""]",0.1,0,lr,,1032,0
loss10,2009,topology/C=1.0,topology,"[""h1_entropy_normalized"", ""h1_total_per_asset"", ""w2_per_sqrt_asset""]",1.0,0,lr,,1032,0
loss10,2009,combined/C=0.01,combined,"[""log_vix"", ""vol20"", ""drawdown_60"", ""yield_curve"", ""h1_entropy_normalized"", ""h1_total_per_asset"", ""w2_per_sqrt_asset""]",0.01,0,lr,,1032,0
loss10,2009,combined/C=0.1,combined,"[""log_vix"", ""vol20"", ""drawdown_60"", ""yield_curve"", ""h1_entropy_normalized"", ""h1_total_per_asset"", ""w2_per_sqrt_asset""]",0.1,0,lr,,1032,0
loss10,2009,combined/C=1.0,combined,"[""log_vix"", ""vol20"", ""drawdown_60"", ""yield_curve"", ""h1_entropy_normalized"", ""h1_total_per_asset"", ""w2_per_sqrt_asset""]",1.0,0,lr,,1032,0
loss10,2009,market_xgb/C=2,market_xgb,"[""log_vix"", ""vol20"", ""drawdown_60"", ""yield_curve""]",2.0,0,xgb,,1032,0
loss10,2009,market_xgb/C=3,market_xgb,"[""log_vix"", ""vol20"", ""drawdown_60"", ""yield_curve""]",3.0,0,xgb,,1032,0
loss10,2009,market_xgb/C=4,market_xgb,"[""log_vix"", ""vol20"", ""drawdown_60"", ""yield_curve""]",4.0,0,xgb,,1032,0
loss10,2009,topology_xgb/C=2,topology_xgb,"[""h1_entropy_normalized"", ""h1_total_per_asset"", ""w2_per_sqrt_asset""]",2.0,0,xgb,,1032,0
loss10,2009,topology_xgb/C=3,topology_xgb,"[""h1_entropy_normalized"", ""h1_total_per_asset"", ""w2_per_sqrt_asset""]",3.0,0,xgb,,1032,0
loss10,2009,topology_xgb/C=4,topology_xgb,"[""h1_entropy_normalized"", ""h1_total_per_asset"", ""w2_per_sqrt_asset""]",4.0,0,xgb,,1032,0
loss10,2009,combined_xgb/C=2,combined_xgb,"[""log_vix"", ""vol20"", ""drawdown_60"", ""yield_curve"", ""h1_entropy_normalized"", ""h1_total_per_asset"", ""w2_per_sqrt_asset""]",2.0,0,xgb,,1032,0
loss10,2009,combined_xgb/C=3,combined_xgb,"[""log_vix"", ""vol20"", ""drawdown_60"", ""yield_curve"", ""h1_entropy_normalized"", ""h1_total_per_asset"", ""w2_per_sqrt_asset""]",3.0,0,xgb,,1032,0
loss10,2009,combined_xgb/C=4,combined_xgb,"[""log_vix"", ""vol20"", ""drawdown_60"", ""yield_curve"", ""h1_entropy_normalized"", ""h1_total_per_asset"", ""w2_per_sqrt_asset""]",4.0,0,xgb,,1032,0
loss10,2010,market/C=0.01,market,"[""log_vix"", ""vol20"", ""drawdown_60"", ""yield_curve""]",0.01,0,lr,0.3453463563075964,1184,52
loss10,2010,market/C=0.1,market,"[""log_vix"", ""vol20"", ""drawdown_60"", ""yield_curve""]",0.1,0,lr,0.06594901433112083,1184,52
loss10,2010,market/C=1.0,market,"[""log_vix"", ""vol20"", ""drawdown_60"", ""yield_curve""]",1.0,0,lr,0.030647090999192855,1184,52
loss10,2010,topology/C=0.01,topology,"[""h1_entropy_normalized"", ""h1_total_per_asset"", ""w2_per_sqrt_asset""]",0.01,0,lr,0.03818718838601111,1184,52
loss10,2010,topology/C=0.1,topology,"[""h1_entropy_normalized"", ""h1_total_per_asset"", ""w2_per_sqrt_asset""]",0.1,0,lr,0.0380139573402995,1184,52
loss10,2010,topology/C=1.0,topology,"[""h1_entropy_normalized"", ""h1_total_per_asset"", ""w2_per_sqrt_asset""]",1.0,0,lr,0.03739139205778492,1184,52
loss10,2010,combined/C=0.01,combined,"[""log_vix"", ""vol20"", ""drawdown_60"", ""yield_curve"", ""h1_entropy_normalized"", ""h1_total_per_asset"", ""w2_per_sqrt_asset""]",0.01,0,lr,0.3464924167685102,1184,52
loss10,2010,combined/C=0.1,combined,"[""log_vix"", ""vol20"", ""drawdown_60"", ""yield_curve"", ""h1_entropy_normalized"", ""h1_total_per_asset"", ""w2_per_sqrt_asset""]",0.1,0,lr,0.23066674706880191,1184,52
loss10,2010,combined/C=1.0,combined,"[""log_vix"", ""vol20"", ""drawdown_60"", ""yield_curve"", ""h1_entropy_normalized"", ""h1_total_per_asset"", ""w2_per_sqrt_asset""]",1.0,0,lr,0.06440147914262831,1184,52
loss10,2010,market_xgb/C=2,market_xgb,"[""log_vix"", ""vol20"", ""drawdown_60"", ""yield_curve""]",2.0,0,xgb,0.054914022860774916,1184,52
loss10,2010,market_xgb/C=3,market_xgb,"[""log_vix"", ""vol20"", ""drawdown_60"", ""yield_curve""]",3.0,0,xgb,0.05188255895251625,1184,52
loss10,2010,market_xgb/C=4,market_xgb,"[""log_vix"", ""vol20"", ""drawdown_60"", ""yield_curve""]",4.0,0,xgb,0.053099860177215616,1184,52
loss10,2010,topology_xgb/C=2,topology_xgb,"[""h1_entropy_normalized"", ""h1_total_per_asset"", ""w2_per_sqrt_asset""]",2.0,0,xgb,0.08823441839866689,1184,52
loss10,2010,topology_xgb/C=3,topology_xgb,"[""h1_entropy_normalized"", ""h1_total_per_asset"", ""w2_per_sqrt_asset""]",3.0,0,xgb,0.08528354970644955,1184,52
loss10,2010,topology_xgb/C=4,topology_xgb,"[""h1_entropy_normalized"", ""h1_total_per_asset"", ""w2_per_sqrt_asset""]",4.0,0,xgb,0.0829902942191551,1184,52
loss10,2010,combined_xgb/C=2,combined_xgb,"[""log_vix"", ""vol20"", ""drawdown_60"", ""yield_curve"", ""h1_entropy_normalized"", ""h1_total_per_asset"", ""w2_per_sqrt_asset""]",2.0,0,xgb,0.06293041837225731,1184,52
loss10,2010,combined_xgb/C=3,combined_xgb,"[""log_vix"", ""vol20"", ""drawdown_60"", ""yield_curve"", ""h1_entropy_normalized"", ""h1_total_per_asset"", ""w2_per_sqrt_asset""]",3.0,0,xgb,0.07007192263241269,1184,52
loss10,2010,combined_xgb/C=4,combined_xgb,"[""log_vix"", ""vol20"", ""drawdown_60"", ""yield_curve"", ""h1_entropy_normalized"", ""h1_total_per_asset"", ""w2_per_sqrt_asset""]",4.0,0,xgb,0.0699208522581639,1184,52
loss10,2011,market/C=0.01,market,"[""log_vix"", ""vol20"", ""drawdown_60"", ""yield_curve""]",0.01,0,lr,0.2883178610751316,1335,91
loss10,2011,market/C=0.1,market,"[""log_vix"", ""vol20"", ""drawdown_60"", ""yield_curve""]",0.1,0,lr,0.12505340431141262,1335,91
loss10,2011,market/C=1.0,market,"[""log_vix"", ""vol20"", ""drawdown_60"", ""yield_curve""]",1.0,0,lr,0.07891072498671234,1335,91
loss10,2011,topology/C=0.01,topology,"[""h1_entropy_normalized"", ""h1_total_per_asset"", ""w2_per_sqrt_asset""]",0.01,0,lr,0.051768145197110156,1335,91
loss10,2011,topology/C=0.1,topology,"[""h1_entropy_normalized"", ""h1_total_per_asset"", ""w2_per_sqrt_asset""]",0.1,0,lr,0.05306516013802116,1335,91
loss10,2011,topology/C=1.0,topology,"[""h1_entropy_normalized"", ""h1_total_per_asset"", ""w2_per_sqrt_asset""]",1.0,0,lr,0.05333615205746478,1335,91
loss10,2011,combined/C=0.01,combined,"[""log_vix"", ""vol20"", ""drawdown_60"", ""yield_curve"", ""h1_entropy_normalized"", ""h1_total_per_asset"", ""w2_per_sqrt_asset""]",0.01,0,lr,0.3021965511665358,1335,91
loss10,2011,combined/C=0.1,combined,"[""log_vix"", ""vol20"", ""drawdown_60"", ""yield_curve"", ""h1_entropy_normalized"", ""h1_total_per_asset"", ""w2_per_sqrt_asset""]",0.1,0,lr,0.2291714851248859,1335,91
loss10,2011,combined/C=1.0,combined,"[""log_vix"", ""vol20"", ""drawdown_60"", ""yield_curve"", ""h1_entropy_normalized"", ""h1_total_per_asset"", ""w2_per_sqrt_asset""]",1.0,0,lr,0.17289209372410116,1335,91
loss10,2011,market_xgb/C=2,market_xgb,"[""log_vix"", ""vol20"", ""drawdown_60"", ""yield_curve""]",2.0,0,xgb,0.14250634851337918,1335,91
loss10,2011,market_xgb/C=3,market_xgb,"[""log_vix"", ""vol20"", ""drawdown_60"", ""yield_curve""]",3.0,0,xgb,0.13917277453109328,1335,91
loss10,2011,market_xgb/C=4,market_xgb,"[""log_vix"", ""vol20"", ""drawdown_60"", ""yield_curve""]",4.0,0,xgb,0.14281801117651943,1335,91
loss10,2011,topology_xgb/C=2,topology_xgb,"[""h1_entropy_normalized"", ""h1_total_per_asset"", ""w2_per_sqrt_asset""]",2.0,0,xgb,0.09817571192250027,1335,91
loss10,2011,topology_xgb/C=3,topology_xgb,"[""h1_entropy_normalized"", ""h1_total_per_asset"", ""w2_per_sqrt_asset""]",3.0,0,xgb,0.09923071960435917,1335,91
loss10,2011,topology_xgb/C=4,topology_xgb,"[""h1_entropy_normalized"", ""h1_total_per_asset"", ""w2_per_sqrt_asset""]",4.0,0,xgb,0.10070877480618323,1335,91
loss10,2011,combined_xgb/C=2,combined_xgb,"[""log_vix"", ""vol20"", ""drawdown_60"", ""yield_curve"", ""h1_entropy_normalized"", ""h1_total_per_asset"", ""w2_per_sqrt_asset""]",2.0,0,xgb,0.14807698213580292,1335,91
loss10,2011,combined_xgb/C=3,combined_xgb,"[""log_vix"", ""vol20"", ""drawdown_60"", ""yield_curve"", ""h1_entropy_normalized"", ""h1_total_per_asset"", ""w2_per_sqrt_asset""]",3.0,0,xgb,0.1511964313300199,1335,91
loss10,2011,combined_xgb/C=4,combined_xgb,"[""log_vix"", ""vol20"", ""drawdown_60"", ""yield_curve"", ""h1_entropy_normalized"", ""h1_total_per_asset"", ""w2_per_sqrt_asset""]",4.0,0,xgb,0.1485814327872308,1335,91
loss10,2012,market/C=0.01,market,"[""log_vix"", ""vol20"", ""drawdown_60"", ""yield_curve""]",0.01,0,lr,0.2716877786106723,1486,98
loss10,2012,market/C=0.1,market,"[""log_vix"", ""vol20"", ""drawdown_60"", ""yield_curve""]",0.1,0,lr,0.12086827329816359,1486,98
loss10,2012,market/C=1.0,market,"[""log_vix"", ""vol20"", ""drawdown_60"", ""yield_curve""]",1.0,0,lr,0.07367261869398287,1486,98
loss10,2012,topology/C=0.01,topology,"[""h1_entropy_normalized"", ""h1_total_per_asset"", ""w2_per_sqrt_asset""]",0.01,0,lr,0.04318085474775972,1486,98
loss10,2012,topology/C=0.1,topology,"[""h1_entropy_normalized"", ""h1_total_per_asset"", ""w2_per_sqrt_asset""]",0.1,0,lr,0.04323099608913253,1486,98
loss10,2012,topology/C=1.0,topology,"[""h1_entropy_normalized"", ""h1_total_per_asset"", ""w2_per_sqrt_asset""]",1.0,0,lr,0.04349595843923918,1486,98
loss10,2012,combined/C=0.01,combined,"[""log_vix"", ""vol20"", ""drawdown_60"", ""yield_curve"", ""h1_entropy_normalized"", ""h1_total_per_asset"", ""w2_per_sqrt_asset""]",0.01,0,lr,0.28232314044344564,1486,98
loss10,2012,combined/C=0.1,combined,"[""log_vix"", ""vol20"", ""drawdown_60"", ""yield_curve"", ""h1_entropy_normalized"", ""h1_total_per_asset"", ""w2_per_sqrt_asset""]",0.1,0,lr,0.21587227907611048,1486,98
loss10,2012,combined/C=1.0,combined,"[""log_vix"", ""vol20"", ""drawdown_60"", ""yield_curve"", ""h1_entropy_normalized"", ""h1_total_per_asset"", ""w2_per_sqrt_asset""]",1.0,0,lr,0.17815110235621545,1486,98
loss10,2012,market_xgb/C=2,market_xgb,"[""log_vix"", ""vol20"", ""drawdown_60"", ""yield_curve""]",2.0,0,xgb,0.11284943165453173,1486,98
loss10,2012,market_xgb/C=3,market_xgb,"[""log_vix"", ""vol20"", ""drawdown_60"", ""yield_curve""]",3.0,0,xgb,0.11203759561390822,1486,98
loss10,2012,market_xgb/C=4,market_xgb,"[""log_vix"", ""vol20"", ""drawdown_60"", ""yield_curve""]",4.0,0,xgb,0.11426156674549105,1486,98
loss10,2012,topology_xgb/C=2,topology_xgb,"[""h1_entropy_normalized"", ""h1_total_per_asset"", ""w2_per_sqrt_asset""]",2.0,0,xgb,0.07364385301702363,1486,98
loss10,2012,topology_xgb/C=3,topology_xgb,"[""h1_entropy_normalized"", ""h1_total_per_asset"", ""w2_per_sqrt_asset""]",3.0,0,xgb,0.0759305170415498,1486,98
loss10,2012,topology_xgb/C=4,topology_xgb,"[""h1_entropy_normalized"", ""h1_total_per_asset"", ""w2_per_sqrt_asset""]",4.0,0,xgb,0.07581524410919002,1486,98
loss10,2012,combined_xgb/C=2,combined_xgb,"[""log_vix"", ""vol20"", ""drawdown_60"", ""yield_curve"", ""h1_entropy_normalized"", ""h1_total_per_asset"", ""w2_per_sqrt_asset""]",2.0,0,xgb,0.1274428648533074,1486,98
loss10,2012,combined_xgb/C=3,combined_xgb,"[""log_vix"", ""vol20"", ""drawdown_60"", ""yield_curve"", ""h1_entropy_normalized"", ""h1_total_per_asset"", ""w2_per_sqrt_asset""]",3.0,0,xgb,0.13163689460260164,1486,98
loss10,2012,combined_xgb/C=4,combined_xgb,"[""log_vix"", ""vol20"", ""drawdown_60"", ""yield_curve"", ""h1_entropy_normalized"", ""h1_total_per_asset"", ""w2_per_sqrt_asset""]",4.0,0,xgb,0.1293382807070696,1486,98
loss10,2013,market/C=0.01,market,"[""log_vix"", ""vol20"", ""drawdown_60"", ""yield_curve""]",0.01,0,lr,0.25575058124481254,1636,118
loss10,2013,market/C=0.1,market,"[""log_vix"", ""vol20"", ""drawdown_60"", ""yield_curve""]",0.1,0,lr,0.15204198368730887,1636,118
loss10,2013,market/C=1.0,market,"[""log_vix"", ""vol20"", ""drawdown_60"", ""yield_curve""]",1.0,0,lr,0.09986031881306517,1636,118
loss10,2013,topology/C=0.01,topology,"[""h1_entropy_normalized"", ""h1_total_per_asset"", ""w2_per_sqrt_asset""]",0.01,0,lr,0.052645759136582294,1636,118
loss10,2013,topology/C=0.1,topology,"[""h1_entropy_normalized"", ""h1_total_per_asset"", ""w2_per_sqrt_asset""]",0.1,0,lr,0.053034580342887,1636,118
loss10,2013,topology/C=1.0,topology,"[""h1_entropy_normalized"", ""h1_total_per_asset"", ""w2_per_sqrt_asset""]",1.0,0,lr,0.0532191728884241,1636,118
loss10,2013,combined/C=0.01,combined,"[""log_vix"", ""vol20"", ""drawdown_60"", ""yield_curve"", ""h1_entropy_normalized"", ""h1_total_per_asset"", ""w2_per_sqrt_asset""]",0.01,0,lr,0.2628312226236985,1636,118
loss10,2013,combined/C=0.1,combined,"[""log_vix"", ""vol20"", ""drawdown_60"", ""yield_curve"", ""h1_entropy_normalized"", ""h1_total_per_asset"", ""w2_per_sqrt_asset""]",0.1,0,lr,0.21494381256438302,1636,118
loss10,2013,combined/C=1.0,combined,"[""log_vix"", ""vol20"", ""drawdown_60"", ""yield_curve"", ""h1_entropy_normalized"", ""h1_total_per_asset"", ""w2_per_sqrt_asset""]",1.0,0,lr,0.18905485288259732,1636,118
loss10,2013,market_xgb/C=2,market_xgb,"[""log_vix"", ""vol20"", ""drawdown_60"", ""yield_curve""]",2.0,0,xgb,0.12368631815580303,1636,118
loss10,2013,market_xgb/C=3,market_xgb,"[""log_vix"", ""vol20"", ""drawdown_60"", ""yield_curve""]",3.0,0,xgb,0.12473223523906718,1636,118
loss10,2013,market_xgb/C=4,market_xgb,"[""log_vix"", ""vol20"", ""drawdown_60"", ""yield_curve""]",4.0,0,xgb,0.12419923097987298,1636,118
loss10,2013,topology_xgb/C=2,topology_xgb,"[""h1_entropy_normalized"", ""h1_total_per_asset"", ""w2_per_sqrt_asset""]",2.0,0,xgb,0.10543086918618709,1636,118
loss10,2013,topology_xgb/C=3,topology_xgb,"[""h1_entropy_normalized"", ""h1_total_per_asset"", ""w2_per_sqrt_asset""]",3.0,0,xgb,0.10866895746846697,1636,118
loss10,2013,topology_xgb/C=4,topology_xgb,"[""h1_entropy_normalized"", ""h1_total_per_asset"", ""w2_per_sqrt_asset""]",4.0,0,xgb,0.10794440079060455,1636,118
loss10,2013,combined_xgb/C=2,combined_xgb,"[""log_vix"", ""vol20"", ""drawdown_60"", ""yield_curve"", ""h1_entropy_normalized"", ""h1_total_per_asset"", ""w2_per_sqrt_asset""]",2.0,0,xgb,0.13581857317552382,1636,118
loss10,2013,combined_xgb/C=3,combined_xgb,"[""log_vix"", ""vol20"", ""drawdown_60"", ""yield_curve"", ""h1_entropy_normalized"", ""h1_total_per_asset"", ""w2_per_sqrt_asset""]",3.0,0,xgb,0.13880648391271416,1636,118
loss10,2013,combined_xgb/C=4,combined_xgb,"[""log_vix"", ""vol20"", ""drawdown_60"", ""yield_curve"", ""h1_entropy_normalized"", ""h1_total_per_asset"", ""w2_per_sqrt_asset""]",4.0,0,xgb,0.13335668061958034,1636,118
loss10,2014,market/C=0.01,market,"[""log_vix"", ""vol20"", ""drawdown_60"", ""yield_curve""]",0.01,0,lr,0.24008344339894883,1787,118
loss10,2014,market/C=0.1,market,"[""log_vix"", ""vol20"", ""drawdown_60"", ""yield_curve""]",0.1,0,lr,0.1022986101848874,1787,118
loss10,2014,market/C=1.0,market,"[""log_vix"", ""vol20"", ""drawdown_60"", ""yield_curve""]",1.0,0,lr,0.06709551962639038,1787,118
loss10,2014,topology/C=0.01,topology,"[""h1_entropy_normalized"", ""h1_total_per_asset"", ""w2_per_sqrt_asset""]",0.01,0,lr,0.06470433247099769,1787,118
loss10,2014,topology/C=0.1,topology,"[""h1_entropy_normalized"", ""h1_total_per_asset"", ""w2_per_sqrt_asset""]",0.1,0,lr,0.06735421182042682,1787,118
loss10,2014,topology/C=1.0,topology,"[""h1_entropy_normalized"", ""h1_total_per_asset"", ""w2_per_sqrt_asset""]",1.0,0,lr,0.06830039630652722,1787,118
loss10,2014,combined/C=0.01,combined,"[""log_vix"", ""vol20"", ""drawdown_60"", ""yield_curve"", ""h1_entropy_normalized"", ""h1_total_per_asset"", ""w2_per_sqrt_asset""]",0.01,0,lr,0.23330427341766616,1787,118
loss10,2014,combined/C=0.1,combined,"[""log_vix"", ""vol20"", ""drawdown_60"", ""yield_curve"", ""h1_entropy_normalized"", ""h1_total_per_asset"", ""w2_per_sqrt_asset""]",0.1,0,lr,0.16517616021807213,1787,118
loss10,2014,combined/C=1.0,combined,"[""log_vix"", ""vol20"", ""drawdown_60"", ""yield_curve"", ""h1_entropy_normalized"", ""h1_total_per_asset"", ""w2_per_sqrt_asset""]",1.0,0,lr,0.12218199040817754,1787,118
loss10,2014,market_xgb/C=2,market_xgb,"[""log_vix"", ""vol20"", ""drawdown_60"", ""yield_curve""]",2.0,0,xgb,0.09303996546296679,1787,118
loss10,2014,market_xgb/C=3,market_xgb,"[""log_vix"", ""vol20"", ""drawdown_60"", ""yield_curve""]",3.0,0,xgb,0.09564045757203704,1787,118
loss10,2014,market_xgb/C=4,market_xgb,"[""log_vix"", ""vol20"", ""drawdown_60"", ""yield_curve""]",4.0,0,xgb,0.09562438113789953,1787,118
loss10,2014,topology_xgb/C=2,topology_xgb,"[""h1_entropy_normalized"", ""h1_total_per_asset"", ""w2_per_sqrt_asset""]",2.0,0,xgb,0.10512836734133002,1787,118
loss10,2014,topology_xgb/C=3,topology_xgb,"[""h1_entropy_normalized"", ""h1_total_per_asset"", ""w2_per_sqrt_asset""]",3.0,0,xgb,0.10176154136646585,1787,118
loss10,2014,topology_xgb/C=4,topology_xgb,"[""h1_entropy_normalized"", ""h1_total_per_asset"", ""w2_per_sqrt_asset""]",4.0,0,xgb,0.10094516353756719,1787,118
loss10,2014,combined_xgb/C=2,combined_xgb,"[""log_vix"", ""vol20"", ""drawdown_60"", ""yield_curve"", ""h1_entropy_normalized"", ""h1_total_per_asset"", ""w2_per_sqrt_asset""]",2.0,0,xgb,0.09109691278430057,1787,118
loss10,2014,combined_xgb/C=3,combined_xgb,"[""log_vix"", ""vol20"", ""drawdown_60"", ""yield_curve"", ""h1_entropy_normalized"", ""h1_total_per_asset"", ""w2_per_sqrt_asset""]",3.0,0,xgb,0.09313921189331581,1787,118
loss10,2014,combined_xgb/C=4,combined_xgb,"[""log_vix"", ""vol20"", ""drawdown_60"", ""yield_curve"", ""h1_entropy_normalized"", ""h1_total_per_asset"", ""w2_per_sqrt_asset""]",4.0,0,xgb,0.09181498614883193,1787,118
loss10,2015,market/C=0.01,market,"[""log_vix"", ""vol20"", ""drawdown_60"", ""yield_curve""]",0.01,0,lr,0.27297193498429956,1938,118
loss10,2015,market/C=0.1,market,"[""log_vix"", ""vol20"", ""drawdown_60"", ""yield_curve""]",0.1,0,lr,0.15241633008135475,1938,118
loss10,2015,market/C=1.0,market,"[""log_vix"", ""vol20"", ""drawdown_60"", ""yield_curve""]",1.0,0,lr,0.09852551045042242,1938,118
loss10,2015,topology/C=0.01,topology,"[""h1_entropy_normalized"", ""h1_total_per_asset"", ""w2_per_sqrt_asset""]",0.01,0,lr,0.066119983203573,1938,118
loss10,2015,topology/C=0.1,topology,"[""h1_entropy_normalized"", ""h1_total_per_asset"", ""w2_per_sqrt_asset""]",0.1,0,lr,0.07190774045943478,1938,118
loss10,2015,topology/C=1.0,topology,"[""h1_entropy_normalized"", ""h1_total_per_asset"", ""w2_per_sqrt_asset""]",1.0,0,lr,0.07344187744912146,1938,118
loss10,2015,combined/C=0.01,combined,"[""log_vix"", ""vol20"", ""drawdown_60"", ""yield_curve"", ""h1_entropy_normalized"", ""h1_total_per_asset"", ""w2_per_sqrt_asset""]",0.01,0,lr,0.2690053759727222,1938,118
loss10,2015,combined/C=0.1,combined,"[""log_vix"", ""vol20"", ""drawdown_60"", ""yield_curve"", ""h1_entropy_normalized"", ""h1_total_per_asset"", ""w2_per_sqrt_asset""]",0.1,0,lr,0.215425415561762,1938,118
loss10,2015,combined/C=1.0,combined,"[""log_vix"", ""vol20"", ""drawdown_60"", ""yield_curve"", ""h1_entropy_normalized"", ""h1_total_per_asset"", ""w2_per_sqrt_asset""]",1.0,0,lr,0.1728105308117113,1938,118
loss10,2015,market_xgb/C=2,market_xgb,"[""log_vix"", ""vol20"", ""drawdown_60"", ""yield_curve""]",2.0,0,xgb,0.10087065710069734,1938,118
loss10,2015,market_xgb/C=3,market_xgb,"[""log_vix"", ""vol20"", ""drawdown_60"", ""yield_curve""]",3.0,0,xgb,0.10076061209402667,1938,118
loss10,2015,market_xgb/C=4,market_xgb,"[""log_vix"", ""vol20"", ""drawdown_60"", ""yield_curve""]",4.0,0,xgb,0.10205893599353319,1938,118
loss10,2015,topology_xgb/C=2,topology_xgb,"[""h1_entropy_normalized"", ""h1_total_per_asset"", ""w2_per_sqrt_asset""]",2.0,0,xgb,0.10060209188794465,1938,118
loss10,2015,topology_xgb/C=3,topology_xgb,"[""h1_entropy_normalized"", ""h1_total_per_asset"", ""w2_per_sqrt_asset""]",3.0,0,xgb,0.10629371641442012,1938,118
loss10,2015,topology_xgb/C=4,topology_xgb,"[""h1_entropy_normalized"", ""h1_total_per_asset"", ""w2_per_sqrt_asset""]",4.0,0,xgb,0.10452481436356477,1938,118
loss10,2015,combined_xgb/C=2,combined_xgb,"[""log_vix"", ""vol20"", ""drawdown_60"", ""yield_curve"", ""h1_entropy_normalized"", ""h1_total_per_asset"", ""w2_per_sqrt_asset""]",2.0,0,xgb,0.0978644714137529,1938,118
loss10,2015,combined_xgb/C=3,combined_xgb,"[""log_vix"", ""vol20"", ""drawdown_60"", ""yield_curve"", ""h1_entropy_normalized"", ""h1_total_per_asset"", ""w2_per_sqrt_asset""]",3.0,0,xgb,0.09830123205778149,1938,118
loss10,2015,combined_xgb/C=4,combined_xgb,"[""log_vix"", ""vol20"", ""drawdown_60"", ""yield_curve"", ""h1_entropy_normalized"", ""h1_total_per_asset"", ""w2_per_sqrt_asset""]",4.0,0,xgb,0.09703011575752737,1938,118
loss10,2016,market/C=0.01,market,"[""log_vix"", ""vol20"", ""drawdown_60"", ""yield_curve""]",0.01,0,lr,0.2823257332688544,2090,118
loss10,2016,market/C=0.1,market,"[""log_vix"", ""vol20"", ""drawdown_60"", ""yield_curve""]",0.1,0,lr,0.1724328007428706,2090,118
loss10,2016,market/C=1.0,market,"[""log_vix"", ""vol20"", ""drawdown_60"", ""yield_curve""]",1.0,0,lr,0.1148349813110671,2090,118
loss10,2016,topology/C=0.01,topology,"[""h1_entropy_normalized"", ""h1_total_per_asset"", ""w2_per_sqrt_asset""]",0.01,0,lr,0.06161344985443624,2090,118
loss10,2016,topology/C=0.1,topology,"[""h1_entropy_normalized"", ""h1_total_per_asset"", ""w2_per_sqrt_asset""]",0.1,0,lr,0.07597525412701069,2090,118
loss10,2016,topology/C=1.0,topology,"[""h1_entropy_normalized"", ""h1_total_per_asset"", ""w2_per_sqrt_asset""]",1.0,0,lr,0.07997074072993696,2090,118
loss10,2016,combined/C=0.01,combined,"[""log_vix"", ""vol20"", ""drawdown_60"", ""yield_curve"", ""h1_entropy_normalized"", ""h1_total_per_asset"", ""w2_per_sqrt_asset""]",0.01,0,lr,0.28706302035666087,2090,118
loss10,2016,combined/C=0.1,combined,"[""log_vix"", ""vol20"", ""drawdown_60"", ""yield_curve"", ""h1_entropy_normalized"", ""h1_total_per_asset"", ""w2_per_sqrt_asset""]",0.1,0,lr,0.22914087468645428,2090,118
loss10,2016,combined/C=1.0,combined,"[""log_vix"", ""vol20"", ""drawdown_60"", ""yield_curve"", ""h1_entropy_normalized"", ""h1_total_per_asset"", ""w2_per_sqrt_asset""]",1.0,0,lr,0.19237039323309302,2090,118
loss10,2016,market_xgb/C=2,market_xgb,"[""log_vix"", ""vol20"", ""drawdown_60"", ""yield_curve""]",2.0,0,xgb,0.10655893996983154,2090,118
loss10,2016,market_xgb/C=3,market_xgb,"[""log_vix"", ""vol20"", ""drawdown_60"", ""yield_curve""]",3.0,0,xgb,0.10423291771450396,2090,118
loss10,2016,market_xgb/C=4,market_xgb,"[""log_vix"", ""vol20"", ""drawdown_60"", ""yield_curve""]",4.0,0,xgb,0.10465967657660305,2090,118
loss10,2016,topology_xgb/C=2,topology_xgb,"[""h1_entropy_normalized"", ""h1_total_per_asset"", ""w2_per_sqrt_asset""]",2.0,0,xgb,0.1250199706946102,2090,118
loss10,2016,topology_xgb/C=3,topology_xgb,"[""h1_entropy_normalized"", ""h1_total_per_asset"", ""w2_per_sqrt_asset""]",3.0,0,xgb,0.1292112054106093,2090,118
loss10,2016,topology_xgb/C=4,topology_xgb,"[""h1_entropy_normalized"", ""h1_total_per_asset"", ""w2_per_sqrt_asset""]",4.0,0,xgb,0.12893133060216283,2090,118
loss10,2016,combined_xgb/C=2,combined_xgb,"[""log_vix"", ""vol20"", ""drawdown_60"", ""yield_curve"", ""h1_entropy_normalized"", ""h1_total_per_asset"", ""w2_per_sqrt_asset""]",2.0,0,xgb,0.10986271850652482,2090,118
loss10,2016,combined_xgb/C=3,combined_xgb,"[""log_vix"", ""vol20"", ""drawdown_60"", ""yield_curve"", ""h1_entropy_normalized"", ""h1_total_per_asset"", ""w2_per_sqrt_asset""]",3.0,0,xgb,0.10742340788028287,2090,118
loss10,2016,combined_xgb/C=4,combined_xgb,"[""log_vix"", ""vol20"", ""drawdown_60"", ""yield_curve"", ""h1_entropy_normalized"", ""h1_total_per_asset"", ""w2_per_sqrt_asset""]",4.0,0,xgb,0.10634872638568602,2090,118
loss10,2017,market/C=0.01,market,"[""log_vix"", ""vol20"", ""drawdown_60"", ""yield_curve""]",0.01,0,lr,0.257903132016916,2241,134
loss10,2017,market/C=0.1,market,"[""log_vix"", ""vol20"", ""drawdown_60"", ""yield_curve""]",0.1,0,lr,0.1658394725395596,2241,134
loss10,2017,market/C=1.0,market,"[""log_vix"", ""vol20"", ""drawdown_60"", ""yield_curve""]",1.0,0,lr,0.11576639612624728,2241,134
loss10,2017,topology/C=0.01,topology,"[""h1_entropy_normalized"", ""h1_total_per_asset"", ""w2_per_sqrt_asset""]",0.01,0,lr,0.05848342525935681,2241,134
loss10,2017,topology/C=0.1,topology,"[""h1_entropy_normalized"", ""h1_total_per_asset"", ""w2_per_sqrt_asset""]",0.1,0,lr,0.06975710595931166,2241,134
loss10,2017,topology/C=1.0,topology,"[""h1_entropy_normalized"", ""h1_total_per_asset"", ""w2_per_sqrt_asset""]",1.0,0,lr,0.07283046157313047,2241,134
loss10,2017,combined/C=0.01,combined,"[""log_vix"", ""vol20"", ""drawdown_60"", ""yield_curve"", ""h1_entropy_normalized"", ""h1_total_per_asset"", ""w2_per_sqrt_asset""]",0.01,0,lr,0.26267906657032203,2241,134
loss10,2017,combined/C=0.1,combined,"[""log_vix"", ""vol20"", ""drawdown_60"", ""yield_curve"", ""h1_entropy_normalized"", ""h1_total_per_asset"", ""w2_per_sqrt_asset""]",0.1,0,lr,0.2154905859283836,2241,134
loss10,2017,combined/C=1.0,combined,"[""log_vix"", ""vol20"", ""drawdown_60"", ""yield_curve"", ""h1_entropy_normalized"", ""h1_total_per_asset"", ""w2_per_sqrt_asset""]",1.0,0,lr,0.18518755935255915,2241,134
loss10,2017,market_xgb/C=2,market_xgb,"[""log_vix"", ""vol20"", ""drawdown_60"", ""yield_curve""]",2.0,0,xgb,0.09763004558589879,2241,134
loss10,2017,market_xgb/C=3,market_xgb,"[""log_vix"", ""vol20"", ""drawdown_60"", ""yield_curve""]",3.0,0,xgb,0.09484437833185021,2241,134
loss10,2017,market_xgb/C=4,market_xgb,"[""log_vix"", ""vol20"", ""drawdown_60"", ""yield_curve""]",4.0,0,xgb,0.09467516143817342,2241,134
loss10,2017,topology_xgb/C=2,topology_xgb,"[""h1_entropy_normalized"", ""h1_total_per_asset"", ""w2_per_sqrt_asset""]",2.0,0,xgb,0.10494004661420803,2241,134
loss10,2017,topology_xgb/C=3,topology_xgb,"[""h1_entropy_normalized"", ""h1_total_per_asset"", ""w2_per_sqrt_asset""]",3.0,0,xgb,0.10913619662110141,2241,134
loss10,2017,topology_xgb/C=4,topology_xgb,"[""h1_entropy_normalized"", ""h1_total_per_asset"", ""w2_per_sqrt_asset""]",4.0,0,xgb,0.11278252760609941,2241,134
loss10,2017,combined_xgb/C=2,combined_xgb,"[""log_vix"", ""vol20"", ""drawdown_60"", ""yield_curve"", ""h1_entropy_normalized"", ""h1_total_per_asset"", ""w2_per_sqrt_asset""]",2.0,0,xgb,0.10158804364728857,2241,134
loss10,2017,combined_xgb/C=3,combined_xgb,"[""log_vix"", ""vol20"", ""drawdown_60"", ""yield_curve"", ""h1_entropy_normalized"", ""h1_total_per_asset"", ""w2_per_sqrt_asset""]",3.0,0,xgb,0.09526604637992261,2241,134
loss10,2017,combined_xgb/C=4,combined_xgb,"[""log_vix"", ""vol20"", ""drawdown_60"", ""yield_curve"", ""h1_entropy_normalized"", ""h1_total_per_asset"", ""w2_per_sqrt_asset""]",4.0,0,xgb,0.09428829002938847,2241,134
loss10,2018,market/C=0.01,market,"[""log_vix"", ""vol20"", ""drawdown_60"", ""yield_curve""]",0.01,0,lr,0.2539851896182636,2391,135
loss10,2018,market/C=0.1,market,"[""log_vix"", ""vol20"", ""drawdown_60"", ""yield_curve""]",0.1,0,lr,0.1673153400459741,2391,135
loss10,2018,market/C=1.0,market,"[""log_vix"", ""vol20"", ""drawdown_60"", ""yield_curve""]",1.0,0,lr,0.11291368464620921,2391,135
loss10,2018,topology/C=0.01,topology,"[""h1_entropy_normalized"", ""h1_total_per_asset"", ""w2_per_sqrt_asset""]",0.01,0,lr,0.044568981720574136,2391,135
loss10,2018,topology/C=0.1,topology,"[""h1_entropy_normalized"", ""h1_total_per_asset"", ""w2_per_sqrt_asset""]",0.1,0,lr,0.05562749129267354,2391,135
loss10,2018,topology/C=1.0,topology,"[""h1_entropy_normalized"", ""h1_total_per_asset"", ""w2_per_sqrt_asset""]",1.0,0,lr,0.05958140305146904,2391,135
loss10,2018,combined/C=0.01,combined,"[""log_vix"", ""vol20"", ""drawdown_60"", ""yield_curve"", ""h1_entropy_normalized"", ""h1_total_per_asset"", ""w2_per_sqrt_asset""]",0.01,0,lr,0.25792335938927863,2391,135
loss10,2018,combined/C=0.1,combined,"[""log_vix"", ""vol20"", ""drawdown_60"", ""yield_curve"", ""h1_entropy_normalized"", ""h1_total_per_asset"", ""w2_per_sqrt_asset""]",0.1,0,lr,0.2044707458471834,2391,135
loss10,2018,combined/C=1.0,combined,"[""log_vix"", ""vol20"", ""drawdown_60"", ""yield_curve"", ""h1_entropy_normalized"", ""h1_total_per_asset"", ""w2_per_sqrt_asset""]",1.0,0,lr,0.17242599400218567,2391,135
loss10,2018,market_xgb/C=2,market_xgb,"[""log_vix"", ""vol20"", ""drawdown_60"", ""yield_curve""]",2.0,0,xgb,0.08585367301350759,2391,135
loss10,2018,market_xgb/C=3,market_xgb,"[""log_vix"", ""vol20"", ""drawdown_60"", ""yield_curve""]",3.0,0,xgb,0.08693560111361223,2391,135
loss10,2018,market_xgb/C=4,market_xgb,"[""log_vix"", ""vol20"", ""drawdown_60"", ""yield_curve""]",4.0,0,xgb,0.08684663545697564,2391,135
loss10,2018,topology_xgb/C=2,topology_xgb,"[""h1_entropy_normalized"", ""h1_total_per_asset"", ""w2_per_sqrt_asset""]",2.0,0,xgb,0.08612608503478002,2391,135
loss10,2018,topology_xgb/C=3,topology_xgb,"[""h1_entropy_normalized"", ""h1_total_per_asset"", ""w2_per_sqrt_asset""]",3.0,0,xgb,0.08938605865021355,2391,135
loss10,2018,topology_xgb/C=4,topology_xgb,"[""h1_entropy_normalized"", ""h1_total_per_asset"", ""w2_per_sqrt_asset""]",4.0,0,xgb,0.08934031725739085,2391,135
loss10,2018,combined_xgb/C=2,combined_xgb,"[""log_vix"", ""vol20"", ""drawdown_60"", ""yield_curve"", ""h1_entropy_normalized"", ""h1_total_per_asset"", ""w2_per_sqrt_asset""]",2.0,0,xgb,0.09054751802580319,2391,135
loss10,2018,combined_xgb/C=3,combined_xgb,"[""log_vix"", ""vol20"", ""drawdown_60"", ""yield_curve"", ""h1_entropy_normalized"", ""h1_total_per_asset"", ""w2_per_sqrt_asset""]",3.0,0,xgb,0.08952011279266943,2391,135
loss10,2018,combined_xgb/C=4,combined_xgb,"[""log_vix"", ""vol20"", ""drawdown_60"", ""yield_curve"", ""h1_entropy_normalized"", ""h1_total_per_asset"", ""w2_per_sqrt_asset""]",4.0,0,xgb,0.09097904667390642,2391,135
loss10,2019,market/C=0.01,market,"[""log_vix"", ""vol20"", ""drawdown_60"", ""yield_curve""]",0.01,0,lr,0.25703940012192933,2542,135
loss10,2019,market/C=0.1,market,"[""log_vix"", ""vol20"", ""drawdown_60"", ""yield_curve""]",0.1,0,lr,0.16976748414676054,2542,135
loss10,2019,market/C=1.0,market,"[""log_vix"", ""vol20"", ""drawdown_60"", ""yield_curve""]",1.0,0,lr,0.1154817904086664,2542,135
loss10,2019,topology/C=0.01,topology,"[""h1_entropy_normalized"", ""h1_total_per_asset"", ""w2_per_sqrt_asset""]",0.01,0,lr,0.04595837545989591,2542,135
loss10,2019,topology/C=0.1,topology,"[""h1_entropy_normalized"", ""h1_total_per_asset"", ""w2_per_sqrt_asset""]",0.1,0,lr,0.05536435675139516,2542,135
loss10,2019,topology/C=1.0,topology,"[""h1_entropy_normalized"", ""h1_total_per_asset"", ""w2_per_sqrt_asset""]",1.0,0,lr,0.0584922656762689,2542,135
loss10,2019,combined/C=0.01,combined,"[""log_vix"", ""vol20"", ""drawdown_60"", ""yield_curve"", ""h1_entropy_normalized"", ""h1_total_per_asset"", ""w2_per_sqrt_asset""]",0.01,0,lr,0.2617983908901029,2542,135
loss10,2019,combined/C=0.1,combined,"[""log_vix"", ""vol20"", ""drawdown_60"", ""yield_curve"", ""h1_entropy_normalized"", ""h1_total_per_asset"", ""w2_per_sqrt_asset""]",0.1,0,lr,0.20818729392253,2542,135
loss10,2019,combined/C=1.0,combined,"[""log_vix"", ""vol20"", ""drawdown_60"", ""yield_curve"", ""h1_entropy_normalized"", ""h1_total_per_asset"", ""w2_per_sqrt_asset""]",1.0,0,lr,0.1779896064816642,2542,135
loss10,2019,market_xgb/C=2,market_xgb,"[""log_vix"", ""vol20"", ""drawdown_60"", ""yield_curve""]",2.0,0,xgb,0.09298009032110341,2542,135
loss10,2019,market_xgb/C=3,market_xgb,"[""log_vix"", ""vol20"", ""drawdown_60"", ""yield_curve""]",3.0,0,xgb,0.09623077948461647,2542,135
loss10,2019,market_xgb/C=4,market_xgb,"[""log_vix"", ""vol20"", ""drawdown_60"", ""yield_curve""]",4.0,0,xgb,0.09795888499397104,2542,135
loss10,2019,topology_xgb/C=2,topology_xgb,"[""h1_entropy_normalized"", ""h1_total_per_asset"", ""w2_per_sqrt_asset""]",2.0,0,xgb,0.08617383999480371,2542,135
loss10,2019,topology_xgb/C=3,topology_xgb,"[""h1_entropy_normalized"", ""h1_total_per_asset"", ""w2_per_sqrt_asset""]",3.0,0,xgb,0.08848405125065688,2542,135
loss10,2019,topology_xgb/C=4,topology_xgb,"[""h1_entropy_normalized"", ""h1_total_per_asset"", ""w2_per_sqrt_asset""]",4.0,0,xgb,0.08892501879633012,2542,135
loss10,2019,combined_xgb/C=2,combined_xgb,"[""log_vix"", ""vol20"", ""drawdown_60"", ""yield_curve"", ""h1_entropy_normalized"", ""h1_total_per_asset"", ""w2_per_sqrt_asset""]",2.0,0,xgb,0.09853815445935615,2542,135
loss10,2019,combined_xgb/C=3,combined_xgb,"[""log_vix"", ""vol20"", ""drawdown_60"", ""yield_curve"", ""h1_entropy_normalized"", ""h1_total_per_asset"", ""w2_per_sqrt_asset""]",3.0,0,xgb,0.10036436904549395,2542,135
loss10,2019,combined_xgb/C=4,combined_xgb,"[""log_vix"", ""vol20"", ""drawdown_60"", ""yield_curve"", ""h1_entropy_normalized"", ""h1_total_per_asset"", ""w2_per_sqrt_asset""]",4.0,0,xgb,0.10335418709920532,2542,135
loss10,2020,market/C=0.01,market,"[""log_vix"", ""vol20"", ""drawdown_60"", ""yield_curve""]",0.01,0,lr,0.26628303215038734,2693,129
loss10,2020,market/C=0.1,market,"[""log_vix"", ""vol20"", ""drawdown_60"", ""yield_curve""]",0.1,0,lr,0.1904470427249299,2693,129
loss10,2020,market/C=1.0,market,"[""log_vix"", ""vol20"", ""drawdown_60"", ""yield_curve""]",1.0,0,lr,0.1415463035672061,2693,129
loss10,2020,topology/C=0.01,topology,"[""h1_entropy_normalized"", ""h1_total_per_asset"", ""w2_per_sqrt_asset""]",0.01,0,lr,0.05041777885011778,2693,129
loss10,2020,topology/C=0.1,topology,"[""h1_entropy_normalized"", ""h1_total_per_asset"", ""w2_per_sqrt_asset""]",0.1,0,lr,0.06088396496538641,2693,129
loss10,2020,topology/C=1.0,topology,"[""h1_entropy_normalized"", ""h1_total_per_asset"", ""w2_per_sqrt_asset""]",1.0,0,lr,0.06419531914004806,2693,129
loss10,2020,combined/C=0.01,combined,"[""log_vix"", ""vol20"", ""drawdown_60"", ""yield_curve"", ""h1_entropy_normalized"", ""h1_total_per_asset"", ""w2_per_sqrt_asset""]",0.01,0,lr,0.27052731627113663,2693,129
loss10,2020,combined/C=0.1,combined,"[""log_vix"", ""vol20"", ""drawdown_60"", ""yield_curve"", ""h1_entropy_normalized"", ""h1_total_per_asset"", ""w2_per_sqrt_asset""]",0.1,0,lr,0.22108628141643755,2693,129
loss10,2020,combined/C=1.0,combined,"[""log_vix"", ""vol20"", ""drawdown_60"", ""yield_curve"", ""h1_entropy_normalized"", ""h1_total_per_asset"", ""w2_per_sqrt_asset""]",1.0,0,lr,0.1950569920216124,2693,129
loss10,2020,market_xgb/C=2,market_xgb,"[""log_vix"", ""vol20"", ""drawdown_60"", ""yield_curve""]",2.0,0,xgb,0.10534906738420746,2693,129
loss10,2020,market_xgb/C=3,market_xgb,"[""log_vix"", ""vol20"", ""drawdown_60"", ""yield_curve""]",3.0,0,xgb,0.10369323457718091,2693,129
loss10,2020,market_xgb/C=4,market_xgb,"[""log_vix"", ""vol20"", ""drawdown_60"", ""yield_curve""]",4.0,0,xgb,0.10503395275035271,2693,129
loss10,2020,topology_xgb/C=2,topology_xgb,"[""h1_entropy_normalized"", ""h1_total_per_asset"", ""w2_per_sqrt_asset""]",2.0,0,xgb,0.09908705591826807,2693,129
loss10,2020,topology_xgb/C=3,topology_xgb,"[""h1_entropy_normalized"", ""h1_total_per_asset"", ""w2_per_sqrt_asset""]",3.0,0,xgb,0.09949274409715991,2693,129
loss10,2020,topology_xgb/C=4,topology_xgb,"[""h1_entropy_normalized"", ""h1_total_per_asset"", ""w2_per_sqrt_asset""]",4.0,0,xgb,0.09942095516917801,2693,129
loss10,2020,combined_xgb/C=2,combined_xgb,"[""log_vix"", ""vol20"", ""drawdown_60"", ""yield_curve"", ""h1_entropy_normalized"", ""h1_total_per_asset"", ""w2_per_sqrt_asset""]",2.0,0,xgb,0.12526794186670387,2693,129
loss10,2020,combined_xgb/C=3,combined_xgb,"[""log_vix"", ""vol20"", ""drawdown_60"", ""yield_curve"", ""h1_entropy_normalized"", ""h1_total_per_asset"", ""w2_per_sqrt_asset""]",3.0,0,xgb,0.1359334561847103,2693,129
loss10,2020,combined_xgb/C=4,combined_xgb,"[""log_vix"", ""vol20"", ""drawdown_60"", ""yield_curve"", ""h1_entropy_normalized"", ""h1_total_per_asset"", ""w2_per_sqrt_asset""]",4.0,0,xgb,0.13144719104100822,2693,129
loss10,2021,market/C=0.01,market,"[""log_vix"", ""vol20"", ""drawdown_60"", ""yield_curve""]",0.01,0,lr,0.2627655413420126,2845,141
loss10,2021,market/C=0.1,market,"[""log_vix"", ""vol20"", ""drawdown_60"", ""yield_curve""]",0.1,0,lr,0.20162737404761483,2845,141
loss10,2021,market/C=1.0,market,"[""log_vix"", ""vol20"", ""drawdown_60"", ""yield_curve""]",1.0,0,lr,0.1591841812465309,2845,141
loss10,2021,topology/C=0.01,topology,"[""h1_entropy_normalized"", ""h1_total_per_asset"", ""w2_per_sqrt_asset""]",0.01,0,lr,0.05411926178564302,2845,141
loss10,2021,topology/C=0.1,topology,"[""h1_entropy_normalized"", ""h1_total_per_asset"", ""w2_per_sqrt_asset""]",0.1,0,lr,0.06261534694527267,2845,141
loss10,2021,topology/C=1.0,topology,"[""h1_entropy_normalized"", ""h1_total_per_asset"", ""w2_per_sqrt_asset""]",1.0,0,lr,0.06485990933280984,2845,141
loss10,2021,combined/C=0.01,combined,"[""log_vix"", ""vol20"", ""drawdown_60"", ""yield_curve"", ""h1_entropy_normalized"", ""h1_total_per_asset"", ""w2_per_sqrt_asset""]",0.01,0,lr,0.26838128191598704,2845,141
loss10,2021,combined/C=0.1,combined,"[""log_vix"", ""vol20"", ""drawdown_60"", ""yield_curve"", ""h1_entropy_normalized"", ""h1_total_per_asset"", ""w2_per_sqrt_asset""]",0.1,0,lr,0.22830869958522865,2845,141
loss10,2021,combined/C=1.0,combined,"[""log_vix"", ""vol20"", ""drawdown_60"", ""yield_curve"", ""h1_entropy_normalized"", ""h1_total_per_asset"", ""w2_per_sqrt_asset""]",1.0,0,lr,0.20471624855320714,2845,141
loss10,2021,market_xgb/C=2,market_xgb,"[""log_vix"", ""vol20"", ""drawdown_60"", ""yield_curve""]",2.0,0,xgb,0.1319844042181492,2845,141
loss10,2021,market_xgb/C=3,market_xgb,"[""log_vix"", ""vol20"", ""drawdown_60"", ""yield_curve""]",3.0,0,xgb,0.13675118142421722,2845,141
loss10,2021,market_xgb/C=4,market_xgb,"[""log_vix"", ""vol20"", ""drawdown_60"", ""yield_curve""]",4.0,0,xgb,0.13827489197404694,2845,141
loss10,2021,topology_xgb/C=2,topology_xgb,"[""h1_entropy_normalized"", ""h1_total_per_asset"", ""w2_per_sqrt_asset""]",2.0,0,xgb,0.09550182561635931,2845,141
loss10,2021,topology_xgb/C=3,topology_xgb,"[""h1_entropy_normalized"", ""h1_total_per_asset"", ""w2_per_sqrt_asset""]",3.0,0,xgb,0.09511417171316722,2845,141
loss10,2021,topology_xgb/C=4,topology_xgb,"[""h1_entropy_normalized"", ""h1_total_per_asset"", ""w2_per_sqrt_asset""]",4.0,0,xgb,0.09421087726976324,2845,141
loss10,2021,combined_xgb/C=2,combined_xgb,"[""log_vix"", ""vol20"", ""drawdown_60"", ""yield_curve"", ""h1_entropy_normalized"", ""h1_total_per_asset"", ""w2_per_sqrt_asset""]",2.0,0,xgb,0.15818615427071142,2845,141
loss10,2021,combined_xgb/C=3,combined_xgb,"[""log_vix"", ""vol20"", ""drawdown_60"", ""yield_curve"", ""h1_entropy_normalized"", ""h1_total_per_asset"", ""w2_per_sqrt_asset""]",3.0,0,xgb,0.17204705431509792,2845,141
loss10,2021,combined_xgb/C=4,combined_xgb,"[""log_vix"", ""vol20"", ""drawdown_60"", ""yield_curve"", ""h1_entropy_normalized"", ""h1_total_per_asset"", ""w2_per_sqrt_asset""]",4.0,0,xgb,0.16559352492880153,2845,141
loss10,2022,market/C=0.01,market,"[""log_vix"", ""vol20"", ""drawdown_60"", ""yield_curve""]",0.01,0,lr,0.09721569666124626,2996,114
loss10,2022,market/C=0.1,market,"[""log_vix"", ""vol20"", ""drawdown_60"", ""yield_curve""]",0.1,0,lr,0.10671599112543614,2996,114
loss10,2022,market/C=1.0,market,"[""log_vix"", ""vol20"", ""drawdown_60"", ""yield_curve""]",1.0,0,lr,0.11341955719839737,2996,114
loss10,2022,topology/C=0.01,topology,"[""h1_entropy_normalized"", ""h1_total_per_asset"", ""w2_per_sqrt_asset""]",0.01,0,lr,0.05046143813630737,2996,114
loss10,2022,topology/C=0.1,topology,"[""h1_entropy_normalized"", ""h1_total_per_asset"", ""w2_per_sqrt_asset""]",0.1,0,lr,0.05369094530143162,2996,114
loss10,2022,topology/C=1.0,topology,"[""h1_entropy_normalized"", ""h1_total_per_asset"", ""w2_per_sqrt_asset""]",1.0,0,lr,0.05461494972098677,2996,114
loss10,2022,combined/C=0.01,combined,"[""log_vix"", ""vol20"", ""drawdown_60"", ""yield_curve"", ""h1_entropy_normalized"", ""h1_total_per_asset"", ""w2_per_sqrt_asset""]",0.01,0,lr,0.09244587206030784,2996,114
loss10,2022,combined/C=0.1,combined,"[""log_vix"", ""vol20"", ""drawdown_60"", ""yield_curve"", ""h1_entropy_normalized"", ""h1_total_per_asset"", ""w2_per_sqrt_asset""]",0.1,0,lr,0.10031663993791644,2996,114
loss10,2022,combined/C=1.0,combined,"[""log_vix"", ""vol20"", ""drawdown_60"", ""yield_curve"", ""h1_entropy_normalized"", ""h1_total_per_asset"", ""w2_per_sqrt_asset""]",1.0,0,lr,0.10733428471763172,2996,114
loss10,2022,market_xgb/C=2,market_xgb,"[""log_vix"", ""vol20"", ""drawdown_60"", ""yield_curve""]",2.0,0,xgb,0.13181032454077946,2996,114
loss10,2022,market_xgb/C=3,market_xgb,"[""log_vix"", ""vol20"", ""drawdown_60"", ""yield_curve""]",3.0,0,xgb,0.12785097697711328,2996,114
loss10,2022,market_xgb/C=4,market_xgb,"[""log_vix"", ""vol20"", ""drawdown_60"", ""yield_curve""]",4.0,0,xgb,0.1276806483107788,2996,114
loss10,2022,topology_xgb/C=2,topology_xgb,"[""h1_entropy_normalized"", ""h1_total_per_asset"", ""w2_per_sqrt_asset""]",2.0,0,xgb,0.060739703162120386,2996,114
loss10,2022,topology_xgb/C=3,topology_xgb,"[""h1_entropy_normalized"", ""h1_total_per_asset"", ""w2_per_sqrt_asset""]",3.0,0,xgb,0.05753582683599564,2996,114
loss10,2022,topology_xgb/C=4,topology_xgb,"[""h1_entropy_normalized"", ""h1_total_per_asset"", ""w2_per_sqrt_asset""]",4.0,0,xgb,0.06218765566765618,2996,114
loss10,2022,combined_xgb/C=2,combined_xgb,"[""log_vix"", ""vol20"", ""drawdown_60"", ""yield_curve"", ""h1_entropy_normalized"", ""h1_total_per_asset"", ""w2_per_sqrt_asset""]",2.0,0,xgb,0.07334985750043849,2996,114
loss10,2022,combined_xgb/C=3,combined_xgb,"[""log_vix"", ""vol20"", ""drawdown_60"", ""yield_curve"", ""h1_entropy_normalized"", ""h1_total_per_asset"", ""w2_per_sqrt_asset""]",3.0,0,xgb,0.07038398572366188,2996,114
loss10,2022,combined_xgb/C=4,combined_xgb,"[""log_vix"", ""vol20"", ""drawdown_60"", ""yield_curve"", ""h1_entropy_normalized"", ""h1_total_per_asset"", ""w2_per_sqrt_asset""]",4.0,0,xgb,0.06814954945577234,2996,114
loss10,2023,market/C=0.01,market,"[""log_vix"", ""vol20"", ""drawdown_60"", ""yield_curve""]",0.01,0,lr,0.046750826419932494,3147,86
loss10,2023,market/C=0.1,market,"[""log_vix"", ""vol20"", ""drawdown_60"", ""yield_curve""]",0.1,0,lr,0.05972249126772766,3147,86
loss10,2023,market/C=1.0,market,"[""log_vix"", ""vol20"", ""drawdown_60"", ""yield_curve""]",1.0,0,lr,0.06185809811299964,3147,86
loss10,2023,topology/C=0.01,topology,"[""h1_entropy_normalized"", ""h1_total_per_asset"", ""w2_per_sqrt_asset""]",0.01,0,lr,0.027323702385987966,3147,86
loss10,2023,topology/C=0.1,topology,"[""h1_entropy_normalized"", ""h1_total_per_asset"", ""w2_per_sqrt_asset""]",0.1,0,lr,0.02935736673711605,3147,86
loss10,2023,topology/C=1.0,topology,"[""h1_entropy_normalized"", ""h1_total_per_asset"", ""w2_per_sqrt_asset""]",1.0,0,lr,0.029925370577035065,3147,86
loss10,2023,combined/C=0.01,combined,"[""log_vix"", ""vol20"", ""drawdown_60"", ""yield_curve"", ""h1_entropy_normalized"", ""h1_total_per_asset"", ""w2_per_sqrt_asset""]",0.01,0,lr,0.04282089913622293,3147,86
loss10,2023,combined/C=0.1,combined,"[""log_vix"", ""vol20"", ""drawdown_60"", ""yield_curve"", ""h1_entropy_normalized"", ""h1_total_per_asset"", ""w2_per_sqrt_asset""]",0.1,0,lr,0.04480673222566455,3147,86
loss10,2023,combined/C=1.0,combined,"[""log_vix"", ""vol20"", ""drawdown_60"", ""yield_curve"", ""h1_entropy_normalized"", ""h1_total_per_asset"", ""w2_per_sqrt_asset""]",1.0,0,lr,0.04873095607258642,3147,86
loss10,2023,market_xgb/C=2,market_xgb,"[""log_vix"", ""vol20"", ""drawdown_60"", ""yield_curve""]",2.0,0,xgb,0.057332263895791186,3147,86
loss10,2023,market_xgb/C=3,market_xgb,"[""log_vix"", ""vol20"", ""drawdown_60"", ""yield_curve""]",3.0,0,xgb,0.05690665120124758,3147,86
loss10,2023,market_xgb/C=4,market_xgb,"[""log_vix"", ""vol20"", ""drawdown_60"", ""yield_curve""]",4.0,0,xgb,0.05996088917279106,3147,86
loss10,2023,topology_xgb/C=2,topology_xgb,"[""h1_entropy_normalized"", ""h1_total_per_asset"", ""w2_per_sqrt_asset""]",2.0,0,xgb,0.03788608324920123,3147,86
loss10,2023,topology_xgb/C=3,topology_xgb,"[""h1_entropy_normalized"", ""h1_total_per_asset"", ""w2_per_sqrt_asset""]",3.0,0,xgb,0.04412060417156836,3147,86
loss10,2023,topology_xgb/C=4,topology_xgb,"[""h1_entropy_normalized"", ""h1_total_per_asset"", ""w2_per_sqrt_asset""]",4.0,0,xgb,0.0414642722804501,3147,86
loss10,2023,combined_xgb/C=2,combined_xgb,"[""log_vix"", ""vol20"", ""drawdown_60"", ""yield_curve"", ""h1_entropy_normalized"", ""h1_total_per_asset"", ""w2_per_sqrt_asset""]",2.0,0,xgb,0.038217126390357486,3147,86
loss10,2023,combined_xgb/C=3,combined_xgb,"[""log_vix"", ""vol20"", ""drawdown_60"", ""yield_curve"", ""h1_entropy_normalized"", ""h1_total_per_asset"", ""w2_per_sqrt_asset""]",3.0,0,xgb,0.037527575581680565,3147,86
loss10,2023,combined_xgb/C=4,combined_xgb,"[""log_vix"", ""vol20"", ""drawdown_60"", ""yield_curve"", ""h1_entropy_normalized"", ""h1_total_per_asset"", ""w2_per_sqrt_asset""]",4.0,0,xgb,0.036240598288821986,3147,86
loss10,2024,market/C=0.01,market,"[""log_vix"", ""vol20"", ""drawdown_60"", ""yield_curve""]",0.01,0,lr,0.05481701584185421,3297,106
loss10,2024,market/C=0.1,market,"[""log_vix"", ""vol20"", ""drawdown_60"", ""yield_curve""]",0.1,0,lr,0.06335767048163236,3297,106
loss10,2024,market/C=1.0,market,"[""log_vix"", ""vol20"", ""drawdown_60"", ""yield_curve""]",1.0,0,lr,0.06373037459650992,3297,106
loss10,2024,topology/C=0.01,topology,"[""h1_entropy_normalized"", ""h1_total_per_asset"", ""w2_per_sqrt_asset""]",0.01,0,lr,0.0317402518158998,3297,106
loss10,2024,topology/C=0.1,topology,"[""h1_entropy_normalized"", ""h1_total_per_asset"", ""w2_per_sqrt_asset""]",0.1,0,lr,0.033805533190863574,3297,106
loss10,2024,topology/C=1.0,topology,"[""h1_entropy_normalized"", ""h1_total_per_asset"", ""w2_per_sqrt_asset""]",1.0,0,lr,0.03437666821718344,3297,106
loss10,2024,combined/C=0.01,combined,"[""log_vix"", ""vol20"", ""drawdown_60"", ""yield_curve"", ""h1_entropy_normalized"", ""h1_total_per_asset"", ""w2_per_sqrt_asset""]",0.01,0,lr,0.05029154963297734,3297,106
loss10,2024,combined/C=0.1,combined,"[""log_vix"", ""vol20"", ""drawdown_60"", ""yield_curve"", ""h1_entropy_normalized"", ""h1_total_per_asset"", ""w2_per_sqrt_asset""]",0.1,0,lr,0.050415014961653515,3297,106
loss10,2024,combined/C=1.0,combined,"[""log_vix"", ""vol20"", ""drawdown_60"", ""yield_curve"", ""h1_entropy_normalized"", ""h1_total_per_asset"", ""w2_per_sqrt_asset""]",1.0,0,lr,0.050518280497813886,3297,106
loss10,2024,market_xgb/C=2,market_xgb,"[""log_vix"", ""vol20"", ""drawdown_60"", ""yield_curve""]",2.0,0,xgb,0.056413880958600254,3297,106
loss10,2024,market_xgb/C=3,market_xgb,"[""log_vix"", ""vol20"", ""drawdown_60"", ""yield_curve""]",3.0,0,xgb,0.054752238975002684,3297,106
loss10,2024,market_xgb/C=4,market_xgb,"[""log_vix"", ""vol20"", ""drawdown_60"", ""yield_curve""]",4.0,0,xgb,0.05400430314656421,3297,106
loss10,2024,topology_xgb/C=2,topology_xgb,"[""h1_entropy_normalized"", ""h1_total_per_asset"", ""w2_per_sqrt_asset""]",2.0,0,xgb,0.05328467483541066,3297,106
loss10,2024,topology_xgb/C=3,topology_xgb,"[""h1_entropy_normalized"", ""h1_total_per_asset"", ""w2_per_sqrt_asset""]",3.0,0,xgb,0.05272048162717178,3297,106
loss10,2024,topology_xgb/C=4,topology_xgb,"[""h1_entropy_normalized"", ""h1_total_per_asset"", ""w2_per_sqrt_asset""]",4.0,0,xgb,0.05327625094747141,3297,106
loss10,2024,combined_xgb/C=2,combined_xgb,"[""log_vix"", ""vol20"", ""drawdown_60"", ""yield_curve"", ""h1_entropy_normalized"", ""h1_total_per_asset"", ""w2_per_sqrt_asset""]",2.0,0,xgb,0.04482618603456656,3297,106
loss10,2024,combined_xgb/C=3,combined_xgb,"[""log_vix"", ""vol20"", ""drawdown_60"", ""yield_curve"", ""h1_entropy_normalized"", ""h1_total_per_asset"", ""w2_per_sqrt_asset""]",3.0,0,xgb,0.042652408971659395,3297,106
loss10,2024,combined_xgb/C=4,combined_xgb,"[""log_vix"", ""vol20"", ""drawdown_60"", ""yield_curve"", ""h1_entropy_normalized"", ""h1_total_per_asset"", ""w2_per_sqrt_asset""]",4.0,0,xgb,0.04076931210894927,3297,106
loss075,2007,market/C=0.01,market,"[""log_vix"", ""vol20"", ""drawdown_60"", ""yield_curve""]",0.01,0,lr,0.012460940407652442,730,12
loss075,2007,market/C=0.1,market,"[""log_vix"", ""vol20"", ""drawdown_60"", ""yield_curve""]",0.1,0,lr,0.009199724361897471,730,12
loss075,2007,market/C=1.0,market,"[""log_vix"", ""vol20"", ""drawdown_60"", ""yield_curve""]",1.0,0,lr,0.009061645319018,730,12
loss075,2007,topology/C=0.01,topology,"[""h1_entropy_normalized"", ""h1_total_per_asset"", ""w2_per_sqrt_asset""]",0.01,0,lr,0.023178205705948113,730,12
loss075,2007,topology/C=0.1,topology,"[""h1_entropy_normalized"", ""h1_total_per_asset"", ""w2_per_sqrt_asset""]",0.1,0,lr,0.023875369908457907,730,12
loss075,2007,topology/C=1.0,topology,"[""h1_entropy_normalized"", ""h1_total_per_asset"", ""w2_per_sqrt_asset""]",1.0,0,lr,0.023831577214906693,730,12
loss075,2007,combined/C=0.01,combined,"[""log_vix"", ""vol20"", ""drawdown_60"", ""yield_curve"", ""h1_entropy_normalized"", ""h1_total_per_asset"", ""w2_per_sqrt_asset""]",0.01,0,lr,0.012866804864702704,730,12
loss075,2007,combined/C=0.1,combined,"[""log_vix"", ""vol20"", ""drawdown_60"", ""yield_curve"", ""h1_entropy_normalized"", ""h1_total_per_asset"", ""w2_per_sqrt_asset""]",0.1,0,lr,0.010009839382625856,730,12
loss075,2007,combined/C=1.0,combined,"[""log_vix"", ""vol20"", ""drawdown_60"", ""yield_curve"", ""h1_entropy_normalized"", ""h1_total_per_asset"", ""w2_per_sqrt_asset""]",1.0,0,lr,0.009777078118157798,730,12
loss075,2007,market_xgb/C=2,market_xgb,"[""log_vix"", ""vol20"", ""drawdown_60"", ""yield_curve""]",2.0,0,xgb,0.014316289124239897,730,12
loss075,2007,market_xgb/C=3,market_xgb,"[""log_vix"", ""vol20"", ""drawdown_60"", ""yield_curve""]",3.0,0,xgb,0.015981277016110004,730,12
loss075,2007,market_xgb/C=4,market_xgb,"[""log_vix"", ""vol20"", ""drawdown_60"", ""yield_curve""]",4.0,0,xgb,0.016373064880029417,730,12
loss075,2007,topology_xgb/C=2,topology_xgb,"[""h1_entropy_normalized"", ""h1_total_per_asset"", ""w2_per_sqrt_asset""]",2.0,0,xgb,0.059923788534699894,730,12
loss075,2007,topology_xgb/C=3,topology_xgb,"[""h1_entropy_normalized"", ""h1_total_per_asset"", ""w2_per_sqrt_asset""]",3.0,0,xgb,0.05737682323869186,730,12
loss075,2007,topology_xgb/C=4,topology_xgb,"[""h1_entropy_normalized"", ""h1_total_per_asset"", ""w2_per_sqrt_asset""]",4.0,0,xgb,0.056434801198658305,730,12
loss075,2007,combined_xgb/C=2,combined_xgb,"[""log_vix"", ""vol20"", ""drawdown_60"", ""yield_curve"", ""h1_entropy_normalized"", ""h1_total_per_asset"", ""w2_per_sqrt_asset""]",2.0,0,xgb,0.017873511095288938,730,12
loss075,2007,combined_xgb/C=3,combined_xgb,"[""log_vix"", ""vol20"", ""drawdown_60"", ""yield_curve"", ""h1_entropy_normalized"", ""h1_total_per_asset"", ""w2_per_sqrt_asset""]",3.0,0,xgb,0.014890407371523326,730,12
loss075,2007,combined_xgb/C=4,combined_xgb,"[""log_vix"", ""vol20"", ""drawdown_60"", ""yield_curve"", ""h1_entropy_normalized"", ""h1_total_per_asset"", ""w2_per_sqrt_asset""]",4.0,0,xgb,0.015108241630419714,730,12
loss075,2008,market/C=0.01,market,"[""log_vix"", ""vol20"", ""drawdown_60"", ""yield_curve""]",0.01,0,lr,,881,0
loss075,2008,market/C=0.1,market,"[""log_vix"", ""vol20"", ""drawdown_60"", ""yield_curve""]",0.1,0,lr,,881,0
loss075,2008,market/C=1.0,market,"[""log_vix"", ""vol20"", ""drawdown_60"", ""yield_curve""]",1.0,0,lr,,881,0
loss075,2008,topology/C=0.01,topology,"[""h1_entropy_normalized"", ""h1_total_per_asset"", ""w2_per_sqrt_asset""]",0.01,0,lr,,881,0
loss075,2008,topology/C=0.1,topology,"[""h1_entropy_normalized"", ""h1_total_per_asset"", ""w2_per_sqrt_asset""]",0.1,0,lr,,881,0
loss075,2008,topology/C=1.0,topology,"[""h1_entropy_normalized"", ""h1_total_per_asset"", ""w2_per_sqrt_asset""]",1.0,0,lr,,881,0
loss075,2008,combined/C=0.01,combined,"[""log_vix"", ""vol20"", ""drawdown_60"", ""yield_curve"", ""h1_entropy_normalized"", ""h1_total_per_asset"", ""w2_per_sqrt_asset""]",0.01,0,lr,,881,0
loss075,2008,combined/C=0.1,combined,"[""log_vix"", ""vol20"", ""drawdown_60"", ""yield_curve"", ""h1_entropy_normalized"", ""h1_total_per_asset"", ""w2_per_sqrt_asset""]",0.1,0,lr,,881,0
loss075,2008,combined/C=1.0,combined,"[""log_vix"", ""vol20"", ""drawdown_60"", ""yield_curve"", ""h1_entropy_normalized"", ""h1_total_per_asset"", ""w2_per_sqrt_asset""]",1.0,0,lr,,881,0
loss075,2008,market_xgb/C=2,market_xgb,"[""log_vix"", ""vol20"", ""drawdown_60"", ""yield_curve""]",2.0,0,xgb,,881,0
loss075,2008,market_xgb/C=3,market_xgb,"[""log_vix"", ""vol20"", ""drawdown_60"", ""yield_curve""]",3.0,0,xgb,,881,0
loss075,2008,market_xgb/C=4,market_xgb,"[""log_vix"", ""vol20"", ""drawdown_60"", ""yield_curve""]",4.0,0,xgb,,881,0
loss075,2008,topology_xgb/C=2,topology_xgb,"[""h1_entropy_normalized"", ""h1_total_per_asset"", ""w2_per_sqrt_asset""]",2.0,0,xgb,,881,0
loss075,2008,topology_xgb/C=3,topology_xgb,"[""h1_entropy_normalized"", ""h1_total_per_asset"", ""w2_per_sqrt_asset""]",3.0,0,xgb,,881,0
loss075,2008,topology_xgb/C=4,topology_xgb,"[""h1_entropy_normalized"", ""h1_total_per_asset"", ""w2_per_sqrt_asset""]",4.0,0,xgb,,881,0
loss075,2008,combined_xgb/C=2,combined_xgb,"[""log_vix"", ""vol20"", ""drawdown_60"", ""yield_curve"", ""h1_entropy_normalized"", ""h1_total_per_asset"", ""w2_per_sqrt_asset""]",2.0,0,xgb,,881,0
loss075,2008,combined_xgb/C=3,combined_xgb,"[""log_vix"", ""vol20"", ""drawdown_60"", ""yield_curve"", ""h1_entropy_normalized"", ""h1_total_per_asset"", ""w2_per_sqrt_asset""]",3.0,0,xgb,,881,0
loss075,2008,combined_xgb/C=4,combined_xgb,"[""log_vix"", ""vol20"", ""drawdown_60"", ""yield_curve"", ""h1_entropy_normalized"", ""h1_total_per_asset"", ""w2_per_sqrt_asset""]",4.0,0,xgb,,881,0
loss075,2009,market/C=0.01,market,"[""log_vix"", ""vol20"", ""drawdown_60"", ""yield_curve""]",0.01,0,lr,0.007208762418421001,1032,9
loss075,2009,market/C=0.1,market,"[""log_vix"", ""vol20"", ""drawdown_60"", ""yield_curve""]",0.1,0,lr,0.007964017163282756,1032,9
loss075,2009,market/C=1.0,market,"[""log_vix"", ""vol20"", ""drawdown_60"", ""yield_curve""]",1.0,0,lr,0.008371150010021802,1032,9
loss075,2009,topology/C=0.01,topology,"[""h1_entropy_normalized"", ""h1_total_per_asset"", ""w2_per_sqrt_asset""]",0.01,0,lr,0.007522531274420777,1032,9
loss075,2009,topology/C=0.1,topology,"[""h1_entropy_normalized"", ""h1_total_per_asset"", ""w2_per_sqrt_asset""]",0.1,0,lr,0.007431384365090677,1032,9
loss075,2009,topology/C=1.0,topology,"[""h1_entropy_normalized"", ""h1_total_per_asset"", ""w2_per_sqrt_asset""]",1.0,0,lr,0.007418592463907933,1032,9
loss075,2009,combined/C=0.01,combined,"[""log_vix"", ""vol20"", ""drawdown_60"", ""yield_curve"", ""h1_entropy_normalized"", ""h1_total_per_asset"", ""w2_per_sqrt_asset""]",0.01,0,lr,0.00663808231135346,1032,9
loss075,2009,combined/C=0.1,combined,"[""log_vix"", ""vol20"", ""drawdown_60"", ""yield_curve"", ""h1_entropy_normalized"", ""h1_total_per_asset"", ""w2_per_sqrt_asset""]",0.1,0,lr,0.006706909685538153,1032,9
loss075,2009,combined/C=1.0,combined,"[""log_vix"", ""vol20"", ""drawdown_60"", ""yield_curve"", ""h1_entropy_normalized"", ""h1_total_per_asset"", ""w2_per_sqrt_asset""]",1.0,0,lr,0.007024229276309173,1032,9
loss075,2009,market_xgb/C=2,market_xgb,"[""log_vix"", ""vol20"", ""drawdown_60"", ""yield_curve""]",2.0,0,xgb,0.007375754938117743,1032,9
loss075,2009,market_xgb/C=3,market_xgb,"[""log_vix"", ""vol20"", ""drawdown_60"", ""yield_curve""]",3.0,0,xgb,0.008194523408557444,1032,9
loss075,2009,market_xgb/C=4,market_xgb,"[""log_vix"", ""vol20"", ""drawdown_60"", ""yield_curve""]",4.0,0,xgb,0.00861087102519274,1032,9
loss075,2009,topology_xgb/C=2,topology_xgb,"[""h1_entropy_normalized"", ""h1_total_per_asset"", ""w2_per_sqrt_asset""]",2.0,0,xgb,0.005657299035405004,1032,9
loss075,2009,topology_xgb/C=3,topology_xgb,"[""h1_entropy_normalized"", ""h1_total_per_asset"", ""w2_per_sqrt_asset""]",3.0,0,xgb,0.005956095348516161,1032,9
loss075,2009,topology_xgb/C=4,topology_xgb,"[""h1_entropy_normalized"", ""h1_total_per_asset"", ""w2_per_sqrt_asset""]",4.0,0,xgb,0.0058473973410079075,1032,9
loss075,2009,combined_xgb/C=2,combined_xgb,"[""log_vix"", ""vol20"", ""drawdown_60"", ""yield_curve"", ""h1_entropy_normalized"", ""h1_total_per_asset"", ""w2_per_sqrt_asset""]",2.0,0,xgb,0.006493373445901939,1032,9
loss075,2009,combined_xgb/C=3,combined_xgb,"[""log_vix"", ""vol20"", ""drawdown_60"", ""yield_curve"", ""h1_entropy_normalized"", ""h1_total_per_asset"", ""w2_per_sqrt_asset""]",3.0,0,xgb,0.005956655363038208,1032,9
loss075,2009,combined_xgb/C=4,combined_xgb,"[""log_vix"", ""vol20"", ""drawdown_60"", ""yield_curve"", ""h1_entropy_normalized"", ""h1_total_per_asset"", ""w2_per_sqrt_asset""]",4.0,0,xgb,0.006375966478194085,1032,9
loss075,2010,market/C=0.01,market,"[""log_vix"", ""vol20"", ""drawdown_60"", ""yield_curve""]",0.01,0,lr,0.2730788586515583,1184,90
loss075,2010,market/C=0.1,market,"[""log_vix"", ""vol20"", ""drawdown_60"", ""yield_curve""]",0.1,0,lr,0.18306732464052938,1184,90
loss075,2010,market/C=1.0,market,"[""log_vix"", ""vol20"", ""drawdown_60"", ""yield_curve""]",1.0,0,lr,0.07894516383539632,1184,90
loss075,2010,topology/C=0.01,topology,"[""h1_entropy_normalized"", ""h1_total_per_asset"", ""w2_per_sqrt_asset""]",0.01,0,lr,0.06005928375901591,1184,90
loss075,2010,topology/C=0.1,topology,"[""h1_entropy_normalized"", ""h1_total_per_asset"", ""w2_per_sqrt_asset""]",0.1,0,lr,0.0618889163950724,1184,90
loss075,2010,topology/C=1.0,topology,"[""h1_entropy_normalized"", ""h1_total_per_asset"", ""w2_per_sqrt_asset""]",1.0,0,lr,0.06270075360063126,1184,90
loss075,2010,combined/C=0.01,combined,"[""log_vix"", ""vol20"", ""drawdown_60"", ""yield_curve"", ""h1_entropy_normalized"", ""h1_total_per_asset"", ""w2_per_sqrt_asset""]",0.01,0,lr,0.2737124403274511,1184,90
loss075,2010,combined/C=0.1,combined,"[""log_vix"", ""vol20"", ""drawdown_60"", ""yield_curve"", ""h1_entropy_normalized"", ""h1_total_per_asset"", ""w2_per_sqrt_asset""]",0.1,0,lr,0.2069597293679809,1184,90
loss075,2010,combined/C=1.0,combined,"[""log_vix"", ""vol20"", ""drawdown_60"", ""yield_curve"", ""h1_entropy_normalized"", ""h1_total_per_asset"", ""w2_per_sqrt_asset""]",1.0,0,lr,0.08927228256806441,1184,90
loss075,2010,market_xgb/C=2,market_xgb,"[""log_vix"", ""vol20"", ""drawdown_60"", ""yield_curve""]",2.0,0,xgb,0.07640378234140668,1184,90
loss075,2010,market_xgb/C=3,market_xgb,"[""log_vix"", ""vol20"", ""drawdown_60"", ""yield_curve""]",3.0,0,xgb,0.07563984226723677,1184,90
loss075,2010,market_xgb/C=4,market_xgb,"[""log_vix"", ""vol20"", ""drawdown_60"", ""yield_curve""]",4.0,0,xgb,0.07440358063205234,1184,90
loss075,2010,topology_xgb/C=2,topology_xgb,"[""h1_entropy_normalized"", ""h1_total_per_asset"", ""w2_per_sqrt_asset""]",2.0,0,xgb,0.131827699749999,1184,90
loss075,2010,topology_xgb/C=3,topology_xgb,"[""h1_entropy_normalized"", ""h1_total_per_asset"", ""w2_per_sqrt_asset""]",3.0,0,xgb,0.13683045915620679,1184,90
loss075,2010,topology_xgb/C=4,topology_xgb,"[""h1_entropy_normalized"", ""h1_total_per_asset"", ""w2_per_sqrt_asset""]",4.0,0,xgb,0.12308004984381324,1184,90
loss075,2010,combined_xgb/C=2,combined_xgb,"[""log_vix"", ""vol20"", ""drawdown_60"", ""yield_curve"", ""h1_entropy_normalized"", ""h1_total_per_asset"", ""w2_per_sqrt_asset""]",2.0,0,xgb,0.10240444666635844,1184,90
loss075,2010,combined_xgb/C=3,combined_xgb,"[""log_vix"", ""vol20"", ""drawdown_60"", ""yield_curve"", ""h1_entropy_normalized"", ""h1_total_per_asset"", ""w2_per_sqrt_asset""]",3.0,0,xgb,0.10076032903809057,1184,90
loss075,2010,combined_xgb/C=4,combined_xgb,"[""log_vix"", ""vol20"", ""drawdown_60"", ""yield_curve"", ""h1_entropy_normalized"", ""h1_total_per_asset"", ""w2_per_sqrt_asset""]",4.0,0,xgb,0.09570976484119179,1184,90
loss075,2011,market/C=0.01,market,"[""log_vix"", ""vol20"", ""drawdown_60"", ""yield_curve""]",0.01,0,lr,0.29809964434246655,1335,140
loss075,2011,market/C=0.1,market,"[""log_vix"", ""vol20"", ""drawdown_60"", ""yield_curve""]",0.1,0,lr,0.22507885515834972,1335,140
loss075,2011,market/C=1.0,market,"[""log_vix"", ""vol20"", ""drawdown_60"", ""yield_curve""]",1.0,0,lr,0.17437206039683578,1335,140
loss075,2011,topology/C=0.01,topology,"[""h1_entropy_normalized"", ""h1_total_per_asset"", ""w2_per_sqrt_asset""]",0.01,0,lr,0.07546983670321786,1335,140
loss075,2011,topology/C=0.1,topology,"[""h1_entropy_normalized"", ""h1_total_per_asset"", ""w2_per_sqrt_asset""]",0.1,0,lr,0.08054982107800628,1335,140
loss075,2011,topology/C=1.0,topology,"[""h1_entropy_normalized"", ""h1_total_per_asset"", ""w2_per_sqrt_asset""]",1.0,0,lr,0.08556585524743589,1335,140
loss075,2011,combined/C=0.01,combined,"[""log_vix"", ""vol20"", ""drawdown_60"", ""yield_curve"", ""h1_entropy_normalized"", ""h1_total_per_asset"", ""w2_per_sqrt_asset""]",0.01,0,lr,0.30662375804647357,1335,140
loss075,2011,combined/C=0.1,combined,"[""log_vix"", ""vol20"", ""drawdown_60"", ""yield_curve"", ""h1_entropy_normalized"", ""h1_total_per_asset"", ""w2_per_sqrt_asset""]",0.1,0,lr,0.2482441210401507,1335,140
loss075,2011,combined/C=1.0,combined,"[""log_vix"", ""vol20"", ""drawdown_60"", ""yield_curve"", ""h1_entropy_normalized"", ""h1_total_per_asset"", ""w2_per_sqrt_asset""]",1.0,0,lr,0.20312804501627524,1335,140
loss075,2011,market_xgb/C=2,market_xgb,"[""log_vix"", ""vol20"", ""drawdown_60"", ""yield_curve""]",2.0,0,xgb,0.09095402067560984,1335,140
loss075,2011,market_xgb/C=3,market_xgb,"[""log_vix"", ""vol20"", ""drawdown_60"", ""yield_curve""]",3.0,0,xgb,0.088094674040374,1335,140
loss075,2011,market_xgb/C=4,market_xgb,"[""log_vix"", ""vol20"", ""drawdown_60"", ""yield_curve""]",4.0,0,xgb,0.08733222257240897,1335,140
loss075,2011,topology_xgb/C=2,topology_xgb,"[""h1_entropy_normalized"", ""h1_total_per_asset"", ""w2_per_sqrt_asset""]",2.0,0,xgb,0.21595564419655253,1335,140
loss075,2011,topology_xgb/C=3,topology_xgb,"[""h1_entropy_normalized"", ""h1_total_per_asset"", ""w2_per_sqrt_asset""]",3.0,0,xgb,0.22554009971075162,1335,140
loss075,2011,topology_xgb/C=4,topology_xgb,"[""h1_entropy_normalized"", ""h1_total_per_asset"", ""w2_per_sqrt_asset""]",4.0,0,xgb,0.20528700874047423,1335,140
loss075,2011,combined_xgb/C=2,combined_xgb,"[""log_vix"", ""vol20"", ""drawdown_60"", ""yield_curve"", ""h1_entropy_normalized"", ""h1_total_per_asset"", ""w2_per_sqrt_asset""]",2.0,0,xgb,0.12824356480568364,1335,140
loss075,2011,combined_xgb/C=3,combined_xgb,"[""log_vix"", ""vol20"", ""drawdown_60"", ""yield_curve"", ""h1_entropy_normalized"", ""h1_total_per_asset"", ""w2_per_sqrt_asset""]",3.0,0,xgb,0.11544929409392894,1335,140
loss075,2011,combined_xgb/C=4,combined_xgb,"[""log_vix"", ""vol20"", ""drawdown_60"", ""yield_curve"", ""h1_entropy_normalized"", ""h1_total_per_asset"", ""w2_per_sqrt_asset""]",4.0,0,xgb,0.10398289400938465,1335,140
loss075,2012,market/C=0.01,market,"[""log_vix"", ""vol20"", ""drawdown_60"", ""yield_curve""]",0.01,0,lr,0.2794698744373749,1486,168
loss075,2012,market/C=0.1,market,"[""log_vix"", ""vol20"", ""drawdown_60"", ""yield_curve""]",0.1,0,lr,0.22382935755339364,1486,168
loss075,2012,market/C=1.0,market,"[""log_vix"", ""vol20"", ""drawdown_60"", ""yield_curve""]",1.0,0,lr,0.19523838889044126,1486,168
loss075,2012,topology/C=0.01,topology,"[""h1_entropy_normalized"", ""h1_total_per_asset"", ""w2_per_sqrt_asset""]",0.01,0,lr,0.07511081218168561,1486,168
loss075,2012,topology/C=0.1,topology,"[""h1_entropy_normalized"", ""h1_total_per_asset"", ""w2_per_sqrt_asset""]",0.1,0,lr,0.0791009525307396,1486,168
loss075,2012,topology/C=1.0,topology,"[""h1_entropy_normalized"", ""h1_total_per_asset"", ""w2_per_sqrt_asset""]",1.0,0,lr,0.08021658182934531,1486,168
loss075,2012,combined/C=0.01,combined,"[""log_vix"", ""vol20"", ""drawdown_60"", ""yield_curve"", ""h1_entropy_normalized"", ""h1_total_per_asset"", ""w2_per_sqrt_asset""]",0.01,0,lr,0.27992680236990647,1486,168
loss075,2012,combined/C=0.1,combined,"[""log_vix"", ""vol20"", ""drawdown_60"", ""yield_curve"", ""h1_entropy_normalized"", ""h1_total_per_asset"", ""w2_per_sqrt_asset""]",0.1,0,lr,0.24668204392148546,1486,168
loss075,2012,combined/C=1.0,combined,"[""log_vix"", ""vol20"", ""drawdown_60"", ""yield_curve"", ""h1_entropy_normalized"", ""h1_total_per_asset"", ""w2_per_sqrt_asset""]",1.0,0,lr,0.23545302180457178,1486,168
loss075,2012,market_xgb/C=2,market_xgb,"[""log_vix"", ""vol20"", ""drawdown_60"", ""yield_curve""]",2.0,0,xgb,0.11063922707792913,1486,168
loss075,2012,market_xgb/C=3,market_xgb,"[""log_vix"", ""vol20"", ""drawdown_60"", ""yield_curve""]",3.0,0,xgb,0.1004069933795476,1486,168
loss075,2012,market_xgb/C=4,market_xgb,"[""log_vix"", ""vol20"", ""drawdown_60"", ""yield_curve""]",4.0,0,xgb,0.1015979145729813,1486,168
loss075,2012,topology_xgb/C=2,topology_xgb,"[""h1_entropy_normalized"", ""h1_total_per_asset"", ""w2_per_sqrt_asset""]",2.0,0,xgb,0.1450617027194691,1486,168
loss075,2012,topology_xgb/C=3,topology_xgb,"[""h1_entropy_normalized"", ""h1_total_per_asset"", ""w2_per_sqrt_asset""]",3.0,0,xgb,0.15285075266761866,1486,168
loss075,2012,topology_xgb/C=4,topology_xgb,"[""h1_entropy_normalized"", ""h1_total_per_asset"", ""w2_per_sqrt_asset""]",4.0,0,xgb,0.14399372291294715,1486,168
loss075,2012,combined_xgb/C=2,combined_xgb,"[""log_vix"", ""vol20"", ""drawdown_60"", ""yield_curve"", ""h1_entropy_normalized"", ""h1_total_per_asset"", ""w2_per_sqrt_asset""]",2.0,0,xgb,0.15400471468845978,1486,168
loss075,2012,combined_xgb/C=3,combined_xgb,"[""log_vix"", ""vol20"", ""drawdown_60"", ""yield_curve"", ""h1_entropy_normalized"", ""h1_total_per_asset"", ""w2_per_sqrt_asset""]",3.0,0,xgb,0.13908589070920419,1486,168
loss075,2012,combined_xgb/C=4,combined_xgb,"[""log_vix"", ""vol20"", ""drawdown_60"", ""yield_curve"", ""h1_entropy_normalized"", ""h1_total_per_asset"", ""w2_per_sqrt_asset""]",4.0,0,xgb,0.11129592933137353,1486,168
loss075,2013,market/C=0.01,market,"[""log_vix"", ""vol20"", ""drawdown_60"", ""yield_curve""]",0.01,0,lr,0.2972730793858302,1636,195
loss075,2013,market/C=0.1,market,"[""log_vix"", ""vol20"", ""drawdown_60"", ""yield_curve""]",0.1,0,lr,0.2603027973561725,1636,195
loss075,2013,market/C=1.0,market,"[""log_vix"", ""vol20"", ""drawdown_60"", ""yield_curve""]",1.0,0,lr,0.23717616142569403,1636,195
loss075,2013,topology/C=0.01,topology,"[""h1_entropy_normalized"", ""h1_total_per_asset"", ""w2_per_sqrt_asset""]",0.01,0,lr,0.15584448541342455,1636,195
loss075,2013,topology/C=0.1,topology,"[""h1_entropy_normalized"", ""h1_total_per_asset"", ""w2_per_sqrt_asset""]",0.1,0,lr,0.17850787664714157,1636,195
loss075,2013,topology/C=1.0,topology,"[""h1_entropy_normalized"", ""h1_total_per_asset"", ""w2_per_sqrt_asset""]",1.0,0,lr,0.18030083954599394,1636,195
loss075,2013,combined/C=0.01,combined,"[""log_vix"", ""vol20"", ""drawdown_60"", ""yield_curve"", ""h1_entropy_normalized"", ""h1_total_per_asset"", ""w2_per_sqrt_asset""]",0.01,0,lr,0.29821459855414073,1636,195
loss075,2013,combined/C=0.1,combined,"[""log_vix"", ""vol20"", ""drawdown_60"", ""yield_curve"", ""h1_entropy_normalized"", ""h1_total_per_asset"", ""w2_per_sqrt_asset""]",0.1,0,lr,0.2697549851398695,1636,195
loss075,2013,combined/C=1.0,combined,"[""log_vix"", ""vol20"", ""drawdown_60"", ""yield_curve"", ""h1_entropy_normalized"", ""h1_total_per_asset"", ""w2_per_sqrt_asset""]",1.0,0,lr,0.2577168741349338,1636,195
loss075,2013,market_xgb/C=2,market_xgb,"[""log_vix"", ""vol20"", ""drawdown_60"", ""yield_curve""]",2.0,0,xgb,0.16514198563853338,1636,195
loss075,2013,market_xgb/C=3,market_xgb,"[""log_vix"", ""vol20"", ""drawdown_60"", ""yield_curve""]",3.0,0,xgb,0.15591036978261763,1636,195
loss075,2013,market_xgb/C=4,market_xgb,"[""log_vix"", ""vol20"", ""drawdown_60"", ""yield_curve""]",4.0,0,xgb,0.14964931787037597,1636,195
loss075,2013,topology_xgb/C=2,topology_xgb,"[""h1_entropy_normalized"", ""h1_total_per_asset"", ""w2_per_sqrt_asset""]",2.0,0,xgb,0.19271906457399857,1636,195
loss075,2013,topology_xgb/C=3,topology_xgb,"[""h1_entropy_normalized"", ""h1_total_per_asset"", ""w2_per_sqrt_asset""]",3.0,0,xgb,0.18907379132331306,1636,195
loss075,2013,topology_xgb/C=4,topology_xgb,"[""h1_entropy_normalized"", ""h1_total_per_asset"", ""w2_per_sqrt_asset""]",4.0,0,xgb,0.17962362113987973,1636,195
loss075,2013,combined_xgb/C=2,combined_xgb,"[""log_vix"", ""vol20"", ""drawdown_60"", ""yield_curve"", ""h1_entropy_normalized"", ""h1_total_per_asset"", ""w2_per_sqrt_asset""]",2.0,0,xgb,0.17638962595988883,1636,195
loss075,2013,combined_xgb/C=3,combined_xgb,"[""log_vix"", ""vol20"", ""drawdown_60"", ""yield_curve"", ""h1_entropy_normalized"", ""h1_total_per_asset"", ""w2_per_sqrt_asset""]",3.0,0,xgb,0.17040927555617555,1636,195
loss075,2013,combined_xgb/C=4,combined_xgb,"[""log_vix"", ""vol20"", ""drawdown_60"", ""yield_curve"", ""h1_entropy_normalized"", ""h1_total_per_asset"", ""w2_per_sqrt_asset""]",4.0,0,xgb,0.16943893593047468,1636,195
loss075,2014,market/C=0.01,market,"[""log_vix"", ""vol20"", ""drawdown_60"", ""yield_curve""]",0.01,0,lr,0.299063222694338,1787,204
loss075,2014,market/C=0.1,market,"[""log_vix"", ""vol20"", ""drawdown_60"", ""yield_curve""]",0.1,0,lr,0.24064843193464125,1787,204
loss075,2014,market/C=1.0,market,"[""log_vix"", ""vol20"", ""drawdown_60"", ""yield_curve""]",1.0,0,lr,0.20356727998084467,1787,204
loss075,2014,topology/C=0.01,topology,"[""h1_entropy_normalized"", ""h1_total_per_asset"", ""w2_per_sqrt_asset""]",0.01,0,lr,0.1250046468644943,1787,204
loss075,2014,topology/C=0.1,topology,"[""h1_entropy_normalized"", ""h1_total_per_asset"", ""w2_per_sqrt_asset""]",0.1,0,lr,0.13070714020938734,1787,204
loss075,2014,topology/C=1.0,topology,"[""h1_entropy_normalized"", ""h1_total_per_asset"", ""w2_per_sqrt_asset""]",1.0,0,lr,0.13160375557702966,1787,204
loss075,2014,combined/C=0.01,combined,"[""log_vix"", ""vol20"", ""drawdown_60"", ""yield_curve"", ""h1_entropy_normalized"", ""h1_total_per_asset"", ""w2_per_sqrt_asset""]",0.01,0,lr,0.283333597909726,1787,204
loss075,2014,combined/C=0.1,combined,"[""log_vix"", ""vol20"", ""drawdown_60"", ""yield_curve"", ""h1_entropy_normalized"", ""h1_total_per_asset"", ""w2_per_sqrt_asset""]",0.1,0,lr,0.2637106519706489,1787,204
loss075,2014,combined/C=1.0,combined,"[""log_vix"", ""vol20"", ""drawdown_60"", ""yield_curve"", ""h1_entropy_normalized"", ""h1_total_per_asset"", ""w2_per_sqrt_asset""]",1.0,0,lr,0.24963308602620832,1787,204
loss075,2014,market_xgb/C=2,market_xgb,"[""log_vix"", ""vol20"", ""drawdown_60"", ""yield_curve""]",2.0,0,xgb,0.14406859009960207,1787,204
loss075,2014,market_xgb/C=3,market_xgb,"[""log_vix"", ""vol20"", ""drawdown_60"", ""yield_curve""]",3.0,0,xgb,0.15150172585079288,1787,204
loss075,2014,market_xgb/C=4,market_xgb,"[""log_vix"", ""vol20"", ""drawdown_60"", ""yield_curve""]",4.0,0,xgb,0.14956305259074573,1787,204
loss075,2014,topology_xgb/C=2,topology_xgb,"[""h1_entropy_normalized"", ""h1_total_per_asset"", ""w2_per_sqrt_asset""]",2.0,0,xgb,0.14176985917020551,1787,204
loss075,2014,topology_xgb/C=3,topology_xgb,"[""h1_entropy_normalized"", ""h1_total_per_asset"", ""w2_per_sqrt_asset""]",3.0,0,xgb,0.14688078264617876,1787,204
loss075,2014,topology_xgb/C=4,topology_xgb,"[""h1_entropy_normalized"", ""h1_total_per_asset"", ""w2_per_sqrt_asset""]",4.0,0,xgb,0.1450437020530665,1787,204
loss075,2014,combined_xgb/C=2,combined_xgb,"[""log_vix"", ""vol20"", ""drawdown_60"", ""yield_curve"", ""h1_entropy_normalized"", ""h1_total_per_asset"", ""w2_per_sqrt_asset""]",2.0,0,xgb,0.15110212391642802,1787,204
loss075,2014,combined_xgb/C=3,combined_xgb,"[""log_vix"", ""vol20"", ""drawdown_60"", ""yield_curve"", ""h1_entropy_normalized"", ""h1_total_per_asset"", ""w2_per_sqrt_asset""]",3.0,0,xgb,0.14625560454084818,1787,204
loss075,2014,combined_xgb/C=4,combined_xgb,"[""log_vix"", ""vol20"", ""drawdown_60"", ""yield_curve"", ""h1_entropy_normalized"", ""h1_total_per_asset"", ""w2_per_sqrt_asset""]",4.0,0,xgb,0.1442194347466835,1787,204
loss075,2015,market/C=0.01,market,"[""log_vix"", ""vol20"", ""drawdown_60"", ""yield_curve""]",0.01,0,lr,0.3233987348472674,1938,204
loss075,2015,market/C=0.1,market,"[""log_vix"", ""vol20"", ""drawdown_60"", ""yield_curve""]",0.1,0,lr,0.28312252082004197,1938,204
loss075,2015,market/C=1.0,market,"[""log_vix"", ""vol20"", ""drawdown_60"", ""yield_curve""]",1.0,0,lr,0.25422792266466615,1938,204
loss075,2015,topology/C=0.01,topology,"[""h1_entropy_normalized"", ""h1_total_per_asset"", ""w2_per_sqrt_asset""]",0.01,0,lr,0.1296147013775329,1938,204
loss075,2015,topology/C=0.1,topology,"[""h1_entropy_normalized"", ""h1_total_per_asset"", ""w2_per_sqrt_asset""]",0.1,0,lr,0.13816517073289758,1938,204
loss075,2015,topology/C=1.0,topology,"[""h1_entropy_normalized"", ""h1_total_per_asset"", ""w2_per_sqrt_asset""]",1.0,0,lr,0.1395882874325769,1938,204
loss075,2015,combined/C=0.01,combined,"[""log_vix"", ""vol20"", ""drawdown_60"", ""yield_curve"", ""h1_entropy_normalized"", ""h1_total_per_asset"", ""w2_per_sqrt_asset""]",0.01,0,lr,0.31277728869688065,1938,204
loss075,2015,combined/C=0.1,combined,"[""log_vix"", ""vol20"", ""drawdown_60"", ""yield_curve"", ""h1_entropy_normalized"", ""h1_total_per_asset"", ""w2_per_sqrt_asset""]",0.1,0,lr,0.29248170930107503,1938,204
loss075,2015,combined/C=1.0,combined,"[""log_vix"", ""vol20"", ""drawdown_60"", ""yield_curve"", ""h1_entropy_normalized"", ""h1_total_per_asset"", ""w2_per_sqrt_asset""]",1.0,0,lr,0.2798147430712786,1938,204
loss075,2015,market_xgb/C=2,market_xgb,"[""log_vix"", ""vol20"", ""drawdown_60"", ""yield_curve""]",2.0,0,xgb,0.15502892990626743,1938,204
loss075,2015,market_xgb/C=3,market_xgb,"[""log_vix"", ""vol20"", ""drawdown_60"", ""yield_curve""]",3.0,0,xgb,0.158383589941443,1938,204
loss075,2015,market_xgb/C=4,market_xgb,"[""log_vix"", ""vol20"", ""drawdown_60"", ""yield_curve""]",4.0,0,xgb,0.1536255218443442,1938,204
loss075,2015,topology_xgb/C=2,topology_xgb,"[""h1_entropy_normalized"", ""h1_total_per_asset"", ""w2_per_sqrt_asset""]",2.0,0,xgb,0.15046470935291842,1938,204
loss075,2015,topology_xgb/C=3,topology_xgb,"[""h1_entropy_normalized"", ""h1_total_per_asset"", ""w2_per_sqrt_asset""]",3.0,0,xgb,0.16034824758152433,1938,204
loss075,2015,topology_xgb/C=4,topology_xgb,"[""h1_entropy_normalized"", ""h1_total_per_asset"", ""w2_per_sqrt_asset""]",4.0,0,xgb,0.15716390223247512,1938,204
loss075,2015,combined_xgb/C=2,combined_xgb,"[""log_vix"", ""vol20"", ""drawdown_60"", ""yield_curve"", ""h1_entropy_normalized"", ""h1_total_per_asset"", ""w2_per_sqrt_asset""]",2.0,0,xgb,0.16502128757168308,1938,204
loss075,2015,combined_xgb/C=3,combined_xgb,"[""log_vix"", ""vol20"", ""drawdown_60"", ""yield_curve"", ""h1_entropy_normalized"", ""h1_total_per_asset"", ""w2_per_sqrt_asset""]",3.0,0,xgb,0.16319930408910574,1938,204
loss075,2015,combined_xgb/C=4,combined_xgb,"[""log_vix"", ""vol20"", ""drawdown_60"", ""yield_curve"", ""h1_entropy_normalized"", ""h1_total_per_asset"", ""w2_per_sqrt_asset""]",4.0,0,xgb,0.16011417375556772,1938,204
loss075,2016,market/C=0.01,market,"[""log_vix"", ""vol20"", ""drawdown_60"", ""yield_curve""]",0.01,0,lr,0.3228668198338031,2090,204
loss075,2016,market/C=0.1,market,"[""log_vix"", ""vol20"", ""drawdown_60"", ""yield_curve""]",0.1,0,lr,0.28940099837033934,2090,204
loss075,2016,market/C=1.0,market,"[""log_vix"", ""vol20"", ""drawdown_60"", ""yield_curve""]",1.0,0,lr,0.2675127577541008,2090,204
loss075,2016,topology/C=0.01,topology,"[""h1_entropy_normalized"", ""h1_total_per_asset"", ""w2_per_sqrt_asset""]",0.01,0,lr,0.11977387206291668,2090,204
loss075,2016,topology/C=0.1,topology,"[""h1_entropy_normalized"", ""h1_total_per_asset"", ""w2_per_sqrt_asset""]",0.1,0,lr,0.13567478971174113,2090,204
loss075,2016,topology/C=1.0,topology,"[""h1_entropy_normalized"", ""h1_total_per_asset"", ""w2_per_sqrt_asset""]",1.0,0,lr,0.1388108309449227,2090,204
loss075,2016,combined/C=0.01,combined,"[""log_vix"", ""vol20"", ""drawdown_60"", ""yield_curve"", ""h1_entropy_normalized"", ""h1_total_per_asset"", ""w2_per_sqrt_asset""]",0.01,0,lr,0.3198180929729947,2090,204
loss075,2016,combined/C=0.1,combined,"[""log_vix"", ""vol20"", ""drawdown_60"", ""yield_curve"", ""h1_entropy_normalized"", ""h1_total_per_asset"", ""w2_per_sqrt_asset""]",0.1,0,lr,0.2989939949444224,2090,204
loss075,2016,combined/C=1.0,combined,"[""log_vix"", ""vol20"", ""drawdown_60"", ""yield_curve"", ""h1_entropy_normalized"", ""h1_total_per_asset"", ""w2_per_sqrt_asset""]",1.0,0,lr,0.2855538656132513,2090,204
loss075,2016,market_xgb/C=2,market_xgb,"[""log_vix"", ""vol20"", ""drawdown_60"", ""yield_curve""]",2.0,0,xgb,0.15483711531954866,2090,204
loss075,2016,market_xgb/C=3,market_xgb,"[""log_vix"", ""vol20"", ""drawdown_60"", ""yield_curve""]",3.0,0,xgb,0.1530894425957598,2090,204
loss075,2016,market_xgb/C=4,market_xgb,"[""log_vix"", ""vol20"", ""drawdown_60"", ""yield_curve""]",4.0,0,xgb,0.1458874954479082,2090,204
loss075,2016,topology_xgb/C=2,topology_xgb,"[""h1_entropy_normalized"", ""h1_total_per_asset"", ""w2_per_sqrt_asset""]",2.0,0,xgb,0.17821371466099373,2090,204
loss075,2016,topology_xgb/C=3,topology_xgb,"[""h1_entropy_normalized"", ""h1_total_per_asset"", ""w2_per_sqrt_asset""]",3.0,0,xgb,0.17810596031681575,2090,204
loss075,2016,topology_xgb/C=4,topology_xgb,"[""h1_entropy_normalized"", ""h1_total_per_asset"", ""w2_per_sqrt_asset""]",4.0,0,xgb,0.17779715869969584,2090,204
loss075,2016,combined_xgb/C=2,combined_xgb,"[""log_vix"", ""vol20"", ""drawdown_60"", ""yield_curve"", ""h1_entropy_normalized"", ""h1_total_per_asset"", ""w2_per_sqrt_asset""]",2.0,0,xgb,0.16899490522342941,2090,204
loss075,2016,combined_xgb/C=3,combined_xgb,"[""log_vix"", ""vol20"", ""drawdown_60"", ""yield_curve"", ""h1_entropy_normalized"", ""h1_total_per_asset"", ""w2_per_sqrt_asset""]",3.0,0,xgb,0.16449583085179684,2090,204
loss075,2016,combined_xgb/C=4,combined_xgb,"[""log_vix"", ""vol20"", ""drawdown_60"", ""yield_curve"", ""h1_entropy_normalized"", ""h1_total_per_asset"", ""w2_per_sqrt_asset""]",4.0,0,xgb,0.1606124418225252,2090,204
loss075,2017,market/C=0.01,market,"[""log_vix"", ""vol20"", ""drawdown_60"", ""yield_curve""]",0.01,0,lr,0.3026828556200339,2241,223
loss075,2017,market/C=0.1,market,"[""log_vix"", ""vol20"", ""drawdown_60"", ""yield_curve""]",0.1,0,lr,0.2761396230148453,2241,223
loss075,2017,market/C=1.0,market,"[""log_vix"", ""vol20"", ""drawdown_60"", ""yield_curve""]",1.0,0,lr,0.25708705405349286,2241,223
loss075,2017,topology/C=0.01,topology,"[""h1_entropy_normalized"", ""h1_total_per_asset"", ""w2_per_sqrt_asset""]",0.01,0,lr,0.10823867351062273,2241,223
loss075,2017,topology/C=0.1,topology,"[""h1_entropy_normalized"", ""h1_total_per_asset"", ""w2_per_sqrt_asset""]",0.1,0,lr,0.11995451374916613,2241,223
loss075,2017,topology/C=1.0,topology,"[""h1_entropy_normalized"", ""h1_total_per_asset"", ""w2_per_sqrt_asset""]",1.0,0,lr,0.12309301507536442,2241,223
loss075,2017,combined/C=0.01,combined,"[""log_vix"", ""vol20"", ""drawdown_60"", ""yield_curve"", ""h1_entropy_normalized"", ""h1_total_per_asset"", ""w2_per_sqrt_asset""]",0.01,0,lr,0.30052775206013366,2241,223
loss075,2017,combined/C=0.1,combined,"[""log_vix"", ""vol20"", ""drawdown_60"", ""yield_curve"", ""h1_entropy_normalized"", ""h1_total_per_asset"", ""w2_per_sqrt_asset""]",0.1,0,lr,0.283658072443224,2241,223
loss075,2017,combined/C=1.0,combined,"[""log_vix"", ""vol20"", ""drawdown_60"", ""yield_curve"", ""h1_entropy_normalized"", ""h1_total_per_asset"", ""w2_per_sqrt_asset""]",1.0,0,lr,0.27281597883275827,2241,223
loss075,2017,market_xgb/C=2,market_xgb,"[""log_vix"", ""vol20"", ""drawdown_60"", ""yield_curve""]",2.0,0,xgb,0.14605889457462434,2241,223
loss075,2017,market_xgb/C=3,market_xgb,"[""log_vix"", ""vol20"", ""drawdown_60"", ""yield_curve""]",3.0,0,xgb,0.14428366356785904,2241,223
loss075,2017,market_xgb/C=4,market_xgb,"[""log_vix"", ""vol20"", ""drawdown_60"", ""yield_curve""]",4.0,0,xgb,0.14053652071044223,2241,223
loss075,2017,topology_xgb/C=2,topology_xgb,"[""h1_entropy_normalized"", ""h1_total_per_asset"", ""w2_per_sqrt_asset""]",2.0,0,xgb,0.1647426138442164,2241,223
loss075,2017,topology_xgb/C=3,topology_xgb,"[""h1_entropy_normalized"", ""h1_total_per_asset"", ""w2_per_sqrt_asset""]",3.0,0,xgb,0.16732925522857178,2241,223
loss075,2017,topology_xgb/C=4,topology_xgb,"[""h1_entropy_normalized"", ""h1_total_per_asset"", ""w2_per_sqrt_asset""]",4.0,0,xgb,0.16524791026666336,2241,223
loss075,2017,combined_xgb/C=2,combined_xgb,"[""log_vix"", ""vol20"", ""drawdown_60"", ""yield_curve"", ""h1_entropy_normalized"", ""h1_total_per_asset"", ""w2_per_sqrt_asset""]",2.0,0,xgb,0.15722737835335054,2241,223
loss075,2017,combined_xgb/C=3,combined_xgb,"[""log_vix"", ""vol20"", ""drawdown_60"", ""yield_curve"", ""h1_entropy_normalized"", ""h1_total_per_asset"", ""w2_per_sqrt_asset""]",3.0,0,xgb,0.15319912161806365,2241,223
loss075,2017,combined_xgb/C=4,combined_xgb,"[""log_vix"", ""vol20"", ""drawdown_60"", ""yield_curve"", ""h1_entropy_normalized"", ""h1_total_per_asset"", ""w2_per_sqrt_asset""]",4.0,0,xgb,0.14948757391669287,2241,223
loss075,2018,market/C=0.01,market,"[""log_vix"", ""vol20"", ""drawdown_60"", ""yield_curve""]",0.01,0,lr,0.2829682175813808,2391,235
loss075,2018,market/C=0.1,market,"[""log_vix"", ""vol20"", ""drawdown_60"", ""yield_curve""]",0.1,0,lr,0.2571506479328204,2391,235
loss075,2018,market/C=1.0,market,"[""log_vix"", ""vol20"", ""drawdown_60"", ""yield_curve""]",1.0,0,lr,0.23788032882023905,2391,235
loss075,2018,topology/C=0.01,topology,"[""h1_entropy_normalized"", ""h1_total_per_asset"", ""w2_per_sqrt_asset""]",0.01,0,lr,0.08836928320981935,2391,235
loss075,2018,topology/C=0.1,topology,"[""h1_entropy_normalized"", ""h1_total_per_asset"", ""w2_per_sqrt_asset""]",0.1,0,lr,0.10474377670899243,2391,235
loss075,2018,topology/C=1.0,topology,"[""h1_entropy_normalized"", ""h1_total_per_asset"", ""w2_per_sqrt_asset""]",1.0,0,lr,0.1081143009827398,2391,235
loss075,2018,combined/C=0.01,combined,"[""log_vix"", ""vol20"", ""drawdown_60"", ""yield_curve"", ""h1_entropy_normalized"", ""h1_total_per_asset"", ""w2_per_sqrt_asset""]",0.01,0,lr,0.27914567672443724,2391,235
loss075,2018,combined/C=0.1,combined,"[""log_vix"", ""vol20"", ""drawdown_60"", ""yield_curve"", ""h1_entropy_normalized"", ""h1_total_per_asset"", ""w2_per_sqrt_asset""]",0.1,0,lr,0.25999279777804846,2391,235
loss075,2018,combined/C=1.0,combined,"[""log_vix"", ""vol20"", ""drawdown_60"", ""yield_curve"", ""h1_entropy_normalized"", ""h1_total_per_asset"", ""w2_per_sqrt_asset""]",1.0,0,lr,0.2496873236555094,2391,235
loss075,2018,market_xgb/C=2,market_xgb,"[""log_vix"", ""vol20"", ""drawdown_60"", ""yield_curve""]",2.0,0,xgb,0.13640035450231636,2391,235
loss075,2018,market_xgb/C=3,market_xgb,"[""log_vix"", ""vol20"", ""drawdown_60"", ""yield_curve""]",3.0,0,xgb,0.13501641087912314,2391,235
loss075,2018,market_xgb/C=4,market_xgb,"[""log_vix"", ""vol20"", ""drawdown_60"", ""yield_curve""]",4.0,0,xgb,0.13283998925148716,2391,235
loss075,2018,topology_xgb/C=2,topology_xgb,"[""h1_entropy_normalized"", ""h1_total_per_asset"", ""w2_per_sqrt_asset""]",2.0,0,xgb,0.14709419573090743,2391,235
loss075,2018,topology_xgb/C=3,topology_xgb,"[""h1_entropy_normalized"", ""h1_total_per_asset"", ""w2_per_sqrt_asset""]",3.0,0,xgb,0.15218803022815136,2391,235
loss075,2018,topology_xgb/C=4,topology_xgb,"[""h1_entropy_normalized"", ""h1_total_per_asset"", ""w2_per_sqrt_asset""]",4.0,0,xgb,0.1496093151356837,2391,235
loss075,2018,combined_xgb/C=2,combined_xgb,"[""log_vix"", ""vol20"", ""drawdown_60"", ""yield_curve"", ""h1_entropy_normalized"", ""h1_total_per_asset"", ""w2_per_sqrt_asset""]",2.0,0,xgb,0.15037985091163172,2391,235
loss075,2018,combined_xgb/C=3,combined_xgb,"[""log_vix"", ""vol20"", ""drawdown_60"", ""yield_curve"", ""h1_entropy_normalized"", ""h1_total_per_asset"", ""w2_per_sqrt_asset""]",3.0,0,xgb,0.1484392491941701,2391,235
loss075,2018,combined_xgb/C=4,combined_xgb,"[""log_vix"", ""vol20"", ""drawdown_60"", ""yield_curve"", ""h1_entropy_normalized"", ""h1_total_per_asset"", ""w2_per_sqrt_asset""]",4.0,0,xgb,0.14506810621720173,2391,235
loss075,2019,market/C=0.01,market,"[""log_vix"", ""vol20"", ""drawdown_60"", ""yield_curve""]",0.01,0,lr,0.2923946836724257,2542,230
loss075,2019,market/C=0.1,market,"[""log_vix"", ""vol20"", ""drawdown_60"", ""yield_curve""]",0.1,0,lr,0.2639839739043041,2542,230
loss075,2019,market/C=1.0,market,"[""log_vix"", ""vol20"", ""drawdown_60"", ""yield_curve""]",1.0,0,lr,0.24488139741598033,2542,230
loss075,2019,topology/C=0.01,topology,"[""h1_entropy_normalized"", ""h1_total_per_asset"", ""w2_per_sqrt_asset""]",0.01,0,lr,0.0931319982826524,2542,230
loss075,2019,topology/C=0.1,topology,"[""h1_entropy_normalized"", ""h1_total_per_asset"", ""w2_per_sqrt_asset""]",0.1,0,lr,0.10826680719100942,2542,230
loss075,2019,topology/C=1.0,topology,"[""h1_entropy_normalized"", ""h1_total_per_asset"", ""w2_per_sqrt_asset""]",1.0,0,lr,0.11105587475319846,2542,230
loss075,2019,combined/C=0.01,combined,"[""log_vix"", ""vol20"", ""drawdown_60"", ""yield_curve"", ""h1_entropy_normalized"", ""h1_total_per_asset"", ""w2_per_sqrt_asset""]",0.01,0,lr,0.29007389713524795,2542,230
loss075,2019,combined/C=0.1,combined,"[""log_vix"", ""vol20"", ""drawdown_60"", ""yield_curve"", ""h1_entropy_normalized"", ""h1_total_per_asset"", ""w2_per_sqrt_asset""]",0.1,0,lr,0.2694555928503285,2542,230
loss075,2019,combined/C=1.0,combined,"[""log_vix"", ""vol20"", ""drawdown_60"", ""yield_curve"", ""h1_entropy_normalized"", ""h1_total_per_asset"", ""w2_per_sqrt_asset""]",1.0,0,lr,0.25692779417421935,2542,230
loss075,2019,market_xgb/C=2,market_xgb,"[""log_vix"", ""vol20"", ""drawdown_60"", ""yield_curve""]",2.0,0,xgb,0.15291740251112598,2542,230
loss075,2019,market_xgb/C=3,market_xgb,"[""log_vix"", ""vol20"", ""drawdown_60"", ""yield_curve""]",3.0,0,xgb,0.1544611377152134,2542,230
loss075,2019,market_xgb/C=4,market_xgb,"[""log_vix"", ""vol20"", ""drawdown_60"", ""yield_curve""]",4.0,0,xgb,0.1540016114834723,2542,230
loss075,2019,topology_xgb/C=2,topology_xgb,"[""h1_entropy_normalized"", ""h1_total_per_asset"", ""w2_per_sqrt_asset""]",2.0,0,xgb,0.15165646649138703,2542,230
loss075,2019,topology_xgb/C=3,topology_xgb,"[""h1_entropy_normalized"", ""h1_total_per_asset"", ""w2_per_sqrt_asset""]",3.0,0,xgb,0.15274103942229802,2542,230
loss075,2019,topology_xgb/C=4,topology_xgb,"[""h1_entropy_normalized"", ""h1_total_per_asset"", ""w2_per_sqrt_asset""]",4.0,0,xgb,0.15168926877907632,2542,230
loss075,2019,combined_xgb/C=2,combined_xgb,"[""log_vix"", ""vol20"", ""drawdown_60"", ""yield_curve"", ""h1_entropy_normalized"", ""h1_total_per_asset"", ""w2_per_sqrt_asset""]",2.0,0,xgb,0.16488696898689995,2542,230
loss075,2019,combined_xgb/C=3,combined_xgb,"[""log_vix"", ""vol20"", ""drawdown_60"", ""yield_curve"", ""h1_entropy_normalized"", ""h1_total_per_asset"", ""w2_per_sqrt_asset""]",3.0,0,xgb,0.16222589757008404,2542,230
loss075,2019,combined_xgb/C=4,combined_xgb,"[""log_vix"", ""vol20"", ""drawdown_60"", ""yield_curve"", ""h1_entropy_normalized"", ""h1_total_per_asset"", ""w2_per_sqrt_asset""]",4.0,0,xgb,0.16053184475171178,2542,230
loss075,2020,market/C=0.01,market,"[""log_vix"", ""vol20"", ""drawdown_60"", ""yield_curve""]",0.01,0,lr,0.2859954027747206,2693,236
loss075,2020,market/C=0.1,market,"[""log_vix"", ""vol20"", ""drawdown_60"", ""yield_curve""]",0.1,0,lr,0.26534214977218024,2693,236
loss075,2020,market/C=1.0,market,"[""log_vix"", ""vol20"", ""drawdown_60"", ""yield_curve""]",1.0,0,lr,0.25159837394534684,2693,236
loss075,2020,topology/C=0.01,topology,"[""h1_entropy_normalized"", ""h1_total_per_asset"", ""w2_per_sqrt_asset""]",0.01,0,lr,0.10305064966016733,2693,236
loss075,2020,topology/C=0.1,topology,"[""h1_entropy_normalized"", ""h1_total_per_asset"", ""w2_per_sqrt_asset""]",0.1,0,lr,0.11374420637927712,2693,236
loss075,2020,topology/C=1.0,topology,"[""h1_entropy_normalized"", ""h1_total_per_asset"", ""w2_per_sqrt_asset""]",1.0,0,lr,0.1155052460574684,2693,236
loss075,2020,combined/C=0.01,combined,"[""log_vix"", ""vol20"", ""drawdown_60"", ""yield_curve"", ""h1_entropy_normalized"", ""h1_total_per_asset"", ""w2_per_sqrt_asset""]",0.01,0,lr,0.28099483728588276,2693,236
loss075,2020,combined/C=0.1,combined,"[""log_vix"", ""vol20"", ""drawdown_60"", ""yield_curve"", ""h1_entropy_normalized"", ""h1_total_per_asset"", ""w2_per_sqrt_asset""]",0.1,0,lr,0.2665757034563807,2693,236
loss075,2020,combined/C=1.0,combined,"[""log_vix"", ""vol20"", ""drawdown_60"", ""yield_curve"", ""h1_entropy_normalized"", ""h1_total_per_asset"", ""w2_per_sqrt_asset""]",1.0,0,lr,0.2592671859431237,2693,236
loss075,2020,market_xgb/C=2,market_xgb,"[""log_vix"", ""vol20"", ""drawdown_60"", ""yield_curve""]",2.0,0,xgb,0.148897692784154,2693,236
loss075,2020,market_xgb/C=3,market_xgb,"[""log_vix"", ""vol20"", ""drawdown_60"", ""yield_curve""]",3.0,0,xgb,0.14603010013175494,2693,236
loss075,2020,market_xgb/C=4,market_xgb,"[""log_vix"", ""vol20"", ""drawdown_60"", ""yield_curve""]",4.0,0,xgb,0.14267795382964987,2693,236
loss075,2020,topology_xgb/C=2,topology_xgb,"[""h1_entropy_normalized"", ""h1_total_per_asset"", ""w2_per_sqrt_asset""]",2.0,0,xgb,0.16220091271915416,2693,236
loss075,2020,topology_xgb/C=3,topology_xgb,"[""h1_entropy_normalized"", ""h1_total_per_asset"", ""w2_per_sqrt_asset""]",3.0,0,xgb,0.17291463075313868,2693,236
loss075,2020,topology_xgb/C=4,topology_xgb,"[""h1_entropy_normalized"", ""h1_total_per_asset"", ""w2_per_sqrt_asset""]",4.0,0,xgb,0.1781347691380244,2693,236
loss075,2020,combined_xgb/C=2,combined_xgb,"[""log_vix"", ""vol20"", ""drawdown_60"", ""yield_curve"", ""h1_entropy_normalized"", ""h1_total_per_asset"", ""w2_per_sqrt_asset""]",2.0,0,xgb,0.1662707068990355,2693,236
loss075,2020,combined_xgb/C=3,combined_xgb,"[""log_vix"", ""vol20"", ""drawdown_60"", ""yield_curve"", ""h1_entropy_normalized"", ""h1_total_per_asset"", ""w2_per_sqrt_asset""]",3.0,0,xgb,0.16437592950903387,2693,236
loss075,2020,combined_xgb/C=4,combined_xgb,"[""log_vix"", ""vol20"", ""drawdown_60"", ""yield_curve"", ""h1_entropy_normalized"", ""h1_total_per_asset"", ""w2_per_sqrt_asset""]",4.0,0,xgb,0.1618487007893454,2693,236
loss075,2021,market/C=0.01,market,"[""log_vix"", ""vol20"", ""drawdown_60"", ""yield_curve""]",0.01,0,lr,0.2921042249728435,2845,237
loss075,2021,market/C=0.1,market,"[""log_vix"", ""vol20"", ""drawdown_60"", ""yield_curve""]",0.1,0,lr,0.2711424522765144,2845,237
loss075,2021,market/C=1.0,market,"[""log_vix"", ""vol20"", ""drawdown_60"", ""yield_curve""]",1.0,0,lr,0.25611915621882836,2845,237
loss075,2021,topology/C=0.01,topology,"[""h1_entropy_normalized"", ""h1_total_per_asset"", ""w2_per_sqrt_asset""]",0.01,0,lr,0.10176038716539915,2845,237
loss075,2021,topology/C=0.1,topology,"[""h1_entropy_normalized"", ""h1_total_per_asset"", ""w2_per_sqrt_asset""]",0.1,0,lr,0.10876576909997525,2845,237
loss075,2021,topology/C=1.0,topology,"[""h1_entropy_normalized"", ""h1_total_per_asset"", ""w2_per_sqrt_asset""]",1.0,0,lr,0.10990886599614699,2845,237
loss075,2021,combined/C=0.01,combined,"[""log_vix"", ""vol20"", ""drawdown_60"", ""yield_curve"", ""h1_entropy_normalized"", ""h1_total_per_asset"", ""w2_per_sqrt_asset""]",0.01,0,lr,0.28980966422493715,2845,237
loss075,2021,combined/C=0.1,combined,"[""log_vix"", ""vol20"", ""drawdown_60"", ""yield_curve"", ""h1_entropy_normalized"", ""h1_total_per_asset"", ""w2_per_sqrt_asset""]",0.1,0,lr,0.2746527059963215,2845,237
loss075,2021,combined/C=1.0,combined,"[""log_vix"", ""vol20"", ""drawdown_60"", ""yield_curve"", ""h1_entropy_normalized"", ""h1_total_per_asset"", ""w2_per_sqrt_asset""]",1.0,0,lr,0.26512239363401724,2845,237
loss075,2021,market_xgb/C=2,market_xgb,"[""log_vix"", ""vol20"", ""drawdown_60"", ""yield_curve""]",2.0,0,xgb,0.1763674519820379,2845,237
loss075,2021,market_xgb/C=3,market_xgb,"[""log_vix"", ""vol20"", ""drawdown_60"", ""yield_curve""]",3.0,0,xgb,0.16517330707837202,2845,237
loss075,2021,market_xgb/C=4,market_xgb,"[""log_vix"", ""vol20"", ""drawdown_60"", ""yield_curve""]",4.0,0,xgb,0.1624517844597658,2845,237
loss075,2021,topology_xgb/C=2,topology_xgb,"[""h1_entropy_normalized"", ""h1_total_per_asset"", ""w2_per_sqrt_asset""]",2.0,0,xgb,0.1642712095326151,2845,237
loss075,2021,topology_xgb/C=3,topology_xgb,"[""h1_entropy_normalized"", ""h1_total_per_asset"", ""w2_per_sqrt_asset""]",3.0,0,xgb,0.1653462972041932,2845,237
loss075,2021,topology_xgb/C=4,topology_xgb,"[""h1_entropy_normalized"", ""h1_total_per_asset"", ""w2_per_sqrt_asset""]",4.0,0,xgb,0.16226240960397664,2845,237
loss075,2021,combined_xgb/C=2,combined_xgb,"[""log_vix"", ""vol20"", ""drawdown_60"", ""yield_curve"", ""h1_entropy_normalized"", ""h1_total_per_asset"", ""w2_per_sqrt_asset""]",2.0,0,xgb,0.18641089531593755,2845,237
loss075,2021,combined_xgb/C=3,combined_xgb,"[""log_vix"", ""vol20"", ""drawdown_60"", ""yield_curve"", ""h1_entropy_normalized"", ""h1_total_per_asset"", ""w2_per_sqrt_asset""]",3.0,0,xgb,0.18569057161900948,2845,237
loss075,2021,combined_xgb/C=4,combined_xgb,"[""log_vix"", ""vol20"", ""drawdown_60"", ""yield_curve"", ""h1_entropy_normalized"", ""h1_total_per_asset"", ""w2_per_sqrt_asset""]",4.0,0,xgb,0.17513097975463235,2845,237
loss075,2022,market/C=0.01,market,"[""log_vix"", ""vol20"", ""drawdown_60"", ""yield_curve""]",0.01,0,lr,0.14402494722695483,2996,208
loss075,2022,market/C=0.1,market,"[""log_vix"", ""vol20"", ""drawdown_60"", ""yield_curve""]",0.1,0,lr,0.15185563578574673,2996,208
loss075,2022,market/C=1.0,market,"[""log_vix"", ""vol20"", ""drawdown_60"", ""yield_curve""]",1.0,0,lr,0.15542498562609974,2996,208
loss075,2022,topology/C=0.01,topology,"[""h1_entropy_normalized"", ""h1_total_per_asset"", ""w2_per_sqrt_asset""]",0.01,0,lr,0.09124854809279662,2996,208
loss075,2022,topology/C=0.1,topology,"[""h1_entropy_normalized"", ""h1_total_per_asset"", ""w2_per_sqrt_asset""]",0.1,0,lr,0.09628702738953021,2996,208
loss075,2022,topology/C=1.0,topology,"[""h1_entropy_normalized"", ""h1_total_per_asset"", ""w2_per_sqrt_asset""]",1.0,0,lr,0.09757766484566584,2996,208
loss075,2022,combined/C=0.01,combined,"[""log_vix"", ""vol20"", ""drawdown_60"", ""yield_curve"", ""h1_entropy_normalized"", ""h1_total_per_asset"", ""w2_per_sqrt_asset""]",0.01,0,lr,0.13841236466722043,2996,208
loss075,2022,combined/C=0.1,combined,"[""log_vix"", ""vol20"", ""drawdown_60"", ""yield_curve"", ""h1_entropy_normalized"", ""h1_total_per_asset"", ""w2_per_sqrt_asset""]",0.1,0,lr,0.14715650376315098,2996,208
loss075,2022,combined/C=1.0,combined,"[""log_vix"", ""vol20"", ""drawdown_60"", ""yield_curve"", ""h1_entropy_normalized"", ""h1_total_per_asset"", ""w2_per_sqrt_asset""]",1.0,0,lr,0.15069260761379413,2996,208
loss075,2022,market_xgb/C=2,market_xgb,"[""log_vix"", ""vol20"", ""drawdown_60"", ""yield_curve""]",2.0,0,xgb,0.15713126703067232,2996,208
loss075,2022,market_xgb/C=3,market_xgb,"[""log_vix"", ""vol20"", ""drawdown_60"", ""yield_curve""]",3.0,0,xgb,0.13489908513546325,2996,208
loss075,2022,market_xgb/C=4,market_xgb,"[""log_vix"", ""vol20"", ""drawdown_60"", ""yield_curve""]",4.0,0,xgb,0.13208756430822727,2996,208
loss075,2022,topology_xgb/C=2,topology_xgb,"[""h1_entropy_normalized"", ""h1_total_per_asset"", ""w2_per_sqrt_asset""]",2.0,0,xgb,0.10965329004176841,2996,208
loss075,2022,topology_xgb/C=3,topology_xgb,"[""h1_entropy_normalized"", ""h1_total_per_asset"", ""w2_per_sqrt_asset""]",3.0,0,xgb,0.1087684663471441,2996,208
loss075,2022,topology_xgb/C=4,topology_xgb,"[""h1_entropy_normalized"", ""h1_total_per_asset"", ""w2_per_sqrt_asset""]",4.0,0,xgb,0.10953136742291986,2996,208
loss075,2022,combined_xgb/C=2,combined_xgb,"[""log_vix"", ""vol20"", ""drawdown_60"", ""yield_curve"", ""h1_entropy_normalized"", ""h1_total_per_asset"", ""w2_per_sqrt_asset""]",2.0,0,xgb,0.12790832354589934,2996,208
loss075,2022,combined_xgb/C=3,combined_xgb,"[""log_vix"", ""vol20"", ""drawdown_60"", ""yield_curve"", ""h1_entropy_normalized"", ""h1_total_per_asset"", ""w2_per_sqrt_asset""]",3.0,0,xgb,0.11447643230079484,2996,208
loss075,2022,combined_xgb/C=4,combined_xgb,"[""log_vix"", ""vol20"", ""drawdown_60"", ""yield_curve"", ""h1_entropy_normalized"", ""h1_total_per_asset"", ""w2_per_sqrt_asset""]",4.0,0,xgb,0.11154356152589429,2996,208
loss075,2023,market/C=0.01,market,"[""log_vix"", ""vol20"", ""drawdown_60"", ""yield_curve""]",0.01,0,lr,0.08124017732584937,3147,171
loss075,2023,market/C=0.1,market,"[""log_vix"", ""vol20"", ""drawdown_60"", ""yield_curve""]",0.1,0,lr,0.08779357402697086,3147,171
loss075,2023,market/C=1.0,market,"[""log_vix"", ""vol20"", ""drawdown_60"", ""yield_curve""]",1.0,0,lr,0.08873205507657753,3147,171
loss075,2023,topology/C=0.01,topology,"[""h1_entropy_normalized"", ""h1_total_per_asset"", ""w2_per_sqrt_asset""]",0.01,0,lr,0.06214193012257435,3147,171
loss075,2023,topology/C=0.1,topology,"[""h1_entropy_normalized"", ""h1_total_per_asset"", ""w2_per_sqrt_asset""]",0.1,0,lr,0.0654607843801997,3147,171
loss075,2023,topology/C=1.0,topology,"[""h1_entropy_normalized"", ""h1_total_per_asset"", ""w2_per_sqrt_asset""]",1.0,0,lr,0.06594133598438229,3147,171
loss075,2023,combined/C=0.01,combined,"[""log_vix"", ""vol20"", ""drawdown_60"", ""yield_curve"", ""h1_entropy_normalized"", ""h1_total_per_asset"", ""w2_per_sqrt_asset""]",0.01,0,lr,0.07937410059008812,3147,171
loss075,2023,combined/C=0.1,combined,"[""log_vix"", ""vol20"", ""drawdown_60"", ""yield_curve"", ""h1_entropy_normalized"", ""h1_total_per_asset"", ""w2_per_sqrt_asset""]",0.1,0,lr,0.08590824611515546,3147,171
loss075,2023,combined/C=1.0,combined,"[""log_vix"", ""vol20"", ""drawdown_60"", ""yield_curve"", ""h1_entropy_normalized"", ""h1_total_per_asset"", ""w2_per_sqrt_asset""]",1.0,0,lr,0.08661133022625553,3147,171
loss075,2023,market_xgb/C=2,market_xgb,"[""log_vix"", ""vol20"", ""drawdown_60"", ""yield_curve""]",2.0,0,xgb,0.08876014871626678,3147,171
loss075,2023,market_xgb/C=3,market_xgb,"[""log_vix"", ""vol20"", ""drawdown_60"", ""yield_curve""]",3.0,0,xgb,0.07901443355815428,3147,171
loss075,2023,market_xgb/C=4,market_xgb,"[""log_vix"", ""vol20"", ""drawdown_60"", ""yield_curve""]",4.0,0,xgb,0.07435032642414192,3147,171
loss075,2023,topology_xgb/C=2,topology_xgb,"[""h1_entropy_normalized"", ""h1_total_per_asset"", ""w2_per_sqrt_asset""]",2.0,0,xgb,0.07172503855349702,3147,171
loss075,2023,topology_xgb/C=3,topology_xgb,"[""h1_entropy_normalized"", ""h1_total_per_asset"", ""w2_per_sqrt_asset""]",3.0,0,xgb,0.07216109227010387,3147,171
loss075,2023,topology_xgb/C=4,topology_xgb,"[""h1_entropy_normalized"", ""h1_total_per_asset"", ""w2_per_sqrt_asset""]",4.0,0,xgb,0.06980280091155228,3147,171
loss075,2023,combined_xgb/C=2,combined_xgb,"[""log_vix"", ""vol20"", ""drawdown_60"", ""yield_curve"", ""h1_entropy_normalized"", ""h1_total_per_asset"", ""w2_per_sqrt_asset""]",2.0,0,xgb,0.07341615130917944,3147,171
loss075,2023,combined_xgb/C=3,combined_xgb,"[""log_vix"", ""vol20"", ""drawdown_60"", ""yield_curve"", ""h1_entropy_normalized"", ""h1_total_per_asset"", ""w2_per_sqrt_asset""]",3.0,0,xgb,0.06836614109373705,3147,171
loss075,2023,combined_xgb/C=4,combined_xgb,"[""log_vix"", ""vol20"", ""drawdown_60"", ""yield_curve"", ""h1_entropy_normalized"", ""h1_total_per_asset"", ""w2_per_sqrt_asset""]",4.0,0,xgb,0.06803283713534203,3147,171
loss075,2024,market/C=0.01,market,"[""log_vix"", ""vol20"", ""drawdown_60"", ""yield_curve""]",0.01,0,lr,0.11504958860343689,3297,245
loss075,2024,market/C=0.1,market,"[""log_vix"", ""vol20"", ""drawdown_60"", ""yield_curve""]",0.1,0,lr,0.1201735935974499,3297,245
loss075,2024,market/C=1.0,market,"[""log_vix"", ""vol20"", ""drawdown_60"", ""yield_curve""]",1.0,0,lr,0.12049984395776313,3297,245
loss075,2024,topology/C=0.01,topology,"[""h1_entropy_normalized"", ""h1_total_per_asset"", ""w2_per_sqrt_asset""]",0.01,0,lr,0.07948188449629158,3297,245
loss075,2024,topology/C=0.1,topology,"[""h1_entropy_normalized"", ""h1_total_per_asset"", ""w2_per_sqrt_asset""]",0.1,0,lr,0.08326472975320888,3297,245
loss075,2024,topology/C=1.0,topology,"[""h1_entropy_normalized"", ""h1_total_per_asset"", ""w2_per_sqrt_asset""]",1.0,0,lr,0.08425687773874663,3297,245
loss075,2024,combined/C=0.01,combined,"[""log_vix"", ""vol20"", ""drawdown_60"", ""yield_curve"", ""h1_entropy_normalized"", ""h1_total_per_asset"", ""w2_per_sqrt_asset""]",0.01,0,lr,0.11001660576453293,3297,245
loss075,2024,combined/C=0.1,combined,"[""log_vix"", ""vol20"", ""drawdown_60"", ""yield_curve"", ""h1_entropy_normalized"", ""h1_total_per_asset"", ""w2_per_sqrt_asset""]",0.1,0,lr,0.11565246929483618,3297,245
loss075,2024,combined/C=1.0,combined,"[""log_vix"", ""vol20"", ""drawdown_60"", ""yield_curve"", ""h1_entropy_normalized"", ""h1_total_per_asset"", ""w2_per_sqrt_asset""]",1.0,0,lr,0.115681710950305,3297,245
loss075,2024,market_xgb/C=2,market_xgb,"[""log_vix"", ""vol20"", ""drawdown_60"", ""yield_curve""]",2.0,0,xgb,0.11288526063104803,3297,245
loss075,2024,market_xgb/C=3,market_xgb,"[""log_vix"", ""vol20"", ""drawdown_60"", ""yield_curve""]",3.0,0,xgb,0.10463198989382337,3297,245
loss075,2024,market_xgb/C=4,market_xgb,"[""log_vix"", ""vol20"", ""drawdown_60"", ""yield_curve""]",4.0,0,xgb,0.10841547291237776,3297,245
loss075,2024,topology_xgb/C=2,topology_xgb,"[""h1_entropy_normalized"", ""h1_total_per_asset"", ""w2_per_sqrt_asset""]",2.0,0,xgb,0.09991104163310188,3297,245
loss075,2024,topology_xgb/C=3,topology_xgb,"[""h1_entropy_normalized"", ""h1_total_per_asset"", ""w2_per_sqrt_asset""]",3.0,0,xgb,0.09790148814256464,3297,245
loss075,2024,topology_xgb/C=4,topology_xgb,"[""h1_entropy_normalized"", ""h1_total_per_asset"", ""w2_per_sqrt_asset""]",4.0,0,xgb,0.09672055054065448,3297,245
loss075,2024,combined_xgb/C=2,combined_xgb,"[""log_vix"", ""vol20"", ""drawdown_60"", ""yield_curve"", ""h1_entropy_normalized"", ""h1_total_per_asset"", ""w2_per_sqrt_asset""]",2.0,0,xgb,0.10202278578402371,3297,245
loss075,2024,combined_xgb/C=3,combined_xgb,"[""log_vix"", ""vol20"", ""drawdown_60"", ""yield_curve"", ""h1_entropy_normalized"", ""h1_total_per_asset"", ""w2_per_sqrt_asset""]",3.0,0,xgb,0.09598079924320344,3297,245
loss075,2024,combined_xgb/C=4,combined_xgb,"[""log_vix"", ""vol20"", ""drawdown_60"", ""yield_curve"", ""h1_entropy_normalized"", ""h1_total_per_asset"", ""w2_per_sqrt_asset""]",4.0,0,xgb,0.09556887239820885,3297,245
loss05,2007,market/C=0.01,market,"[""log_vix"", ""vol20"", ""drawdown_60"", ""yield_curve""]",0.01,0,lr,0.05746699976632528,730,27
loss05,2007,market/C=0.1,market,"[""log_vix"", ""vol20"", ""drawdown_60"", ""yield_curve""]",0.1,0,lr,0.028262911050634096,730,27
loss05,2007,market/C=1.0,market,"[""log_vix"", ""vol20"", ""drawdown_60"", ""yield_curve""]",1.0,0,lr,0.028348825714540095,730,27
loss05,2007,topology/C=0.01,topology,"[""h1_entropy_normalized"", ""h1_total_per_asset"", ""w2_per_sqrt_asset""]",0.01,0,lr,0.06817848401083802,730,27
loss05,2007,topology/C=0.1,topology,"[""h1_entropy_normalized"", ""h1_total_per_asset"", ""w2_per_sqrt_asset""]",0.1,0,lr,0.06084076852989259,730,27
loss05,2007,topology/C=1.0,topology,"[""h1_entropy_normalized"", ""h1_total_per_asset"", ""w2_per_sqrt_asset""]",1.0,0,lr,0.05943385858864923,730,27
loss05,2007,combined/C=0.01,combined,"[""log_vix"", ""vol20"", ""drawdown_60"", ""yield_curve"", ""h1_entropy_normalized"", ""h1_total_per_asset"", ""w2_per_sqrt_asset""]",0.01,0,lr,0.048313615060585166,730,27
loss05,2007,combined/C=0.1,combined,"[""log_vix"", ""vol20"", ""drawdown_60"", ""yield_curve"", ""h1_entropy_normalized"", ""h1_total_per_asset"", ""w2_per_sqrt_asset""]",0.1,0,lr,0.026173194827076585,730,27
loss05,2007,combined/C=1.0,combined,"[""log_vix"", ""vol20"", ""drawdown_60"", ""yield_curve"", ""h1_entropy_normalized"", ""h1_total_per_asset"", ""w2_per_sqrt_asset""]",1.0,0,lr,0.025580165540281273,730,27
loss05,2007,market_xgb/C=2,market_xgb,"[""log_vix"", ""vol20"", ""drawdown_60"", ""yield_curve""]",2.0,0,xgb,0.025025147164690075,730,27
loss05,2007,market_xgb/C=3,market_xgb,"[""log_vix"", ""vol20"", ""drawdown_60"", ""yield_curve""]",3.0,0,xgb,0.022993553742477562,730,27
loss05,2007,market_xgb/C=4,market_xgb,"[""log_vix"", ""vol20"", ""drawdown_60"", ""yield_curve""]",4.0,0,xgb,0.02268217052836919,730,27
loss05,2007,topology_xgb/C=2,topology_xgb,"[""h1_entropy_normalized"", ""h1_total_per_asset"", ""w2_per_sqrt_asset""]",2.0,0,xgb,0.11336666599162387,730,27
loss05,2007,topology_xgb/C=3,topology_xgb,"[""h1_entropy_normalized"", ""h1_total_per_asset"", ""w2_per_sqrt_asset""]",3.0,0,xgb,0.14412578962895972,730,27
loss05,2007,topology_xgb/C=4,topology_xgb,"[""h1_entropy_normalized"", ""h1_total_per_asset"", ""w2_per_sqrt_asset""]",4.0,0,xgb,0.1418847070827925,730,27
loss05,2007,combined_xgb/C=2,combined_xgb,"[""log_vix"", ""vol20"", ""drawdown_60"", ""yield_curve"", ""h1_entropy_normalized"", ""h1_total_per_asset"", ""w2_per_sqrt_asset""]",2.0,0,xgb,0.03638076279691871,730,27
loss05,2007,combined_xgb/C=3,combined_xgb,"[""log_vix"", ""vol20"", ""drawdown_60"", ""yield_curve"", ""h1_entropy_normalized"", ""h1_total_per_asset"", ""w2_per_sqrt_asset""]",3.0,0,xgb,0.035388747869619853,730,27
loss05,2007,combined_xgb/C=4,combined_xgb,"[""log_vix"", ""vol20"", ""drawdown_60"", ""yield_curve"", ""h1_entropy_normalized"", ""h1_total_per_asset"", ""w2_per_sqrt_asset""]",4.0,0,xgb,0.03465943619094735,730,27
loss05,2008,market/C=0.01,market,"[""log_vix"", ""vol20"", ""drawdown_60"", ""yield_curve""]",0.01,0,lr,0.016542162312752323,881,12
loss05,2008,market/C=0.1,market,"[""log_vix"", ""vol20"", ""drawdown_60"", ""yield_curve""]",0.1,0,lr,0.016117530688747172,881,12
loss05,2008,market/C=1.0,market,"[""log_vix"", ""vol20"", ""drawdown_60"", ""yield_curve""]",1.0,0,lr,0.016157198564982364,881,12
loss05,2008,topology/C=0.01,topology,"[""h1_entropy_normalized"", ""h1_total_per_asset"", ""w2_per_sqrt_asset""]",0.01,0,lr,0.06273011227224805,881,12
loss05,2008,topology/C=0.1,topology,"[""h1_entropy_normalized"", ""h1_total_per_asset"", ""w2_per_sqrt_asset""]",0.1,0,lr,0.04492681931417573,881,12
loss05,2008,topology/C=1.0,topology,"[""h1_entropy_normalized"", ""h1_total_per_asset"", ""w2_per_sqrt_asset""]",1.0,0,lr,0.03875609595239224,881,12
loss05,2008,combined/C=0.01,combined,"[""log_vix"", ""vol20"", ""drawdown_60"", ""yield_curve"", ""h1_entropy_normalized"", ""h1_total_per_asset"", ""w2_per_sqrt_asset""]",0.01,0,lr,0.01886809599762048,881,12
loss05,2008,combined/C=0.1,combined,"[""log_vix"", ""vol20"", ""drawdown_60"", ""yield_curve"", ""h1_entropy_normalized"", ""h1_total_per_asset"", ""w2_per_sqrt_asset""]",0.1,0,lr,0.01336951940914598,881,12
loss05,2008,combined/C=1.0,combined,"[""log_vix"", ""vol20"", ""drawdown_60"", ""yield_curve"", ""h1_entropy_normalized"", ""h1_total_per_asset"", ""w2_per_sqrt_asset""]",1.0,0,lr,0.01251673894271374,881,12
loss05,2008,market_xgb/C=2,market_xgb,"[""log_vix"", ""vol20"", ""drawdown_60"", ""yield_curve""]",2.0,0,xgb,0.01677496534736112,881,12
loss05,2008,market_xgb/C=3,market_xgb,"[""log_vix"", ""vol20"", ""drawdown_60"", ""yield_curve""]",3.0,0,xgb,0.01729892199827445,881,12
loss05,2008,market_xgb/C=4,market_xgb,"[""log_vix"", ""vol20"", ""drawdown_60"", ""yield_curve""]",4.0,0,xgb,0.017359584536517047,881,12
loss05,2008,topology_xgb/C=2,topology_xgb,"[""h1_entropy_normalized"", ""h1_total_per_asset"", ""w2_per_sqrt_asset""]",2.0,0,xgb,0.0557973224211882,881,12
loss05,2008,topology_xgb/C=3,topology_xgb,"[""h1_entropy_normalized"", ""h1_total_per_asset"", ""w2_per_sqrt_asset""]",3.0,0,xgb,0.0719356493023026,881,12
loss05,2008,topology_xgb/C=4,topology_xgb,"[""h1_entropy_normalized"", ""h1_total_per_asset"", ""w2_per_sqrt_asset""]",4.0,0,xgb,0.06833185640927882,881,12
loss05,2008,combined_xgb/C=2,combined_xgb,"[""log_vix"", ""vol20"", ""drawdown_60"", ""yield_curve"", ""h1_entropy_normalized"", ""h1_total_per_asset"", ""w2_per_sqrt_asset""]",2.0,0,xgb,0.03574033366057401,881,12
loss05,2008,combined_xgb/C=3,combined_xgb,"[""log_vix"", ""vol20"", ""drawdown_60"", ""yield_curve"", ""h1_entropy_normalized"", ""h1_total_per_asset"", ""w2_per_sqrt_asset""]",3.0,0,xgb,0.03722552644309077,881,12
loss05,2008,combined_xgb/C=4,combined_xgb,"[""log_vix"", ""vol20"", ""drawdown_60"", ""yield_curve"", ""h1_entropy_normalized"", ""h1_total_per_asset"", ""w2_per_sqrt_asset""]",4.0,0,xgb,0.03590604680848407,881,12
loss05,2009,market/C=0.01,market,"[""log_vix"", ""vol20"", ""drawdown_60"", ""yield_curve""]",0.01,0,lr,0.035667310414421075,1032,56
loss05,2009,market/C=0.1,market,"[""log_vix"", ""vol20"", ""drawdown_60"", ""yield_curve""]",0.1,0,lr,0.03690311902900999,1032,56
loss05,2009,market/C=1.0,market,"[""log_vix"", ""vol20"", ""drawdown_60"", ""yield_curve""]",1.0,0,lr,0.037651297304471296,1032,56
loss05,2009,topology/C=0.01,topology,"[""h1_entropy_normalized"", ""h1_total_per_asset"", ""w2_per_sqrt_asset""]",0.01,0,lr,0.04682129295635781,1032,56
loss05,2009,topology/C=0.1,topology,"[""h1_entropy_normalized"", ""h1_total_per_asset"", ""w2_per_sqrt_asset""]",0.1,0,lr,0.045229272162015895,1032,56
loss05,2009,topology/C=1.0,topology,"[""h1_entropy_normalized"", ""h1_total_per_asset"", ""w2_per_sqrt_asset""]",1.0,0,lr,0.04510671516843754,1032,56
loss05,2009,combined/C=0.01,combined,"[""log_vix"", ""vol20"", ""drawdown_60"", ""yield_curve"", ""h1_entropy_normalized"", ""h1_total_per_asset"", ""w2_per_sqrt_asset""]",0.01,0,lr,0.037303099804788804,1032,56
loss05,2009,combined/C=0.1,combined,"[""log_vix"", ""vol20"", ""drawdown_60"", ""yield_curve"", ""h1_entropy_normalized"", ""h1_total_per_asset"", ""w2_per_sqrt_asset""]",0.1,0,lr,0.03814839386842863,1032,56
loss05,2009,combined/C=1.0,combined,"[""log_vix"", ""vol20"", ""drawdown_60"", ""yield_curve"", ""h1_entropy_normalized"", ""h1_total_per_asset"", ""w2_per_sqrt_asset""]",1.0,0,lr,0.038739129648699175,1032,56
loss05,2009,market_xgb/C=2,market_xgb,"[""log_vix"", ""vol20"", ""drawdown_60"", ""yield_curve""]",2.0,0,xgb,0.042001454498496966,1032,56
loss05,2009,market_xgb/C=3,market_xgb,"[""log_vix"", ""vol20"", ""drawdown_60"", ""yield_curve""]",3.0,0,xgb,0.04207027473512447,1032,56
loss05,2009,market_xgb/C=4,market_xgb,"[""log_vix"", ""vol20"", ""drawdown_60"", ""yield_curve""]",4.0,0,xgb,0.042491609187906836,1032,56
loss05,2009,topology_xgb/C=2,topology_xgb,"[""h1_entropy_normalized"", ""h1_total_per_asset"", ""w2_per_sqrt_asset""]",2.0,0,xgb,0.03892105054930298,1032,56
loss05,2009,topology_xgb/C=3,topology_xgb,"[""h1_entropy_normalized"", ""h1_total_per_asset"", ""w2_per_sqrt_asset""]",3.0,0,xgb,0.04196962350010126,1032,56
loss05,2009,topology_xgb/C=4,topology_xgb,"[""h1_entropy_normalized"", ""h1_total_per_asset"", ""w2_per_sqrt_asset""]",4.0,0,xgb,0.04040169686260034,1032,56
loss05,2009,combined_xgb/C=2,combined_xgb,"[""log_vix"", ""vol20"", ""drawdown_60"", ""yield_curve"", ""h1_entropy_normalized"", ""h1_total_per_asset"", ""w2_per_sqrt_asset""]",2.0,0,xgb,0.04226329575254064,1032,56
loss05,2009,combined_xgb/C=3,combined_xgb,"[""log_vix"", ""vol20"", ""drawdown_60"", ""yield_curve"", ""h1_entropy_normalized"", ""h1_total_per_asset"", ""w2_per_sqrt_asset""]",3.0,0,xgb,0.04238765789786409,1032,56
loss05,2009,combined_xgb/C=4,combined_xgb,"[""log_vix"", ""vol20"", ""drawdown_60"", ""yield_curve"", ""h1_entropy_normalized"", ""h1_total_per_asset"", ""w2_per_sqrt_asset""]",4.0,0,xgb,0.04212512414236304,1032,56
loss05,2010,market/C=0.01,market,"[""log_vix"", ""vol20"", ""drawdown_60"", ""yield_curve""]",0.01,0,lr,0.23970328711004657,1184,184
loss05,2010,market/C=0.1,market,"[""log_vix"", ""vol20"", ""drawdown_60"", ""yield_curve""]",0.1,0,lr,0.1759284745831621,1184,184
loss05,2010,market/C=1.0,market,"[""log_vix"", ""vol20"", ""drawdown_60"", ""yield_curve""]",1.0,0,lr,0.12736389338878013,1184,184
loss05,2010,topology/C=0.01,topology,"[""h1_entropy_normalized"", ""h1_total_per_asset"", ""w2_per_sqrt_asset""]",0.01,0,lr,0.10728995049918531,1184,184
loss05,2010,topology/C=0.1,topology,"[""h1_entropy_normalized"", ""h1_total_per_asset"", ""w2_per_sqrt_asset""]",0.1,0,lr,0.10652569595158268,1184,184
loss05,2010,topology/C=1.0,topology,"[""h1_entropy_normalized"", ""h1_total_per_asset"", ""w2_per_sqrt_asset""]",1.0,0,lr,0.10652126422093622,1184,184
loss05,2010,combined/C=0.01,combined,"[""log_vix"", ""vol20"", ""drawdown_60"", ""yield_curve"", ""h1_entropy_normalized"", ""h1_total_per_asset"", ""w2_per_sqrt_asset""]",0.01,0,lr,0.23990333658320134,1184,184
loss05,2010,combined/C=0.1,combined,"[""log_vix"", ""vol20"", ""drawdown_60"", ""yield_curve"", ""h1_entropy_normalized"", ""h1_total_per_asset"", ""w2_per_sqrt_asset""]",0.1,0,lr,0.19533110694807382,1184,184
loss05,2010,combined/C=1.0,combined,"[""log_vix"", ""vol20"", ""drawdown_60"", ""yield_curve"", ""h1_entropy_normalized"", ""h1_total_per_asset"", ""w2_per_sqrt_asset""]",1.0,0,lr,0.1188086394417123,1184,184
loss05,2010,market_xgb/C=2,market_xgb,"[""log_vix"", ""vol20"", ""drawdown_60"", ""yield_curve""]",2.0,0,xgb,0.1377980233842897,1184,184
loss05,2010,market_xgb/C=3,market_xgb,"[""log_vix"", ""vol20"", ""drawdown_60"", ""yield_curve""]",3.0,0,xgb,0.12768556919392826,1184,184
loss05,2010,market_xgb/C=4,market_xgb,"[""log_vix"", ""vol20"", ""drawdown_60"", ""yield_curve""]",4.0,0,xgb,0.123735058795048,1184,184
loss05,2010,topology_xgb/C=2,topology_xgb,"[""h1_entropy_normalized"", ""h1_total_per_asset"", ""w2_per_sqrt_asset""]",2.0,0,xgb,0.24225394839793174,1184,184
loss05,2010,topology_xgb/C=3,topology_xgb,"[""h1_entropy_normalized"", ""h1_total_per_asset"", ""w2_per_sqrt_asset""]",3.0,0,xgb,0.24135562562669152,1184,184
loss05,2010,topology_xgb/C=4,topology_xgb,"[""h1_entropy_normalized"", ""h1_total_per_asset"", ""w2_per_sqrt_asset""]",4.0,0,xgb,0.24094564116984413,1184,184
loss05,2010,combined_xgb/C=2,combined_xgb,"[""log_vix"", ""vol20"", ""drawdown_60"", ""yield_curve"", ""h1_entropy_normalized"", ""h1_total_per_asset"", ""w2_per_sqrt_asset""]",2.0,0,xgb,0.1575397057326428,1184,184
loss05,2010,combined_xgb/C=3,combined_xgb,"[""log_vix"", ""vol20"", ""drawdown_60"", ""yield_curve"", ""h1_entropy_normalized"", ""h1_total_per_asset"", ""w2_per_sqrt_asset""]",3.0,0,xgb,0.14190257861592756,1184,184
loss05,2010,combined_xgb/C=4,combined_xgb,"[""log_vix"", ""vol20"", ""drawdown_60"", ""yield_curve"", ""h1_entropy_normalized"", ""h1_total_per_asset"", ""w2_per_sqrt_asset""]",4.0,0,xgb,0.12740167832658145,1184,184
loss05,2011,market/C=0.01,market,"[""log_vix"", ""vol20"", ""drawdown_60"", ""yield_curve""]",0.01,0,lr,0.3176795209584215,1335,256
loss05,2011,market/C=0.1,market,"[""log_vix"", ""vol20"", ""drawdown_60"", ""yield_curve""]",0.1,0,lr,0.2625067504209451,1335,256
loss05,2011,market/C=1.0,market,"[""log_vix"", ""vol20"", ""drawdown_60"", ""yield_curve""]",1.0,0,lr,0.22238873377322838,1335,256
loss05,2011,topology/C=0.01,topology,"[""h1_entropy_normalized"", ""h1_total_per_asset"", ""w2_per_sqrt_asset""]",0.01,0,lr,0.12627951681649718,1335,256
loss05,2011,topology/C=0.1,topology,"[""h1_entropy_normalized"", ""h1_total_per_asset"", ""w2_per_sqrt_asset""]",0.1,0,lr,0.12595737524227646,1335,256
loss05,2011,topology/C=1.0,topology,"[""h1_entropy_normalized"", ""h1_total_per_asset"", ""w2_per_sqrt_asset""]",1.0,0,lr,0.12597509169405632,1335,256
loss05,2011,combined/C=0.01,combined,"[""log_vix"", ""vol20"", ""drawdown_60"", ""yield_curve"", ""h1_entropy_normalized"", ""h1_total_per_asset"", ""w2_per_sqrt_asset""]",0.01,0,lr,0.3299837682283412,1335,256
loss05,2011,combined/C=0.1,combined,"[""log_vix"", ""vol20"", ""drawdown_60"", ""yield_curve"", ""h1_entropy_normalized"", ""h1_total_per_asset"", ""w2_per_sqrt_asset""]",0.1,0,lr,0.2977361536016198,1335,256
loss05,2011,combined/C=1.0,combined,"[""log_vix"", ""vol20"", ""drawdown_60"", ""yield_curve"", ""h1_entropy_normalized"", ""h1_total_per_asset"", ""w2_per_sqrt_asset""]",1.0,0,lr,0.2742554469762623,1335,256
loss05,2011,market_xgb/C=2,market_xgb,"[""log_vix"", ""vol20"", ""drawdown_60"", ""yield_curve""]",2.0,0,xgb,0.14819581799989207,1335,256
loss05,2011,market_xgb/C=3,market_xgb,"[""log_vix"", ""vol20"", ""drawdown_60"", ""yield_curve""]",3.0,0,xgb,0.14062156821141245,1335,256
loss05,2011,market_xgb/C=4,market_xgb,"[""log_vix"", ""vol20"", ""drawdown_60"", ""yield_curve""]",4.0,0,xgb,0.13652833959673677,1335,256
loss05,2011,topology_xgb/C=2,topology_xgb,"[""h1_entropy_normalized"", ""h1_total_per_asset"", ""w2_per_sqrt_asset""]",2.0,0,xgb,0.30153972156768705,1335,256
loss05,2011,topology_xgb/C=3,topology_xgb,"[""h1_entropy_normalized"", ""h1_total_per_asset"", ""w2_per_sqrt_asset""]",3.0,0,xgb,0.3076821976304766,1335,256
loss05,2011,topology_xgb/C=4,topology_xgb,"[""h1_entropy_normalized"", ""h1_total_per_asset"", ""w2_per_sqrt_asset""]",4.0,0,xgb,0.30627300588091044,1335,256
loss05,2011,combined_xgb/C=2,combined_xgb,"[""log_vix"", ""vol20"", ""drawdown_60"", ""yield_curve"", ""h1_entropy_normalized"", ""h1_total_per_asset"", ""w2_per_sqrt_asset""]",2.0,0,xgb,0.19422819934404917,1335,256
loss05,2011,combined_xgb/C=3,combined_xgb,"[""log_vix"", ""vol20"", ""drawdown_60"", ""yield_curve"", ""h1_entropy_normalized"", ""h1_total_per_asset"", ""w2_per_sqrt_asset""]",3.0,0,xgb,0.17939775546365233,1335,256
loss05,2011,combined_xgb/C=4,combined_xgb,"[""log_vix"", ""vol20"", ""drawdown_60"", ""yield_curve"", ""h1_entropy_normalized"", ""h1_total_per_asset"", ""w2_per_sqrt_asset""]",4.0,0,xgb,0.16103049797365343,1335,256
loss05,2012,market/C=0.01,market,"[""log_vix"", ""vol20"", ""drawdown_60"", ""yield_curve""]",0.01,0,lr,0.3224852488597638,1486,319
loss05,2012,market/C=0.1,market,"[""log_vix"", ""vol20"", ""drawdown_60"", ""yield_curve""]",0.1,0,lr,0.28223407109285537,1486,319
loss05,2012,market/C=1.0,market,"[""log_vix"", ""vol20"", ""drawdown_60"", ""yield_curve""]",1.0,0,lr,0.25453492273674694,1486,319
loss05,2012,topology/C=0.01,topology,"[""h1_entropy_normalized"", ""h1_total_per_asset"", ""w2_per_sqrt_asset""]",0.01,0,lr,0.14765600841048113,1486,319
loss05,2012,topology/C=0.1,topology,"[""h1_entropy_normalized"", ""h1_total_per_asset"", ""w2_per_sqrt_asset""]",0.1,0,lr,0.14896453463722734,1486,319
loss05,2012,topology/C=1.0,topology,"[""h1_entropy_normalized"", ""h1_total_per_asset"", ""w2_per_sqrt_asset""]",1.0,0,lr,0.14925770205291422,1486,319
loss05,2012,combined/C=0.01,combined,"[""log_vix"", ""vol20"", ""drawdown_60"", ""yield_curve"", ""h1_entropy_normalized"", ""h1_total_per_asset"", ""w2_per_sqrt_asset""]",0.01,0,lr,0.32843684034989595,1486,319
loss05,2012,combined/C=0.1,combined,"[""log_vix"", ""vol20"", ""drawdown_60"", ""yield_curve"", ""h1_entropy_normalized"", ""h1_total_per_asset"", ""w2_per_sqrt_asset""]",0.1,0,lr,0.32201484996858865,1486,319
loss05,2012,combined/C=1.0,combined,"[""log_vix"", ""vol20"", ""drawdown_60"", ""yield_curve"", ""h1_entropy_normalized"", ""h1_total_per_asset"", ""w2_per_sqrt_asset""]",1.0,0,lr,0.31664954670542406,1486,319
loss05,2012,market_xgb/C=2,market_xgb,"[""log_vix"", ""vol20"", ""drawdown_60"", ""yield_curve""]",2.0,0,xgb,0.27844735516497343,1486,319
loss05,2012,market_xgb/C=3,market_xgb,"[""log_vix"", ""vol20"", ""drawdown_60"", ""yield_curve""]",3.0,0,xgb,0.27565902343706117,1486,319
loss05,2012,market_xgb/C=4,market_xgb,"[""log_vix"", ""vol20"", ""drawdown_60"", ""yield_curve""]",4.0,0,xgb,0.25805746612390285,1486,319
loss05,2012,topology_xgb/C=2,topology_xgb,"[""h1_entropy_normalized"", ""h1_total_per_asset"", ""w2_per_sqrt_asset""]",2.0,0,xgb,0.25534642338368546,1486,319
loss05,2012,topology_xgb/C=3,topology_xgb,"[""h1_entropy_normalized"", ""h1_total_per_asset"", ""w2_per_sqrt_asset""]",3.0,0,xgb,0.24997381011598993,1486,319
loss05,2012,topology_xgb/C=4,topology_xgb,"[""h1_entropy_normalized"", ""h1_total_per_asset"", ""w2_per_sqrt_asset""]",4.0,0,xgb,0.2433045822825573,1486,319
loss05,2012,combined_xgb/C=2,combined_xgb,"[""log_vix"", ""vol20"", ""drawdown_60"", ""yield_curve"", ""h1_entropy_normalized"", ""h1_total_per_asset"", ""w2_per_sqrt_asset""]",2.0,0,xgb,0.3303417116951276,1486,319
loss05,2012,combined_xgb/C=3,combined_xgb,"[""log_vix"", ""vol20"", ""drawdown_60"", ""yield_curve"", ""h1_entropy_normalized"", ""h1_total_per_asset"", ""w2_per_sqrt_asset""]",3.0,0,xgb,0.31645762735377503,1486,319
loss05,2012,combined_xgb/C=4,combined_xgb,"[""log_vix"", ""vol20"", ""drawdown_60"", ""yield_curve"", ""h1_entropy_normalized"", ""h1_total_per_asset"", ""w2_per_sqrt_asset""]",4.0,0,xgb,0.2935054227676145,1486,319
loss05,2013,market/C=0.01,market,"[""log_vix"", ""vol20"", ""drawdown_60"", ""yield_curve""]",0.01,0,lr,0.40839095624605537,1636,380
loss05,2013,market/C=0.1,market,"[""log_vix"", ""vol20"", ""drawdown_60"", ""yield_curve""]",0.1,0,lr,0.366529326684566,1636,380
loss05,2013,market/C=1.0,market,"[""log_vix"", ""vol20"", ""drawdown_60"", ""yield_curve""]",1.0,0,lr,0.34337950467598705,1636,380
loss05,2013,topology/C=0.01,topology,"[""h1_entropy_normalized"", ""h1_total_per_asset"", ""w2_per_sqrt_asset""]",0.01,0,lr,0.35467191954870364,1636,380
loss05,2013,topology/C=0.1,topology,"[""h1_entropy_normalized"", ""h1_total_per_asset"", ""w2_per_sqrt_asset""]",0.1,0,lr,0.3560588417468204,1636,380
loss05,2013,topology/C=1.0,topology,"[""h1_entropy_normalized"", ""h1_total_per_asset"", ""w2_per_sqrt_asset""]",1.0,0,lr,0.3560471329056601,1636,380
loss05,2013,combined/C=0.01,combined,"[""log_vix"", ""vol20"", ""drawdown_60"", ""yield_curve"", ""h1_entropy_normalized"", ""h1_total_per_asset"", ""w2_per_sqrt_asset""]",0.01,0,lr,0.41444244146629505,1636,380
loss05,2013,combined/C=0.1,combined,"[""log_vix"", ""vol20"", ""drawdown_60"", ""yield_curve"", ""h1_entropy_normalized"", ""h1_total_per_asset"", ""w2_per_sqrt_asset""]",0.1,0,lr,0.3963111603025015,1636,380
loss05,2013,combined/C=1.0,combined,"[""log_vix"", ""vol20"", ""drawdown_60"", ""yield_curve"", ""h1_entropy_normalized"", ""h1_total_per_asset"", ""w2_per_sqrt_asset""]",1.0,0,lr,0.3907943115477517,1636,380
loss05,2013,market_xgb/C=2,market_xgb,"[""log_vix"", ""vol20"", ""drawdown_60"", ""yield_curve""]",2.0,0,xgb,0.3275068356320002,1636,380
loss05,2013,market_xgb/C=3,market_xgb,"[""log_vix"", ""vol20"", ""drawdown_60"", ""yield_curve""]",3.0,0,xgb,0.3220627126190208,1636,380
loss05,2013,market_xgb/C=4,market_xgb,"[""log_vix"", ""vol20"", ""drawdown_60"", ""yield_curve""]",4.0,0,xgb,0.32720971960077505,1636,380
loss05,2013,topology_xgb/C=2,topology_xgb,"[""h1_entropy_normalized"", ""h1_total_per_asset"", ""w2_per_sqrt_asset""]",2.0,0,xgb,0.3117394042420435,1636,380
loss05,2013,topology_xgb/C=3,topology_xgb,"[""h1_entropy_normalized"", ""h1_total_per_asset"", ""w2_per_sqrt_asset""]",3.0,0,xgb,0.29839189975501856,1636,380
loss05,2013,topology_xgb/C=4,topology_xgb,"[""h1_entropy_normalized"", ""h1_total_per_asset"", ""w2_per_sqrt_asset""]",4.0,0,xgb,0.2923918353393823,1636,380
loss05,2013,combined_xgb/C=2,combined_xgb,"[""log_vix"", ""vol20"", ""drawdown_60"", ""yield_curve"", ""h1_entropy_normalized"", ""h1_total_per_asset"", ""w2_per_sqrt_asset""]",2.0,0,xgb,0.36043611814616827,1636,380
loss05,2013,combined_xgb/C=3,combined_xgb,"[""log_vix"", ""vol20"", ""drawdown_60"", ""yield_curve"", ""h1_entropy_normalized"", ""h1_total_per_asset"", ""w2_per_sqrt_asset""]",3.0,0,xgb,0.34591030331965505,1636,380
loss05,2013,combined_xgb/C=4,combined_xgb,"[""log_vix"", ""vol20"", ""drawdown_60"", ""yield_curve"", ""h1_entropy_normalized"", ""h1_total_per_asset"", ""w2_per_sqrt_asset""]",4.0,0,xgb,0.34880885345975005,1636,380
loss05,2014,market/C=0.01,market,"[""log_vix"", ""vol20"", ""drawdown_60"", ""yield_curve""]",0.01,0,lr,0.41290176270626605,1787,413
loss05,2014,market/C=0.1,market,"[""log_vix"", ""vol20"", ""drawdown_60"", ""yield_curve""]",0.1,0,lr,0.3815963300858017,1787,413
loss05,2014,market/C=1.0,market,"[""log_vix"", ""vol20"", ""drawdown_60"", ""yield_curve""]",1.0,0,lr,0.3603546048791955,1787,413
loss05,2014,topology/C=0.01,topology,"[""h1_entropy_normalized"", ""h1_total_per_asset"", ""w2_per_sqrt_asset""]",0.01,0,lr,0.27411220278263426,1787,413
loss05,2014,topology/C=0.1,topology,"[""h1_entropy_normalized"", ""h1_total_per_asset"", ""w2_per_sqrt_asset""]",0.1,0,lr,0.27751936539597766,1787,413
loss05,2014,topology/C=1.0,topology,"[""h1_entropy_normalized"", ""h1_total_per_asset"", ""w2_per_sqrt_asset""]",1.0,0,lr,0.276451952353717,1787,413
loss05,2014,combined/C=0.01,combined,"[""log_vix"", ""vol20"", ""drawdown_60"", ""yield_curve"", ""h1_entropy_normalized"", ""h1_total_per_asset"", ""w2_per_sqrt_asset""]",0.01,0,lr,0.4062054512802725,1787,413
loss05,2014,combined/C=0.1,combined,"[""log_vix"", ""vol20"", ""drawdown_60"", ""yield_curve"", ""h1_entropy_normalized"", ""h1_total_per_asset"", ""w2_per_sqrt_asset""]",0.1,0,lr,0.3959052850021706,1787,413
loss05,2014,combined/C=1.0,combined,"[""log_vix"", ""vol20"", ""drawdown_60"", ""yield_curve"", ""h1_entropy_normalized"", ""h1_total_per_asset"", ""w2_per_sqrt_asset""]",1.0,0,lr,0.3898795991813255,1787,413
loss05,2014,market_xgb/C=2,market_xgb,"[""log_vix"", ""vol20"", ""drawdown_60"", ""yield_curve""]",2.0,0,xgb,0.31430913738277616,1787,413
loss05,2014,market_xgb/C=3,market_xgb,"[""log_vix"", ""vol20"", ""drawdown_60"", ""yield_curve""]",3.0,0,xgb,0.30442522859801197,1787,413
loss05,2014,market_xgb/C=4,market_xgb,"[""log_vix"", ""vol20"", ""drawdown_60"", ""yield_curve""]",4.0,0,xgb,0.3006227755304346,1787,413
loss05,2014,topology_xgb/C=2,topology_xgb,"[""h1_entropy_normalized"", ""h1_total_per_asset"", ""w2_per_sqrt_asset""]",2.0,0,xgb,0.2851922914596778,1787,413
loss05,2014,topology_xgb/C=3,topology_xgb,"[""h1_entropy_normalized"", ""h1_total_per_asset"", ""w2_per_sqrt_asset""]",3.0,0,xgb,0.2956271890254472,1787,413
loss05,2014,topology_xgb/C=4,topology_xgb,"[""h1_entropy_normalized"", ""h1_total_per_asset"", ""w2_per_sqrt_asset""]",4.0,0,xgb,0.2953808828741055,1787,413
loss05,2014,combined_xgb/C=2,combined_xgb,"[""log_vix"", ""vol20"", ""drawdown_60"", ""yield_curve"", ""h1_entropy_normalized"", ""h1_total_per_asset"", ""w2_per_sqrt_asset""]",2.0,0,xgb,0.3285696071713235,1787,413
loss05,2014,combined_xgb/C=3,combined_xgb,"[""log_vix"", ""vol20"", ""drawdown_60"", ""yield_curve"", ""h1_entropy_normalized"", ""h1_total_per_asset"", ""w2_per_sqrt_asset""]",3.0,0,xgb,0.3233716693917734,1787,413
loss05,2014,combined_xgb/C=4,combined_xgb,"[""log_vix"", ""vol20"", ""drawdown_60"", ""yield_curve"", ""h1_entropy_normalized"", ""h1_total_per_asset"", ""w2_per_sqrt_asset""]",4.0,0,xgb,0.3118733917823372,1787,413
loss05,2015,market/C=0.01,market,"[""log_vix"", ""vol20"", ""drawdown_60"", ""yield_curve""]",0.01,0,lr,0.4223292241153504,1938,415
loss05,2015,market/C=0.1,market,"[""log_vix"", ""vol20"", ""drawdown_60"", ""yield_curve""]",0.1,0,lr,0.3996467487904355,1938,415
loss05,2015,market/C=1.0,market,"[""log_vix"", ""vol20"", ""drawdown_60"", ""yield_curve""]",1.0,0,lr,0.38833299923282366,1938,415
loss05,2015,topology/C=0.01,topology,"[""h1_entropy_normalized"", ""h1_total_per_asset"", ""w2_per_sqrt_asset""]",0.01,0,lr,0.2596793798536736,1938,415
loss05,2015,topology/C=0.1,topology,"[""h1_entropy_normalized"", ""h1_total_per_asset"", ""w2_per_sqrt_asset""]",0.1,0,lr,0.267000218845013,1938,415
loss05,2015,topology/C=1.0,topology,"[""h1_entropy_normalized"", ""h1_total_per_asset"", ""w2_per_sqrt_asset""]",1.0,0,lr,0.26759725757261876,1938,415
loss05,2015,combined/C=0.01,combined,"[""log_vix"", ""vol20"", ""drawdown_60"", ""yield_curve"", ""h1_entropy_normalized"", ""h1_total_per_asset"", ""w2_per_sqrt_asset""]",0.01,0,lr,0.4175680454654583,1938,415
loss05,2015,combined/C=0.1,combined,"[""log_vix"", ""vol20"", ""drawdown_60"", ""yield_curve"", ""h1_entropy_normalized"", ""h1_total_per_asset"", ""w2_per_sqrt_asset""]",0.1,0,lr,0.40503794841251184,1938,415
loss05,2015,combined/C=1.0,combined,"[""log_vix"", ""vol20"", ""drawdown_60"", ""yield_curve"", ""h1_entropy_normalized"", ""h1_total_per_asset"", ""w2_per_sqrt_asset""]",1.0,0,lr,0.3980509245748648,1938,415
loss05,2015,market_xgb/C=2,market_xgb,"[""log_vix"", ""vol20"", ""drawdown_60"", ""yield_curve""]",2.0,0,xgb,0.31785706018186566,1938,415
loss05,2015,market_xgb/C=3,market_xgb,"[""log_vix"", ""vol20"", ""drawdown_60"", ""yield_curve""]",3.0,0,xgb,0.2979345445489789,1938,415
loss05,2015,market_xgb/C=4,market_xgb,"[""log_vix"", ""vol20"", ""drawdown_60"", ""yield_curve""]",4.0,0,xgb,0.2929495262533072,1938,415
loss05,2015,topology_xgb/C=2,topology_xgb,"[""h1_entropy_normalized"", ""h1_total_per_asset"", ""w2_per_sqrt_asset""]",2.0,0,xgb,0.3179156278960386,1938,415
loss05,2015,topology_xgb/C=3,topology_xgb,"[""h1_entropy_normalized"", ""h1_total_per_asset"", ""w2_per_sqrt_asset""]",3.0,0,xgb,0.3192861821496305,1938,415
loss05,2015,topology_xgb/C=4,topology_xgb,"[""h1_entropy_normalized"", ""h1_total_per_asset"", ""w2_per_sqrt_asset""]",4.0,0,xgb,0.32365694757959207,1938,415
loss05,2015,combined_xgb/C=2,combined_xgb,"[""log_vix"", ""vol20"", ""drawdown_60"", ""yield_curve"", ""h1_entropy_normalized"", ""h1_total_per_asset"", ""w2_per_sqrt_asset""]",2.0,0,xgb,0.34772540177447864,1938,415
loss05,2015,combined_xgb/C=3,combined_xgb,"[""log_vix"", ""vol20"", ""drawdown_60"", ""yield_curve"", ""h1_entropy_normalized"", ""h1_total_per_asset"", ""w2_per_sqrt_asset""]",3.0,0,xgb,0.3266094404619667,1938,415
loss05,2015,combined_xgb/C=4,combined_xgb,"[""log_vix"", ""vol20"", ""drawdown_60"", ""yield_curve"", ""h1_entropy_normalized"", ""h1_total_per_asset"", ""w2_per_sqrt_asset""]",4.0,0,xgb,0.3090096862508406,1938,415
loss05,2016,market/C=0.01,market,"[""log_vix"", ""vol20"", ""drawdown_60"", ""yield_curve""]",0.01,0,lr,0.40389425612974544,2090,434
loss05,2016,market/C=0.1,market,"[""log_vix"", ""vol20"", ""drawdown_60"", ""yield_curve""]",0.1,0,lr,0.3875592145317096,2090,434
loss05,2016,market/C=1.0,market,"[""log_vix"", ""vol20"", ""drawdown_60"", ""yield_curve""]",1.0,0,lr,0.3774297857527348,2090,434
loss05,2016,topology/C=0.01,topology,"[""h1_entropy_normalized"", ""h1_total_per_asset"", ""w2_per_sqrt_asset""]",0.01,0,lr,0.22649999097877954,2090,434
loss05,2016,topology/C=0.1,topology,"[""h1_entropy_normalized"", ""h1_total_per_asset"", ""w2_per_sqrt_asset""]",0.1,0,lr,0.23893784323425754,2090,434
loss05,2016,topology/C=1.0,topology,"[""h1_entropy_normalized"", ""h1_total_per_asset"", ""w2_per_sqrt_asset""]",1.0,0,lr,0.23959080744771652,2090,434
loss05,2016,combined/C=0.01,combined,"[""log_vix"", ""vol20"", ""drawdown_60"", ""yield_curve"", ""h1_entropy_normalized"", ""h1_total_per_asset"", ""w2_per_sqrt_asset""]",0.01,0,lr,0.395583067091097,2090,434
loss05,2016,combined/C=0.1,combined,"[""log_vix"", ""vol20"", ""drawdown_60"", ""yield_curve"", ""h1_entropy_normalized"", ""h1_total_per_asset"", ""w2_per_sqrt_asset""]",0.1,0,lr,0.38503136153418255,2090,434
loss05,2016,combined/C=1.0,combined,"[""log_vix"", ""vol20"", ""drawdown_60"", ""yield_curve"", ""h1_entropy_normalized"", ""h1_total_per_asset"", ""w2_per_sqrt_asset""]",1.0,0,lr,0.37852305149095256,2090,434
loss05,2016,market_xgb/C=2,market_xgb,"[""log_vix"", ""vol20"", ""drawdown_60"", ""yield_curve""]",2.0,0,xgb,0.2999465590531005,2090,434
loss05,2016,market_xgb/C=3,market_xgb,"[""log_vix"", ""vol20"", ""drawdown_60"", ""yield_curve""]",3.0,0,xgb,0.2869398286544112,2090,434
loss05,2016,market_xgb/C=4,market_xgb,"[""log_vix"", ""vol20"", ""drawdown_60"", ""yield_curve""]",4.0,0,xgb,0.28211448691572005,2090,434
loss05,2016,topology_xgb/C=2,topology_xgb,"[""h1_entropy_normalized"", ""h1_total_per_asset"", ""w2_per_sqrt_asset""]",2.0,0,xgb,0.2869150448860562,2090,434
loss05,2016,topology_xgb/C=3,topology_xgb,"[""h1_entropy_normalized"", ""h1_total_per_asset"", ""w2_per_sqrt_asset""]",3.0,0,xgb,0.2932145457196804,2090,434
loss05,2016,topology_xgb/C=4,topology_xgb,"[""h1_entropy_normalized"", ""h1_total_per_asset"", ""w2_per_sqrt_asset""]",4.0,0,xgb,0.28934403406576814,2090,434
loss05,2016,combined_xgb/C=2,combined_xgb,"[""log_vix"", ""vol20"", ""drawdown_60"", ""yield_curve"", ""h1_entropy_normalized"", ""h1_total_per_asset"", ""w2_per_sqrt_asset""]",2.0,0,xgb,0.3300709625951572,2090,434
loss05,2016,combined_xgb/C=3,combined_xgb,"[""log_vix"", ""vol20"", ""drawdown_60"", ""yield_curve"", ""h1_entropy_normalized"", ""h1_total_per_asset"", ""w2_per_sqrt_asset""]",3.0,0,xgb,0.30761541949355153,2090,434
loss05,2016,combined_xgb/C=4,combined_xgb,"[""log_vix"", ""vol20"", ""drawdown_60"", ""yield_curve"", ""h1_entropy_normalized"", ""h1_total_per_asset"", ""w2_per_sqrt_asset""]",4.0,0,xgb,0.2953490942800452,2090,434
loss05,2017,market/C=0.01,market,"[""log_vix"", ""vol20"", ""drawdown_60"", ""yield_curve""]",0.01,0,lr,0.3906889003525792,2241,457
loss05,2017,market/C=0.1,market,"[""log_vix"", ""vol20"", ""drawdown_60"", ""yield_curve""]",0.1,0,lr,0.3757561000113454,2241,457
loss05,2017,market/C=1.0,market,"[""log_vix"", ""vol20"", ""drawdown_60"", ""yield_curve""]",1.0,0,lr,0.3660832445842819,2241,457
loss05,2017,topology/C=0.01,topology,"[""h1_entropy_normalized"", ""h1_total_per_asset"", ""w2_per_sqrt_asset""]",0.01,0,lr,0.2045423363925881,2241,457
loss05,2017,topology/C=0.1,topology,"[""h1_entropy_normalized"", ""h1_total_per_asset"", ""w2_per_sqrt_asset""]",0.1,0,lr,0.2220995001810223,2241,457
loss05,2017,topology/C=1.0,topology,"[""h1_entropy_normalized"", ""h1_total_per_asset"", ""w2_per_sqrt_asset""]",1.0,0,lr,0.2236213654559429,2241,457
loss05,2017,combined/C=0.01,combined,"[""log_vix"", ""vol20"", ""drawdown_60"", ""yield_curve"", ""h1_entropy_normalized"", ""h1_total_per_asset"", ""w2_per_sqrt_asset""]",0.01,0,lr,0.38960316048131693,2241,457
loss05,2017,combined/C=0.1,combined,"[""log_vix"", ""vol20"", ""drawdown_60"", ""yield_curve"", ""h1_entropy_normalized"", ""h1_total_per_asset"", ""w2_per_sqrt_asset""]",0.1,0,lr,0.3786830789805073,2241,457
loss05,2017,combined/C=1.0,combined,"[""log_vix"", ""vol20"", ""drawdown_60"", ""yield_curve"", ""h1_entropy_normalized"", ""h1_total_per_asset"", ""w2_per_sqrt_asset""]",1.0,0,lr,0.3721511335322898,2241,457
loss05,2017,market_xgb/C=2,market_xgb,"[""log_vix"", ""vol20"", ""drawdown_60"", ""yield_curve""]",2.0,0,xgb,0.2819851519511858,2241,457
loss05,2017,market_xgb/C=3,market_xgb,"[""log_vix"", ""vol20"", ""drawdown_60"", ""yield_curve""]",3.0,0,xgb,0.2685820963009532,2241,457
loss05,2017,market_xgb/C=4,market_xgb,"[""log_vix"", ""vol20"", ""drawdown_60"", ""yield_curve""]",4.0,0,xgb,0.2631609985970627,2241,457
loss05,2017,topology_xgb/C=2,topology_xgb,"[""h1_entropy_normalized"", ""h1_total_per_asset"", ""w2_per_sqrt_asset""]",2.0,0,xgb,0.267067425191536,2241,457
loss05,2017,topology_xgb/C=3,topology_xgb,"[""h1_entropy_normalized"", ""h1_total_per_asset"", ""w2_per_sqrt_asset""]",3.0,0,xgb,0.2726421983379684,2241,457
loss05,2017,topology_xgb/C=4,topology_xgb,"[""h1_entropy_normalized"", ""h1_total_per_asset"", ""w2_per_sqrt_asset""]",4.0,0,xgb,0.2685639082466212,2241,457
loss05,2017,combined_xgb/C=2,combined_xgb,"[""log_vix"", ""vol20"", ""drawdown_60"", ""yield_curve"", ""h1_entropy_normalized"", ""h1_total_per_asset"", ""w2_per_sqrt_asset""]",2.0,0,xgb,0.30559540231486904,2241,457
loss05,2017,combined_xgb/C=3,combined_xgb,"[""log_vix"", ""vol20"", ""drawdown_60"", ""yield_curve"", ""h1_entropy_normalized"", ""h1_total_per_asset"", ""w2_per_sqrt_asset""]",3.0,0,xgb,0.2831953465290918,2241,457
loss05,2017,combined_xgb/C=4,combined_xgb,"[""log_vix"", ""vol20"", ""drawdown_60"", ""yield_curve"", ""h1_entropy_normalized"", ""h1_total_per_asset"", ""w2_per_sqrt_asset""]",4.0,0,xgb,0.273195874982592,2241,457
loss05,2018,market/C=0.01,market,"[""log_vix"", ""vol20"", ""drawdown_60"", ""yield_curve""]",0.01,0,lr,0.37674997157601564,2391,469
loss05,2018,market/C=0.1,market,"[""log_vix"", ""vol20"", ""drawdown_60"", ""yield_curve""]",0.1,0,lr,0.36143554216625595,2391,469
loss05,2018,market/C=1.0,market,"[""log_vix"", ""vol20"", ""drawdown_60"", ""yield_curve""]",1.0,0,lr,0.35106981181312125,2391,469
loss05,2018,topology/C=0.01,topology,"[""h1_entropy_normalized"", ""h1_total_per_asset"", ""w2_per_sqrt_asset""]",0.01,0,lr,0.14752062856720932,2391,469
loss05,2018,topology/C=0.1,topology,"[""h1_entropy_normalized"", ""h1_total_per_asset"", ""w2_per_sqrt_asset""]",0.1,0,lr,0.1508336202504766,2391,469
loss05,2018,topology/C=1.0,topology,"[""h1_entropy_normalized"", ""h1_total_per_asset"", ""w2_per_sqrt_asset""]",1.0,0,lr,0.15106402222261034,2391,469
loss05,2018,combined/C=0.01,combined,"[""log_vix"", ""vol20"", ""drawdown_60"", ""yield_curve"", ""h1_entropy_normalized"", ""h1_total_per_asset"", ""w2_per_sqrt_asset""]",0.01,0,lr,0.3678440262390571,2391,469
loss05,2018,combined/C=0.1,combined,"[""log_vix"", ""vol20"", ""drawdown_60"", ""yield_curve"", ""h1_entropy_normalized"", ""h1_total_per_asset"", ""w2_per_sqrt_asset""]",0.1,0,lr,0.35771659360471186,2391,469
loss05,2018,combined/C=1.0,combined,"[""log_vix"", ""vol20"", ""drawdown_60"", ""yield_curve"", ""h1_entropy_normalized"", ""h1_total_per_asset"", ""w2_per_sqrt_asset""]",1.0,0,lr,0.3517744297672717,2391,469
loss05,2018,market_xgb/C=2,market_xgb,"[""log_vix"", ""vol20"", ""drawdown_60"", ""yield_curve""]",2.0,0,xgb,0.26232472650046285,2391,469
loss05,2018,market_xgb/C=3,market_xgb,"[""log_vix"", ""vol20"", ""drawdown_60"", ""yield_curve""]",3.0,0,xgb,0.25743173528554325,2391,469
loss05,2018,market_xgb/C=4,market_xgb,"[""log_vix"", ""vol20"", ""drawdown_60"", ""yield_curve""]",4.0,0,xgb,0.25360136321734705,2391,469
loss05,2018,topology_xgb/C=2,topology_xgb,"[""h1_entropy_normalized"", ""h1_total_per_asset"", ""w2_per_sqrt_asset""]",2.0,0,xgb,0.24706899234785776,2391,469
loss05,2018,topology_xgb/C=3,topology_xgb,"[""h1_entropy_normalized"", ""h1_total_per_asset"", ""w2_per_sqrt_asset""]",3.0,0,xgb,0.2595449969724843,2391,469
loss05,2018,topology_xgb/C=4,topology_xgb,"[""h1_entropy_normalized"", ""h1_total_per_asset"", ""w2_per_sqrt_asset""]",4.0,0,xgb,0.25845454522747346,2391,469
loss05,2018,combined_xgb/C=2,combined_xgb,"[""log_vix"", ""vol20"", ""drawdown_60"", ""yield_curve"", ""h1_entropy_normalized"", ""h1_total_per_asset"", ""w2_per_sqrt_asset""]",2.0,0,xgb,0.2845928110069357,2391,469
loss05,2018,combined_xgb/C=3,combined_xgb,"[""log_vix"", ""vol20"", ""drawdown_60"", ""yield_curve"", ""h1_entropy_normalized"", ""h1_total_per_asset"", ""w2_per_sqrt_asset""]",3.0,0,xgb,0.2770924803957694,2391,469
loss05,2018,combined_xgb/C=4,combined_xgb,"[""log_vix"", ""vol20"", ""drawdown_60"", ""yield_curve"", ""h1_entropy_normalized"", ""h1_total_per_asset"", ""w2_per_sqrt_asset""]",4.0,0,xgb,0.26427680509430673,2391,469
loss05,2019,market/C=0.01,market,"[""log_vix"", ""vol20"", ""drawdown_60"", ""yield_curve""]",0.01,0,lr,0.3906185903155451,2542,455
loss05,2019,market/C=0.1,market,"[""log_vix"", ""vol20"", ""drawdown_60"", ""yield_curve""]",0.1,0,lr,0.3744708540511114,2542,455
loss05,2019,market/C=1.0,market,"[""log_vix"", ""vol20"", ""drawdown_60"", ""yield_curve""]",1.0,0,lr,0.3631966086802596,2542,455
loss05,2019,topology/C=0.01,topology,"[""h1_entropy_normalized"", ""h1_total_per_asset"", ""w2_per_sqrt_asset""]",0.01,0,lr,0.14681100644979106,2542,455
loss05,2019,topology/C=0.1,topology,"[""h1_entropy_normalized"", ""h1_total_per_asset"", ""w2_per_sqrt_asset""]",0.1,0,lr,0.15207788935723815,2542,455
loss05,2019,topology/C=1.0,topology,"[""h1_entropy_normalized"", ""h1_total_per_asset"", ""w2_per_sqrt_asset""]",1.0,0,lr,0.1526729745530306,2542,455
loss05,2019,combined/C=0.01,combined,"[""log_vix"", ""vol20"", ""drawdown_60"", ""yield_curve"", ""h1_entropy_normalized"", ""h1_total_per_asset"", ""w2_per_sqrt_asset""]",0.01,0,lr,0.3880537386967038,2542,455
loss05,2019,combined/C=0.1,combined,"[""log_vix"", ""vol20"", ""drawdown_60"", ""yield_curve"", ""h1_entropy_normalized"", ""h1_total_per_asset"", ""w2_per_sqrt_asset""]",0.1,0,lr,0.3734964829779645,2542,455
loss05,2019,combined/C=1.0,combined,"[""log_vix"", ""vol20"", ""drawdown_60"", ""yield_curve"", ""h1_entropy_normalized"", ""h1_total_per_asset"", ""w2_per_sqrt_asset""]",1.0,0,lr,0.3668169411884721,2542,455
loss05,2019,market_xgb/C=2,market_xgb,"[""log_vix"", ""vol20"", ""drawdown_60"", ""yield_curve""]",2.0,0,xgb,0.2901053256348157,2542,455
loss05,2019,market_xgb/C=3,market_xgb,"[""log_vix"", ""vol20"", ""drawdown_60"", ""yield_curve""]",3.0,0,xgb,0.2823773453541291,2542,455
loss05,2019,market_xgb/C=4,market_xgb,"[""log_vix"", ""vol20"", ""drawdown_60"", ""yield_curve""]",4.0,0,xgb,0.2776436374892197,2542,455
loss05,2019,topology_xgb/C=2,topology_xgb,"[""h1_entropy_normalized"", ""h1_total_per_asset"", ""w2_per_sqrt_asset""]",2.0,0,xgb,0.2534621414561103,2542,455
loss05,2019,topology_xgb/C=3,topology_xgb,"[""h1_entropy_normalized"", ""h1_total_per_asset"", ""w2_per_sqrt_asset""]",3.0,0,xgb,0.26332311692308163,2542,455
loss05,2019,topology_xgb/C=4,topology_xgb,"[""h1_entropy_normalized"", ""h1_total_per_asset"", ""w2_per_sqrt_asset""]",4.0,0,xgb,0.2625023364206215,2542,455
loss05,2019,combined_xgb/C=2,combined_xgb,"[""log_vix"", ""vol20"", ""drawdown_60"", ""yield_curve"", ""h1_entropy_normalized"", ""h1_total_per_asset"", ""w2_per_sqrt_asset""]",2.0,0,xgb,0.3132110534141244,2542,455
loss05,2019,combined_xgb/C=3,combined_xgb,"[""log_vix"", ""vol20"", ""drawdown_60"", ""yield_curve"", ""h1_entropy_normalized"", ""h1_total_per_asset"", ""w2_per_sqrt_asset""]",3.0,0,xgb,0.3045043093325799,2542,455
loss05,2019,combined_xgb/C=4,combined_xgb,"[""log_vix"", ""vol20"", ""drawdown_60"", ""yield_curve"", ""h1_entropy_normalized"", ""h1_total_per_asset"", ""w2_per_sqrt_asset""]",4.0,0,xgb,0.29364381082830227,2542,455
loss05,2020,market/C=0.01,market,"[""log_vix"", ""vol20"", ""drawdown_60"", ""yield_curve""]",0.01,0,lr,0.37345329438621344,2693,454
loss05,2020,market/C=0.1,market,"[""log_vix"", ""vol20"", ""drawdown_60"", ""yield_curve""]",0.1,0,lr,0.3550041134505815,2693,454
loss05,2020,market/C=1.0,market,"[""log_vix"", ""vol20"", ""drawdown_60"", ""yield_curve""]",1.0,0,lr,0.3447921607094417,2693,454
loss05,2020,topology/C=0.01,topology,"[""h1_entropy_normalized"", ""h1_total_per_asset"", ""w2_per_sqrt_asset""]",0.01,0,lr,0.1930148618636396,2693,454
loss05,2020,topology/C=0.1,topology,"[""h1_entropy_normalized"", ""h1_total_per_asset"", ""w2_per_sqrt_asset""]",0.1,0,lr,0.20573197058446507,2693,454
loss05,2020,topology/C=1.0,topology,"[""h1_entropy_normalized"", ""h1_total_per_asset"", ""w2_per_sqrt_asset""]",1.0,0,lr,0.20767332115158638,2693,454
loss05,2020,combined/C=0.01,combined,"[""log_vix"", ""vol20"", ""drawdown_60"", ""yield_curve"", ""h1_entropy_normalized"", ""h1_total_per_asset"", ""w2_per_sqrt_asset""]",0.01,0,lr,0.37412412262601485,2693,454
loss05,2020,combined/C=0.1,combined,"[""log_vix"", ""vol20"", ""drawdown_60"", ""yield_curve"", ""h1_entropy_normalized"", ""h1_total_per_asset"", ""w2_per_sqrt_asset""]",0.1,0,lr,0.3627230887088595,2693,454
loss05,2020,combined/C=1.0,combined,"[""log_vix"", ""vol20"", ""drawdown_60"", ""yield_curve"", ""h1_entropy_normalized"", ""h1_total_per_asset"", ""w2_per_sqrt_asset""]",1.0,0,lr,0.35736125419807846,2693,454
loss05,2020,market_xgb/C=2,market_xgb,"[""log_vix"", ""vol20"", ""drawdown_60"", ""yield_curve""]",2.0,0,xgb,0.2537087398811556,2693,454
loss05,2020,market_xgb/C=3,market_xgb,"[""log_vix"", ""vol20"", ""drawdown_60"", ""yield_curve""]",3.0,0,xgb,0.24395996268114944,2693,454
loss05,2020,market_xgb/C=4,market_xgb,"[""log_vix"", ""vol20"", ""drawdown_60"", ""yield_curve""]",4.0,0,xgb,0.24030270260092929,2693,454
loss05,2020,topology_xgb/C=2,topology_xgb,"[""h1_entropy_normalized"", ""h1_total_per_asset"", ""w2_per_sqrt_asset""]",2.0,0,xgb,0.28361874041702184,2693,454
loss05,2020,topology_xgb/C=3,topology_xgb,"[""h1_entropy_normalized"", ""h1_total_per_asset"", ""w2_per_sqrt_asset""]",3.0,0,xgb,0.283256739307571,2693,454
loss05,2020,topology_xgb/C=4,topology_xgb,"[""h1_entropy_normalized"", ""h1_total_per_asset"", ""w2_per_sqrt_asset""]",4.0,0,xgb,0.2822091378296934,2693,454
loss05,2020,combined_xgb/C=2,combined_xgb,"[""log_vix"", ""vol20"", ""drawdown_60"", ""yield_curve"", ""h1_entropy_normalized"", ""h1_total_per_asset"", ""w2_per_sqrt_asset""]",2.0,0,xgb,0.29474863442085575,2693,454
loss05,2020,combined_xgb/C=3,combined_xgb,"[""log_vix"", ""vol20"", ""drawdown_60"", ""yield_curve"", ""h1_entropy_normalized"", ""h1_total_per_asset"", ""w2_per_sqrt_asset""]",3.0,0,xgb,0.2814533993976877,2693,454
loss05,2020,combined_xgb/C=4,combined_xgb,"[""log_vix"", ""vol20"", ""drawdown_60"", ""yield_curve"", ""h1_entropy_normalized"", ""h1_total_per_asset"", ""w2_per_sqrt_asset""]",4.0,0,xgb,0.2788703215016088,2693,454
loss05,2021,market/C=0.01,market,"[""log_vix"", ""vol20"", ""drawdown_60"", ""yield_curve""]",0.01,0,lr,0.3690746094241069,2845,461
loss05,2021,market/C=0.1,market,"[""log_vix"", ""vol20"", ""drawdown_60"", ""yield_curve""]",0.1,0,lr,0.3449008508751943,2845,461
loss05,2021,market/C=1.0,market,"[""log_vix"", ""vol20"", ""drawdown_60"", ""yield_curve""]",1.0,0,lr,0.3341608003634756,2845,461
loss05,2021,topology/C=0.01,topology,"[""h1_entropy_normalized"", ""h1_total_per_asset"", ""w2_per_sqrt_asset""]",0.01,0,lr,0.19437884885629214,2845,461
loss05,2021,topology/C=0.1,topology,"[""h1_entropy_normalized"", ""h1_total_per_asset"", ""w2_per_sqrt_asset""]",0.1,0,lr,0.20407058889269866,2845,461
loss05,2021,topology/C=1.0,topology,"[""h1_entropy_normalized"", ""h1_total_per_asset"", ""w2_per_sqrt_asset""]",1.0,0,lr,0.20578665341682917,2845,461
loss05,2021,combined/C=0.01,combined,"[""log_vix"", ""vol20"", ""drawdown_60"", ""yield_curve"", ""h1_entropy_normalized"", ""h1_total_per_asset"", ""w2_per_sqrt_asset""]",0.01,0,lr,0.37183105289104434,2845,461
loss05,2021,combined/C=0.1,combined,"[""log_vix"", ""vol20"", ""drawdown_60"", ""yield_curve"", ""h1_entropy_normalized"", ""h1_total_per_asset"", ""w2_per_sqrt_asset""]",0.1,0,lr,0.3585247290639868,2845,461
loss05,2021,combined/C=1.0,combined,"[""log_vix"", ""vol20"", ""drawdown_60"", ""yield_curve"", ""h1_entropy_normalized"", ""h1_total_per_asset"", ""w2_per_sqrt_asset""]",1.0,0,lr,0.3520207680907648,2845,461
loss05,2021,market_xgb/C=2,market_xgb,"[""log_vix"", ""vol20"", ""drawdown_60"", ""yield_curve""]",2.0,0,xgb,0.24658118672985577,2845,461
loss05,2021,market_xgb/C=3,market_xgb,"[""log_vix"", ""vol20"", ""drawdown_60"", ""yield_curve""]",3.0,0,xgb,0.24633725041435006,2845,461
loss05,2021,market_xgb/C=4,market_xgb,"[""log_vix"", ""vol20"", ""drawdown_60"", ""yield_curve""]",4.0,0,xgb,0.2380052177222318,2845,461
loss05,2021,topology_xgb/C=2,topology_xgb,"[""h1_entropy_normalized"", ""h1_total_per_asset"", ""w2_per_sqrt_asset""]",2.0,0,xgb,0.2628197927696382,2845,461
loss05,2021,topology_xgb/C=3,topology_xgb,"[""h1_entropy_normalized"", ""h1_total_per_asset"", ""w2_per_sqrt_asset""]",3.0,0,xgb,0.25264918765559574,2845,461
loss05,2021,topology_xgb/C=4,topology_xgb,"[""h1_entropy_normalized"", ""h1_total_per_asset"", ""w2_per_sqrt_asset""]",4.0,0,xgb,0.25083768015864605,2845,461
loss05,2021,combined_xgb/C=2,combined_xgb,"[""log_vix"", ""vol20"", ""drawdown_60"", ""yield_curve"", ""h1_entropy_normalized"", ""h1_total_per_asset"", ""w2_per_sqrt_asset""]",2.0,0,xgb,0.26083204051816705,2845,461
loss05,2021,combined_xgb/C=3,combined_xgb,"[""log_vix"", ""vol20"", ""drawdown_60"", ""yield_curve"", ""h1_entropy_normalized"", ""h1_total_per_asset"", ""w2_per_sqrt_asset""]",3.0,0,xgb,0.2633150693431199,2845,461
loss05,2021,combined_xgb/C=4,combined_xgb,"[""log_vix"", ""vol20"", ""drawdown_60"", ""yield_curve"", ""h1_entropy_normalized"", ""h1_total_per_asset"", ""w2_per_sqrt_asset""]",4.0,0,xgb,0.25504888675900494,2845,461
loss05,2022,market/C=0.01,market,"[""log_vix"", ""vol20"", ""drawdown_60"", ""yield_curve""]",0.01,0,lr,0.27418304233413693,2996,450
loss05,2022,market/C=0.1,market,"[""log_vix"", ""vol20"", ""drawdown_60"", ""yield_curve""]",0.1,0,lr,0.2822248058929174,2996,450
loss05,2022,market/C=1.0,market,"[""log_vix"", ""vol20"", ""drawdown_60"", ""yield_curve""]",1.0,0,lr,0.2846639109595264,2996,450
loss05,2022,topology/C=0.01,topology,"[""h1_entropy_normalized"", ""h1_total_per_asset"", ""w2_per_sqrt_asset""]",0.01,0,lr,0.22430466338365043,2996,450
loss05,2022,topology/C=0.1,topology,"[""h1_entropy_normalized"", ""h1_total_per_asset"", ""w2_per_sqrt_asset""]",0.1,0,lr,0.23889227564451043,2996,450
loss05,2022,topology/C=1.0,topology,"[""h1_entropy_normalized"", ""h1_total_per_asset"", ""w2_per_sqrt_asset""]",1.0,0,lr,0.2393732378043938,2996,450
loss05,2022,combined/C=0.01,combined,"[""log_vix"", ""vol20"", ""drawdown_60"", ""yield_curve"", ""h1_entropy_normalized"", ""h1_total_per_asset"", ""w2_per_sqrt_asset""]",0.01,0,lr,0.27474329052605956,2996,450
loss05,2022,combined/C=0.1,combined,"[""log_vix"", ""vol20"", ""drawdown_60"", ""yield_curve"", ""h1_entropy_normalized"", ""h1_total_per_asset"", ""w2_per_sqrt_asset""]",0.1,0,lr,0.28741010869567796,2996,450
loss05,2022,combined/C=1.0,combined,"[""log_vix"", ""vol20"", ""drawdown_60"", ""yield_curve"", ""h1_entropy_normalized"", ""h1_total_per_asset"", ""w2_per_sqrt_asset""]",1.0,0,lr,0.29103581507958576,2996,450
loss05,2022,market_xgb/C=2,market_xgb,"[""log_vix"", ""vol20"", ""drawdown_60"", ""yield_curve""]",2.0,0,xgb,0.26995696472944014,2996,450
loss05,2022,market_xgb/C=3,market_xgb,"[""log_vix"", ""vol20"", ""drawdown_60"", ""yield_curve""]",3.0,0,xgb,0.2353776851548397,2996,450
loss05,2022,market_xgb/C=4,market_xgb,"[""log_vix"", ""vol20"", ""drawdown_60"", ""yield_curve""]",4.0,0,xgb,0.22806715908840589,2996,450
loss05,2022,topology_xgb/C=2,topology_xgb,"[""h1_entropy_normalized"", ""h1_total_per_asset"", ""w2_per_sqrt_asset""]",2.0,0,xgb,0.21944079789630877,2996,450
loss05,2022,topology_xgb/C=3,topology_xgb,"[""h1_entropy_normalized"", ""h1_total_per_asset"", ""w2_per_sqrt_asset""]",3.0,0,xgb,0.21536487950139527,2996,450
loss05,2022,topology_xgb/C=4,topology_xgb,"[""h1_entropy_normalized"", ""h1_total_per_asset"", ""w2_per_sqrt_asset""]",4.0,0,xgb,0.21403180679801984,2996,450
loss05,2022,combined_xgb/C=2,combined_xgb,"[""log_vix"", ""vol20"", ""drawdown_60"", ""yield_curve"", ""h1_entropy_normalized"", ""h1_total_per_asset"", ""w2_per_sqrt_asset""]",2.0,0,xgb,0.2668339795508712,2996,450
loss05,2022,combined_xgb/C=3,combined_xgb,"[""log_vix"", ""vol20"", ""drawdown_60"", ""yield_curve"", ""h1_entropy_normalized"", ""h1_total_per_asset"", ""w2_per_sqrt_asset""]",3.0,0,xgb,0.25229950590263356,2996,450
loss05,2022,combined_xgb/C=4,combined_xgb,"[""log_vix"", ""vol20"", ""drawdown_60"", ""yield_curve"", ""h1_entropy_normalized"", ""h1_total_per_asset"", ""w2_per_sqrt_asset""]",4.0,0,xgb,0.2425172300401061,2996,450
loss05,2023,market/C=0.01,market,"[""log_vix"", ""vol20"", ""drawdown_60"", ""yield_curve""]",0.01,0,lr,0.2028707823945672,3147,403
loss05,2023,market/C=0.1,market,"[""log_vix"", ""vol20"", ""drawdown_60"", ""yield_curve""]",0.1,0,lr,0.20256263823231657,3147,403
loss05,2023,market/C=1.0,market,"[""log_vix"", ""vol20"", ""drawdown_60"", ""yield_curve""]",1.0,0,lr,0.20187649990110906,3147,403
loss05,2023,topology/C=0.01,topology,"[""h1_entropy_normalized"", ""h1_total_per_asset"", ""w2_per_sqrt_asset""]",0.01,0,lr,0.19363563486000523,3147,403
loss05,2023,topology/C=0.1,topology,"[""h1_entropy_normalized"", ""h1_total_per_asset"", ""w2_per_sqrt_asset""]",0.1,0,lr,0.1983298128076582,3147,403
loss05,2023,topology/C=1.0,topology,"[""h1_entropy_normalized"", ""h1_total_per_asset"", ""w2_per_sqrt_asset""]",1.0,0,lr,0.1973728706072275,3147,403
loss05,2023,combined/C=0.01,combined,"[""log_vix"", ""vol20"", ""drawdown_60"", ""yield_curve"", ""h1_entropy_normalized"", ""h1_total_per_asset"", ""w2_per_sqrt_asset""]",0.01,0,lr,0.20219924927379868,3147,403
loss05,2023,combined/C=0.1,combined,"[""log_vix"", ""vol20"", ""drawdown_60"", ""yield_curve"", ""h1_entropy_normalized"", ""h1_total_per_asset"", ""w2_per_sqrt_asset""]",0.1,0,lr,0.2026363876320809,3147,403
loss05,2023,combined/C=1.0,combined,"[""log_vix"", ""vol20"", ""drawdown_60"", ""yield_curve"", ""h1_entropy_normalized"", ""h1_total_per_asset"", ""w2_per_sqrt_asset""]",1.0,0,lr,0.20147028429783126,3147,403
loss05,2023,market_xgb/C=2,market_xgb,"[""log_vix"", ""vol20"", ""drawdown_60"", ""yield_curve""]",2.0,0,xgb,0.18186941490193237,3147,403
loss05,2023,market_xgb/C=3,market_xgb,"[""log_vix"", ""vol20"", ""drawdown_60"", ""yield_curve""]",3.0,0,xgb,0.1672318874674031,3147,403
loss05,2023,market_xgb/C=4,market_xgb,"[""log_vix"", ""vol20"", ""drawdown_60"", ""yield_curve""]",4.0,0,xgb,0.1628380513967275,3147,403
loss05,2023,topology_xgb/C=2,topology_xgb,"[""h1_entropy_normalized"", ""h1_total_per_asset"", ""w2_per_sqrt_asset""]",2.0,0,xgb,0.16112609907573844,3147,403
loss05,2023,topology_xgb/C=3,topology_xgb,"[""h1_entropy_normalized"", ""h1_total_per_asset"", ""w2_per_sqrt_asset""]",3.0,0,xgb,0.157658010148995,3147,403
loss05,2023,topology_xgb/C=4,topology_xgb,"[""h1_entropy_normalized"", ""h1_total_per_asset"", ""w2_per_sqrt_asset""]",4.0,0,xgb,0.15705259606789876,3147,403
loss05,2023,combined_xgb/C=2,combined_xgb,"[""log_vix"", ""vol20"", ""drawdown_60"", ""yield_curve"", ""h1_entropy_normalized"", ""h1_total_per_asset"", ""w2_per_sqrt_asset""]",2.0,0,xgb,0.17472342690496503,3147,403
loss05,2023,combined_xgb/C=3,combined_xgb,"[""log_vix"", ""vol20"", ""drawdown_60"", ""yield_curve"", ""h1_entropy_normalized"", ""h1_total_per_asset"", ""w2_per_sqrt_asset""]",3.0,0,xgb,0.16866872930913904,3147,403
loss05,2023,combined_xgb/C=4,combined_xgb,"[""log_vix"", ""vol20"", ""drawdown_60"", ""yield_curve"", ""h1_entropy_normalized"", ""h1_total_per_asset"", ""w2_per_sqrt_asset""]",4.0,0,xgb,0.1629041053999252,3147,403
loss05,2024,market/C=0.01,market,"[""log_vix"", ""vol20"", ""drawdown_60"", ""yield_curve""]",0.01,0,lr,0.24367488191179854,3297,510
loss05,2024,market/C=0.1,market,"[""log_vix"", ""vol20"", ""drawdown_60"", ""yield_curve""]",0.1,0,lr,0.24153717592252155,3297,510
loss05,2024,market/C=1.0,market,"[""log_vix"", ""vol20"", ""drawdown_60"", ""yield_curve""]",1.0,0,lr,0.24020497049446884,3297,510
loss05,2024,topology/C=0.01,topology,"[""h1_entropy_normalized"", ""h1_total_per_asset"", ""w2_per_sqrt_asset""]",0.01,0,lr,0.1981490031070643,3297,510
loss05,2024,topology/C=0.1,topology,"[""h1_entropy_normalized"", ""h1_total_per_asset"", ""w2_per_sqrt_asset""]",0.1,0,lr,0.20665858951721972,3297,510
loss05,2024,topology/C=1.0,topology,"[""h1_entropy_normalized"", ""h1_total_per_asset"", ""w2_per_sqrt_asset""]",1.0,0,lr,0.20767899858371452,3297,510
loss05,2024,combined/C=0.01,combined,"[""log_vix"", ""vol20"", ""drawdown_60"", ""yield_curve"", ""h1_entropy_normalized"", ""h1_total_per_asset"", ""w2_per_sqrt_asset""]",0.01,0,lr,0.2412930144504627,3297,510
loss05,2024,combined/C=0.1,combined,"[""log_vix"", ""vol20"", ""drawdown_60"", ""yield_curve"", ""h1_entropy_normalized"", ""h1_total_per_asset"", ""w2_per_sqrt_asset""]",0.1,0,lr,0.24084386830792284,3297,510
loss05,2024,combined/C=1.0,combined,"[""log_vix"", ""vol20"", ""drawdown_60"", ""yield_curve"", ""h1_entropy_normalized"", ""h1_total_per_asset"", ""w2_per_sqrt_asset""]",1.0,0,lr,0.23937944639512354,3297,510
loss05,2024,market_xgb/C=2,market_xgb,"[""log_vix"", ""vol20"", ""drawdown_60"", ""yield_curve""]",2.0,0,xgb,0.2230029156015571,3297,510
loss05,2024,market_xgb/C=3,market_xgb,"[""log_vix"", ""vol20"", ""drawdown_60"", ""yield_curve""]",3.0,0,xgb,0.20535817876717855,3297,510
loss05,2024,market_xgb/C=4,market_xgb,"[""log_vix"", ""vol20"", ""drawdown_60"", ""yield_curve""]",4.0,0,xgb,0.20277570136123368,3297,510
loss05,2024,topology_xgb/C=2,topology_xgb,"[""h1_entropy_normalized"", ""h1_total_per_asset"", ""w2_per_sqrt_asset""]",2.0,0,xgb,0.19233594254419523,3297,510
loss05,2024,topology_xgb/C=3,topology_xgb,"[""h1_entropy_normalized"", ""h1_total_per_asset"", ""w2_per_sqrt_asset""]",3.0,0,xgb,0.18825668732523745,3297,510
loss05,2024,topology_xgb/C=4,topology_xgb,"[""h1_entropy_normalized"", ""h1_total_per_asset"", ""w2_per_sqrt_asset""]",4.0,0,xgb,0.18573678759308515,3297,510
loss05,2024,combined_xgb/C=2,combined_xgb,"[""log_vix"", ""vol20"", ""drawdown_60"", ""yield_curve"", ""h1_entropy_normalized"", ""h1_total_per_asset"", ""w2_per_sqrt_asset""]",2.0,0,xgb,0.21846945050240643,3297,510
loss05,2024,combined_xgb/C=3,combined_xgb,"[""log_vix"", ""vol20"", ""drawdown_60"", ""yield_curve"", ""h1_entropy_normalized"", ""h1_total_per_asset"", ""w2_per_sqrt_asset""]",3.0,0,xgb,0.20871966064367098,3297,510
loss05,2024,combined_xgb/C=4,combined_xgb,"[""log_vix"", ""vol20"", ""drawdown_60"", ""yield_curve"", ""h1_entropy_normalized"", ""h1_total_per_asset"", ""w2_per_sqrt_asset""]",4.0,0,xgb,0.20240890258862404,3297,510
