symbol,url,status,rows,retrieved_at,response_sha256,provider_symbol,provider_longName,provider_shortName,provider_instrumentType,provider_exchangeName,provider_currency,provider_firstTradeDate,invalid_observations,first_date,last_date,identity_status,detail
XLB,https://query1.finance.yahoo.com/v8/finance/chart/XLB?period1=946684800&period2=1735689600&interval=1d&events=div%2Csplits,available,6289,2026-09-10T13:53:54.894569+00:00,12eafcf998fdfa8436373b3b4822d48f30f3728ba1b5e1e97eb8e057b3985d0f,XLB,State Street Materials Select Sector SPDR ETF,State Street Materials Select S,ETF,PCX,USD,914337000.0,0.0,2000-01-03,2024-12-31,Ticker metadata only; permanent historical identity unverified,
XLE,https://query1.finance.yahoo.com/v8/finance/chart/XLE?period1=946684800&period2=1735689600&interval=1d&events=div%2Csplits,available,6289,2026-09-10T13:53:54.894569+00:00,1da0f861dabc0a5c093ee89b9b29e0c3296c61b709bf6a2f7e5e97529a5801b0,XLE,State Street Energy Select Sector SPDR ETF,State Street Energy Select Sect,ETF,PCX,USD,914337000.0,0.0,2000-01-03,2024-12-31,Ticker metadata only; permanent historical identity unverified,
XLF,https://query1.finance.yahoo.com/v8/finance/chart/XLF?period1=946684800&period2=1735689600&interval=1d&events=div%2Csplits,available,6289,2026-09-10T13:53:54.894569+00:00,62b0eb788f8c0fcb41760c88255e56b66b59497a319fdb2fd67a03986a98c27f,XLF,State Street Financial Select Sector SPDR ETF,State Street Financial Select S,ETF,PCX,USD,914337000.0,0.0,2000-01-03,2024-12-31,Ticker metadata only; permanent historical identity unverified,
XLI,https://query1.finance.yahoo.com/v8/finance/chart/XLI?period1=946684800&period2=1735689600&interval=1d&events=div%2Csplits,available,6289,2026-09-10T13:53:55.370828+00:00,8732c718c8f49c92544ca86a99106cb39c3675db4cd383b715bee0162efa78b8,XLI,State Street Industrial Select Sector SPDR ETF,State Street Industrial Select ,ETF,PCX,USD,914337000.0,0.0,2000-01-03,2024-12-31,Ticker metadata only; permanent historical identity unverified,
XLK,https://query1.finance.yahoo.com/v8/finance/chart/XLK?period1=946684800&period2=1735689600&interval=1d&events=div%2Csplits,available,6289,2026-09-10T13:53:55.376085+00:00,705d87bbd02691e9d472b08c4f051a4386af5b8a7db19c8489584e17d1536aa2,XLK,State Street Technology Select Sector SPDR ETF,State Street Technology Select ,ETF,PCX,USD,914337000.0,0.0,2000-01-03,2024-12-31,Ticker metadata only; permanent historical identity unverified,
XLP,https://query1.finance.yahoo.com/v8/finance/chart/XLP?period1=946684800&period2=1735689600&interval=1d&events=div%2Csplits,available,6289,2026-09-10T13:53:55.408056+00:00,99fd1d987d973edf8bf41bb3c5f6ec24802442b9ff6ae71e68f0d3fe9e830d79,XLP,State Street Consumer Staples Select Sector SPDR ETF,State Street Consumer Staples S,ETF,PCX,USD,914337000.0,0.0,2000-01-03,2024-12-31,Ticker metadata only; permanent historical identity unverified,
XLU,https://query1.finance.yahoo.com/v8/finance/chart/XLU?period1=946684800&period2=1735689600&interval=1d&events=div%2Csplits,available,6289,2026-09-10T13:53:55.657432+00:00,20b4758b6d8fa7de52a09aecb1b42ebe73c15144286274f7818f65adf4357ad4,XLU,State Street Utilities Select Sector SPDR ETF,State Street Utilities Select S,ETF,PCX,USD,914337000.0,0.0,2000-01-03,2024-12-31,Ticker metadata only; permanent historical identity unverified,
XLV,https://query1.finance.yahoo.com/v8/finance/chart/XLV?period1=946684800&period2=1735689600&interval=1d&events=div%2Csplits,available,6289,2026-09-10T13:53:55.678981+00:00,c65c52a5a9354c7ca6bcb1758b5804294a65500dcef2665f3e346e3edaa21ced,XLV,State Street Health Care Select Sector SPDR ETF,State Street Health Care Select,ETF,PCX,USD,914337000.0,0.0,2000-01-03,2024-12-31,Ticker metadata only; permanent historical identity unverified,
XLY,https://query1.finance.yahoo.com/v8/finance/chart/XLY?period1=946684800&period2=1735689600&interval=1d&events=div%2Csplits,available,6289,2026-09-10T13:53:55.707589+00:00,f2b4513f50a81e92a0d74f9e7fd0ee21367a4e752fbcc7d536720bfa4a5e9727,XLY,State Street Consumer Discretionary Select Sector SPDR ETF,State Street Consumer Discretio,ETF,PCX,USD,914337000.0,0.0,2000-01-03,2024-12-31,Ticker metadata only; permanent historical identity unverified,
A,https://query1.finance.yahoo.com/v8/finance/chart/A?period1=946684800&period2=1735689600&interval=1d&events=div%2Csplits,available,6289,2026-09-10T13:53:56.005216+00:00,f52ff124a6cb87cdac57c23b7975a320976c5911db4ad8a9b25e98c86f736afb,A,"Agilent Technologies, Inc.","Agilent Technologies, Inc.",EQUITY,NYQ,USD,942935400.0,0.0,2000-01-03,2024-12-31,Ticker metadata only; permanent historical identity unverified,
AABA,https://query1.finance.yahoo.com/v8/finance/chart/AABA?period1=946684800&period2=1735689600&interval=1d&events=div%2Csplits,failed,0,2026-09-10T13:53:56.030433+00:00,,,,,,,,,,,,,HTTPError: HTTP Error 404: Not Found
AAL,https://query1.finance.yahoo.com/v8/finance/chart/AAL?period1=946684800&period2=1735689600&interval=1d&events=div%2Csplits,available,4848,2026-09-10T13:53:56.068461+00:00,04da6a93156c34f56c28947d4145684157e7e048d83d08797ee64d02261aba82,AAL,American Airlines Group Inc.,"American Airlines Group, Inc.",EQUITY,NMS,USD,1127827800.0,0.0,2005-09-27,2024-12-31,Ticker metadata only; permanent historical identity unverified,
AAMRQ,https://query1.finance.yahoo.com/v8/finance/chart/AAMRQ?period1=946684800&period2=1735689600&interval=1d&events=div%2Csplits,failed,0,2026-09-10T13:53:56.103370+00:00,ec8459662d5fe850d56ad7231f08cfbaf82335c726ccb3e7d2c8dd93668ecfbf,AAMRQ,,,MUTUALFUND,YHD,,,,,,,ValueError: Constituent request did not resolve to an equity
AAP,https://query1.finance.yahoo.com/v8/finance/chart/AAP?period1=946684800&period2=1735689600&interval=1d&events=div%2Csplits,available,5811,2026-09-10T13:53:56.171492+00:00,3a53cf547fe0737518d30a0a836d57ff0a874ec03156630c98aca94be06f112b,AAP,"Advance Auto Parts, Inc.",Advance Auto Parts Inc.,EQUITY,NYQ,USD,1007044200.0,0.0,2001-11-29,2024-12-31,Ticker metadata only; permanent historical identity unverified,
AAPL,https://query1.finance.yahoo.com/v8/finance/chart/AAPL?period1=946684800&period2=1735689600&interval=1d&events=div%2Csplits,available,6289,2026-09-10T13:53:56.332302+00:00,3f7e23c2013386054a5518f6391c14bea0eede7a9f82fba10f487e6f138c3c95,AAPL,Apple Inc.,Apple Inc.,EQUITY,NMS,USD,345479400.0,0.0,2000-01-03,2024-12-31,Ticker metadata only; permanent historical identity unverified,
ABBV,https://query1.finance.yahoo.com/v8/finance/chart/ABBV?period1=946684800&period2=1735689600&interval=1d&events=div%2Csplits,available,3020,2026-09-10T13:53:56.354099+00:00,66c9948f6fbc3a916918d284f252a7fab0ae5e970ddd768b32bd15deb074f1a5,ABBV,AbbVie Inc.,AbbVie Inc.,EQUITY,NYQ,USD,1357137000.0,0.0,2013-01-02,2024-12-31,Ticker metadata only; permanent historical identity unverified,
ABC,https://query1.finance.yahoo.com/v8/finance/chart/ABC?period1=946684800&period2=1735689600&interval=1d&events=div%2Csplits,failed,0,2026-09-10T13:53:56.425396+00:00,,,,,,,,,,,,,HTTPError: HTTP Error 404: Not Found
ABI,https://query1.finance.yahoo.com/v8/finance/chart/ABI?period1=946684800&period2=1735689600&interval=1d&events=div%2Csplits,failed,0,2026-09-10T13:53:56.515661+00:00,,,,,,,,,,,,,HTTPError: HTTP Error 400: Bad Request
ABKFQ,https://query1.finance.yahoo.com/v8/finance/chart/ABKFQ?period1=946684800&period2=1735689600&interval=1d&events=div%2Csplits,failed,0,2026-09-10T13:53:56.574643+00:00,,,,,,,,,,,,,HTTPError: HTTP Error 404: Not Found
ABMD,https://query1.finance.yahoo.com/v8/finance/chart/ABMD?period1=946684800&period2=1735689600&interval=1d&events=div%2Csplits,failed,0,2026-09-10T13:53:56.599003+00:00,,,,,,,,,,,,,HTTPError: HTTP Error 404: Not Found
ABNB,https://query1.finance.yahoo.com/v8/finance/chart/ABNB?period1=946684800&period2=1735689600&interval=1d&events=div%2Csplits,available,1020,2026-09-10T13:53:56.658819+00:00,d0f003255d926440cb92261fe886d396e44360cf35164122109974ac64ddd2ab,ABNB,"Airbnb, Inc.","Airbnb, Inc.",EQUITY,NMS,USD,1607610600.0,0.0,2020-12-10,2024-12-31,Ticker metadata only; permanent historical identity unverified,
ABS,https://query1.finance.yahoo.com/v8/finance/chart/ABS?period1=946684800&period2=1735689600&interval=1d&events=div%2Csplits,failed,0,2026-09-10T13:53:56.685015+00:00,88f90e8894f8b6eff007d331da5689b51c4751adb4a1e16e27675b15c8e8a14f,ABS,,3305691,MUTUALFUND,YHD,,1521120600.0,,,,,ValueError: Constituent request did not resolve to an equity
ABT,https://query1.finance.yahoo.com/v8/finance/chart/ABT?period1=946684800&period2=1735689600&interval=1d&events=div%2Csplits,available,6289,2026-09-10T13:53:56.795471+00:00,a9e76b2dd29c2fe54cba455b60c79dab34445d6a6a4c6a12268dfd22a6498052,ABT,Abbott Laboratories,Abbott Laboratories,EQUITY,NYQ,USD,322151400.0,0.0,2000-01-03,2024-12-31,Ticker metadata only; permanent historical identity unverified,
ABX,https://query1.finance.yahoo.com/v8/finance/chart/ABX?period1=946684800&period2=1735689600&interval=1d&events=div%2Csplits,available,1082,2026-09-10T13:53:56.822418+00:00,e50c2f897aea1b4759413abde9ef001ea2e1711ae55a522cb7d483bec2178cea,ABX,"Abacus Global Management, Inc.","Abacus Global Management, Inc.",EQUITY,NYQ,USD,1600090200.0,0.0,2020-09-14,2024-12-31,Ticker metadata only; permanent historical identity unverified,
ACAS,https://query1.finance.yahoo.com/v8/finance/chart/ACAS?period1=946684800&period2=1735689600&interval=1d&events=div%2Csplits,failed,0,2026-09-10T13:53:56.887724+00:00,db61862b363368bd04f4692aba051fac8f8f6a4d11016c8f3a23d493f2eb1a03,ACAS,,823224,MUTUALFUND,YHD,,,,,,,ValueError: Constituent request did not resolve to an equity
ACGL,https://query1.finance.yahoo.com/v8/finance/chart/ACGL?period1=946684800&period2=1735689600&interval=1d&events=div%2Csplits,available,6289,2026-09-10T13:53:56.951090+00:00,4454049cd526d211c66ad1fa8ab3c0181d9f2f74e068c8c81fe9a0035816dfa3,ACGL,Arch Capital Group Ltd.,Arch Capital Group Ltd.,EQUITY,NMS,USD,811085400.0,0.0,2000-01-03,2024-12-31,Ticker metadata only; permanent historical identity unverified,
ACKH,https://query1.finance.yahoo.com/v8/finance/chart/ACKH?period1=946684800&period2=1735689600&interval=1d&events=div%2Csplits,failed,0,2026-09-10T13:53:56.988393+00:00,,,,,,,,,,,,,HTTPError: HTTP Error 404: Not Found
ACN,https://query1.finance.yahoo.com/v8/finance/chart/ACN?period1=946684800&period2=1735689600&interval=1d&events=div%2Csplits,available,5900,2026-09-10T13:53:57.066563+00:00,1243e115d5505f70cb8d59db505c4d197a86c126ebc1bdddb458e8027213b457,ACN,Accenture plc,Accenture plc,EQUITY,NYQ,USD,995549400.0,0.0,2001-07-19,2024-12-31,Ticker metadata only; permanent historical identity unverified,
ACS,https://query1.finance.yahoo.com/v8/finance/chart/ACS?period1=946684800&period2=1735689600&interval=1d&events=div%2Csplits,failed,0,2026-09-10T13:53:57.124065+00:00,40398caca92c3995a1171f791784446d0b485aa0cc553266ebbaf1e3da14a84e,ACS,,1538592,MUTUALFUND,YHD,,938525400.0,,,,,ValueError: Constituent request did not resolve to an equity
ACV,https://query1.finance.yahoo.com/v8/finance/chart/ACV?period1=946684800&period2=1735689600&interval=1d&events=div%2Csplits,available,2420,2026-09-10T13:53:57.185782+00:00,99828122af58d70a1989f8b47fdcf050cef19485c32841b3158fa3bf609cfb9a,ACV,Virtus Diversified Income & Convertible Fund,568516,EQUITY,NYQ,USD,1432215000.0,0.0,2015-05-21,2024-12-31,Ticker metadata only; permanent historical identity unverified,
ADBE,https://query1.finance.yahoo.com/v8/finance/chart/ADBE?period1=946684800&period2=1735689600&interval=1d&events=div%2Csplits,available,6289,2026-09-10T13:53:57.221966+00:00,356eaaebad262be9844a000fe365b0d4dc0d9436cf1e28aa4389197aefdd11e6,ADBE,Adobe Inc.,Adobe Inc.,EQUITY,NMS,USD,524323800.0,0.0,2000-01-03,2024-12-31,Ticker metadata only; permanent historical identity unverified,
ADCT,https://query1.finance.yahoo.com/v8/finance/chart/ADCT?period1=946684800&period2=1735689600&interval=1d&events=div%2Csplits,available,1164,2026-09-10T13:53:57.347433+00:00,4b2a7a0482ef2766ef14b1861030198405dcb3171bb44320e148fe2cc72090e9,ADCT,ADC Therapeutics SA,ADC Therapeutics SA,EQUITY,NYQ,USD,1589808600.0,0.0,2020-05-18,2024-12-31,Ticker metadata only; permanent historical identity unverified,
ADI,https://query1.finance.yahoo.com/v8/finance/chart/ADI?period1=946684800&period2=1735689600&interval=1d&events=div%2Csplits,available,6289,2026-09-10T13:53:57.392512+00:00,d3d9aec928815052d683fdd3b00d01106409f1561bff60789135192217f4fbd1,ADI,"Analog Devices, Inc.","Analog Devices, Inc.",EQUITY,NMS,USD,322151400.0,0.0,2000-01-03,2024-12-31,Ticker metadata only; permanent historical identity unverified,
ADM,https://query1.finance.yahoo.com/v8/finance/chart/ADM?period1=946684800&period2=1735689600&interval=1d&events=div%2Csplits,available,6289,2026-09-10T13:53:57.499983+00:00,0d5ec9ec22f730ddd8a6f8f6532cb3a86eb3f8c282b076520c437aa5b4a1e757,ADM,Archer-Daniels-Midland Company,Archer-Daniels-Midland Company,EQUITY,NYQ,USD,322151400.0,0.0,2000-01-03,2024-12-31,Ticker metadata only; permanent historical identity unverified,
ADP,https://query1.finance.yahoo.com/v8/finance/chart/ADP?period1=946684800&period2=1735689600&interval=1d&events=div%2Csplits,available,6289,2026-09-10T13:53:57.521483+00:00,1be84532dde72e51ef312f03ea3232d48cf3728f4a20fbc516ad7edd1508dd59,ADP,"Automatic Data Processing, Inc.","Automatic Data Processing, Inc.",EQUITY,NMS,USD,322151400.0,0.0,2000-01-03,2024-12-31,Ticker metadata only; permanent historical identity unverified,
ADS,https://query1.finance.yahoo.com/v8/finance/chart/ADS?period1=946684800&period2=1735689600&interval=1d&events=div%2Csplits,failed,0,2026-09-10T13:53:57.716138+00:00,,,,,,,,,,,,,HTTPError: HTTP Error 404: Not Found
ADSK,https://query1.finance.yahoo.com/v8/finance/chart/ADSK?period1=946684800&period2=1735689600&interval=1d&events=div%2Csplits,available,6289,2026-09-10T13:53:57.784270+00:00,3d28e6df4760660a336bf1806f294db34b21b38ff3407a14bc68189af0162d49,ADSK,"Autodesk, Inc.","Autodesk, Inc.",EQUITY,NMS,USD,488813400.0,0.0,2000-01-03,2024-12-31,Ticker metadata only; permanent historical identity unverified,
ADT,https://query1.finance.yahoo.com/v8/finance/chart/ADT?period1=946684800&period2=1735689600&interval=1d&events=div%2Csplits,available,1749,2026-09-10T13:53:57.836954+00:00,876bd03d4e88e90bdf0e9409351d13015409ecb4be253f51f945fe839ff3d403,ADT,ADT Inc.,ADT Inc.,EQUITY,NYQ,USD,1516372200.0,0.0,2018-01-19,2024-12-31,Ticker metadata only; permanent historical identity unverified,
AEE,https://query1.finance.yahoo.com/v8/finance/chart/AEE?period1=946684800&period2=1735689600&interval=1d&events=div%2Csplits,available,6289,2026-09-10T13:53:57.877433+00:00,59441aa77073d48ba49251d25b054ba1534dbf2df389c2c3b8ce367885cbbd7f,AEE,Ameren Corporation,Ameren Corporation,EQUITY,NYQ,USD,883751400.0,0.0,2000-01-03,2024-12-31,Ticker metadata only; permanent historical identity unverified,
AEP,https://query1.finance.yahoo.com/v8/finance/chart/AEP?period1=946684800&period2=1735689600&interval=1d&events=div%2Csplits,available,6289,2026-09-10T13:53:57.995832+00:00,80b67dd7ad548a4fcc6725f763f3f10021420527b9dc9d182431c4febb960b72,AEP,"American Electric Power Company, Inc.",American Electric Power Company,EQUITY,NMS,USD,-252322200.0,0.0,2000-01-03,2024-12-31,Ticker metadata only; permanent historical identity unverified,
AES,https://query1.finance.yahoo.com/v8/finance/chart/AES?period1=946684800&period2=1735689600&interval=1d&events=div%2Csplits,available,6289,2026-09-10T13:53:58.142499+00:00,04b0d7184eea8aa1c70427535f3b919df40bdd73dd2eed1e3dc9462e399040ed,AES,The AES Corporation,The AES Corporation,EQUITY,NYQ,USD,677943000.0,0.0,2000-01-03,2024-12-31,Ticker metadata only; permanent historical identity unverified,
AET,https://query1.finance.yahoo.com/v8/finance/chart/AET?period1=946684800&period2=1735689600&interval=1d&events=div%2Csplits,failed,0,2026-09-10T13:53:58.255655+00:00,b5b84503a1ed32c03b0e52e7f778ae73bb29dffe8197a25898e9d31d6c9da23c,AET,Aetna Inc.,2046029,MUTUALFUND,YHD,,818951400.0,,,,,ValueError: Constituent request did not resolve to an equity
AFL,https://query1.finance.yahoo.com/v8/finance/chart/AFL?period1=946684800&period2=1735689600&interval=1d&events=div%2Csplits,available,6289,2026-09-10T13:53:58.434668+00:00,f9fc4993078498bddd5fbc8b59dac6b9c3dde1bb1162936d405a1be3c49011b7,AFL,Aflac Incorporated,AFLAC Incorporated,EQUITY,NYQ,USD,322151400.0,0.0,2000-01-03,2024-12-31,Ticker metadata only; permanent historical identity unverified,
AFS-A,https://query1.finance.yahoo.com/v8/finance/chart/AFS-A?period1=946684800&period2=1735689600&interval=1d&events=div%2Csplits,failed,0,2026-09-10T13:53:58.486170+00:00,,,,,,,,,,,,,HTTPError: HTTP Error 404: Not Found
AGC,https://query1.finance.yahoo.com/v8/finance/chart/AGC?period1=946684800&period2=1735689600&interval=1d&events=div%2Csplits,failed,0,2026-09-10T13:53:58.520987+00:00,,,,,,,,,,,,,HTTPError: HTTP Error 404: Not Found
AGN,https://query1.finance.yahoo.com/v8/finance/chart/AGN?period1=946684800&period2=1735689600&interval=1d&events=div%2Csplits,failed,0,2026-09-10T13:53:58.578853+00:00,,,,,,,,,,,,,HTTPError: HTTP Error 404: Not Found
AHM,https://query1.finance.yahoo.com/v8/finance/chart/AHM?period1=946684800&period2=1735689600&interval=1d&events=div%2Csplits,failed,0,2026-09-10T13:53:58.594265+00:00,,,,,,,,,,,,,HTTPError: HTTP Error 404: Not Found
AIG,https://query1.finance.yahoo.com/v8/finance/chart/AIG?period1=946684800&period2=1735689600&interval=1d&events=div%2Csplits,available,6289,2026-09-10T13:53:58.644448+00:00,93409b34a3532c4934cc8b7b24f3d2a0b00b1a4d0f8d421c0016a44f418744fa,AIG,"American International Group, Inc.","American International Group, I",EQUITY,NYQ,USD,94833000.0,0.0,2000-01-03,2024-12-31,Ticker metadata only; permanent historical identity unverified,
AIT,https://query1.finance.yahoo.com/v8/finance/chart/AIT?period1=946684800&period2=1735689600&interval=1d&events=div%2Csplits,available,6289,2026-09-10T13:53:58.676971+00:00,a386a6330c4a8d4c5541cc3ad617fbaa37a45edd4a54ea67e8f3bd104a4c32b5,AIT,"Applied Industrial Technologies, Inc.",Applied Industrial Technologies,EQUITY,NYQ,USD,322151400.0,0.0,2000-01-03,2024-12-31,Ticker metadata only; permanent historical identity unverified,
AIV,https://query1.finance.yahoo.com/v8/finance/chart/AIV?period1=946684800&period2=1735689600&interval=1d&events=div%2Csplits,available,6289,2026-09-10T13:53:58.711250+00:00,483084aef438a18b8105482a2f9ad90fd57c4cf32cc39788780870e3e2705e9b,AIV,Apartment Investment and Management Company,Apartment Investment and Manage,EQUITY,NYQ,USD,774883800.0,0.0,2000-01-03,2024-12-31,Ticker metadata only; permanent historical identity unverified,
AIZ,https://query1.finance.yahoo.com/v8/finance/chart/AIZ?period1=946684800&period2=1735689600&interval=1d&events=div%2Csplits,available,5262,2026-09-10T13:53:58.888529+00:00,75f276e2a96aea92951cf87b2a9fe045b955fbfa9fe77c2d713662068a88466c,AIZ,"Assurant, Inc.","Assurant, Inc.",EQUITY,NYQ,USD,1075991400.0,0.0,2004-02-05,2024-12-31,Ticker metadata only; permanent historical identity unverified,
AJG,https://query1.finance.yahoo.com/v8/finance/chart/AJG?period1=946684800&period2=1735689600&interval=1d&events=div%2Csplits,available,6289,2026-09-10T13:53:58.947875+00:00,a276c611d03c44022849e1003354b94ea44c77a93033b8147438a5020a23d994,AJG,Arthur J. Gallagher & Co.,Arthur J. Gallagher & Co.,EQUITY,NYQ,USD,456586200.0,0.0,2000-01-03,2024-12-31,Ticker metadata only; permanent historical identity unverified,
AKAM,https://query1.finance.yahoo.com/v8/finance/chart/AKAM?period1=946684800&period2=1735689600&interval=1d&events=div%2Csplits,available,6289,2026-09-10T13:53:59.033824+00:00,8b9e22f87230dea9a5a128f2dbecc396a6de8a8c763e891f70c545618adec2b5,AKAM,"Akamai Technologies, Inc.","Akamai Technologies, Inc.",EQUITY,NMS,USD,941203800.0,0.0,2000-01-03,2024-12-31,Ticker metadata only; permanent historical identity unverified,
AKS,https://query1.finance.yahoo.com/v8/finance/chart/AKS?period1=946684800&period2=1735689600&interval=1d&events=div%2Csplits,failed,0,2026-09-10T13:53:59.098624+00:00,,,,,,,,,,,,,HTTPError: HTTP Error 404: Not Found
AL,https://query1.finance.yahoo.com/v8/finance/chart/AL?period1=946684800&period2=1735689600&interval=1d&events=div%2Csplits,failed,0,2026-09-10T13:53:59.161582+00:00,,,,,,,,,,,,,HTTPError: HTTP Error 404: Not Found
ALB,https://query1.finance.yahoo.com/v8/finance/chart/ALB?period1=946684800&period2=1735689600&interval=1d&events=div%2Csplits,available,6289,2026-09-10T13:53:59.223152+00:00,d03b499af67b8df7b76e8a970d7ca2de5480e4409f1416231486d2734a7838fe,ALB,Albemarle Corporation,Albemarle Corporation,EQUITY,NYQ,USD,761927400.0,0.0,2000-01-03,2024-12-31,Ticker metadata only; permanent historical identity unverified,
ALGN,https://query1.finance.yahoo.com/v8/finance/chart/ALGN?period1=946684800&period2=1735689600&interval=1d&events=div%2Csplits,available,6018,2026-09-10T13:53:59.224153+00:00,cdde00f164a9ff879d2783e12109f240c64827f65f5171544d6f03a1d76bb77d,ALGN,"Align Technology, Inc.","Align Technology, Inc.",EQUITY,NMS,USD,980865000.0,0.0,2001-01-30,2024-12-31,Ticker metadata only; permanent historical identity unverified,
ALK,https://query1.finance.yahoo.com/v8/finance/chart/ALK?period1=946684800&period2=1735689600&interval=1d&events=div%2Csplits,available,6289,2026-09-10T13:53:59.247531+00:00,740ec151e9870dbac19e0fc3daac95270d382d7d280c2c8ece1475b86e5749e9,ALK,"Alaska Air Group, Inc.","Alaska Air Group, Inc.",EQUITY,NYQ,USD,322151400.0,0.0,2000-01-03,2024-12-31,Ticker metadata only; permanent historical identity unverified,
ALL,https://query1.finance.yahoo.com/v8/finance/chart/ALL?period1=946684800&period2=1735689600&interval=1d&events=div%2Csplits,available,6289,2026-09-10T13:53:59.476834+00:00,f98132d23db528ca6701900645a3408698f3db9e4b03a6325095d623b446cca2,ALL,The Allstate Corporation,Allstate Corporation (The),EQUITY,NYQ,USD,739114200.0,0.0,2000-01-03,2024-12-31,Ticker metadata only; permanent historical identity unverified,
ALLE,https://query1.finance.yahoo.com/v8/finance/chart/ALLE?period1=946684800&period2=1735689600&interval=1d&events=div%2Csplits,available,2798,2026-09-10T13:53:59.532422+00:00,ebd795c086cc887dcfab70c264399762df0b91bf24a16d3e5b7344bb8579ab88,ALLE,Allegion plc,Allegion plc,EQUITY,NYQ,USD,1384785000.0,0.0,2013-11-18,2024-12-31,Ticker metadata only; permanent historical identity unverified,
ALTR,https://query1.finance.yahoo.com/v8/finance/chart/ALTR?period1=946684800&period2=1735689600&interval=1d&events=div%2Csplits,failed,0,2026-09-10T13:53:59.552587+00:00,,,,,,,,,,,,,HTTPError: HTTP Error 404: Not Found
ALXN,https://query1.finance.yahoo.com/v8/finance/chart/ALXN?period1=946684800&period2=1735689600&interval=1d&events=div%2Csplits,failed,0,2026-09-10T13:53:59.609650+00:00,,,,,,,,,,,,,HTTPError: HTTP Error 404: Not Found
AM,https://query1.finance.yahoo.com/v8/finance/chart/AM?period1=946684800&period2=1735689600&interval=1d&events=div%2Csplits,available,1928,2026-09-10T13:53:59.666587+00:00,935051b4c51e1446d96dd3fc3eb424d057f9d816b8cd902d2ed76ee6637df634,AM,Antero Midstream Corporation,Antero Midstream Corporation,EQUITY,NYQ,USD,1493904600.0,0.0,2017-05-04,2024-12-31,Ticker metadata only; permanent historical identity unverified,
AMAT,https://query1.finance.yahoo.com/v8/finance/chart/AMAT?period1=946684800&period2=1735689600&interval=1d&events=div%2Csplits,available,6289,2026-09-10T13:53:59.700936+00:00,25b9b9696152fcefa8e2370a3c4b7a5ceae1ee3871f54525f2fada9f40a35785,AMAT,"Applied Materials, Inc.","Applied Materials, Inc.",EQUITY,NMS,USD,322151400.0,0.0,2000-01-03,2024-12-31,Ticker metadata only; permanent historical identity unverified,
AMCC,https://query1.finance.yahoo.com/v8/finance/chart/AMCC?period1=946684800&period2=1735689600&interval=1d&events=div%2Csplits,failed,0,2026-09-10T13:53:59.744144+00:00,571490751e67492c787a7eb93321d89fbcdea9434ed70e488f7e3ee76bd861ad,AMCC,,3715280,MUTUALFUND,YHD,,,,,,,ValueError: Constituent request did not resolve to an equity
AMCR,https://query1.finance.yahoo.com/v8/finance/chart/AMCR?period1=946684800&period2=1735689600&interval=1d&events=div%2Csplits,available,3178,2026-09-10T13:53:59.833956+00:00,f447f6b8982e1e860d264a4514eed54f7005723d9fd779af636934cd1d47536c,AMCR,Amcor plc,Amcor plc,EQUITY,NYQ,USD,1337088600.0,0.0,2012-05-15,2024-12-31,Ticker metadata only; permanent historical identity unverified,
AMD,https://query1.finance.yahoo.com/v8/finance/chart/AMD?period1=946684800&period2=1735689600&interval=1d&events=div%2Csplits,available,6289,2026-09-10T13:53:59.841420+00:00,f01a664c5e5d03d3b0e7700f0cf7993f24be072310ecfd1e0e44e81c412565c0,AMD,"Advanced Micro Devices, Inc.","Advanced Micro Devices, Inc.",EQUITY,NMS,USD,322151400.0,0.0,2000-01-03,2024-12-31,Ticker metadata only; permanent historical identity unverified,
AME,https://query1.finance.yahoo.com/v8/finance/chart/AME?period1=946684800&period2=1735689600&interval=1d&events=div%2Csplits,available,6289,2026-09-10T13:53:59.942721+00:00,608dd6d8679b01b6e78c229a592836e5f5694921af526b43feca33fc21d3e8cf,AME,"AMETEK, Inc.","AMETEK, Inc.",EQUITY,NYQ,USD,459091800.0,0.0,2000-01-03,2024-12-31,Ticker metadata only; permanent historical identity unverified,
AMG,https://query1.finance.yahoo.com/v8/finance/chart/AMG?period1=946684800&period2=1735689600&interval=1d&events=div%2Csplits,available,6289,2026-09-10T13:54:00.006722+00:00,ffee6fd2c22ab4034f8485604c06309145c1478196889f0167700965d211b84c,AMG,"Affiliated Managers Group, Inc.","Affiliated Managers Group, Inc.",EQUITY,NYQ,USD,880122600.0,0.0,2000-01-03,2024-12-31,Ticker metadata only; permanent historical identity unverified,
AMGN,https://query1.finance.yahoo.com/v8/finance/chart/AMGN?period1=946684800&period2=1735689600&interval=1d&events=div%2Csplits,available,6289,2026-09-10T13:54:00.063482+00:00,d8542e67f3b1bd44a0368ef24b3a1ccec7125bc115a0b7840ac10b4cd82ee676,AMGN,Amgen Inc.,Amgen Inc.,EQUITY,NMS,USD,424704600.0,0.0,2000-01-03,2024-12-31,Ticker metadata only; permanent historical identity unverified,
AMH,https://query1.finance.yahoo.com/v8/finance/chart/AMH?period1=946684800&period2=1735689600&interval=1d&events=div%2Csplits,available,2874,2026-09-10T13:54:00.202858+00:00,14e6d92c5d1190686fb5acc98f2c625725ed276dd1620b1ed121e2ac3f9002dc,AMH,American Homes 4 Rent,American Homes 4 Rent,EQUITY,NYQ,USD,1375363800.0,0.0,2013-08-01,2024-12-31,Ticker metadata only; permanent historical identity unverified,
AMP,https://query1.finance.yahoo.com/v8/finance/chart/AMP?period1=946684800&period2=1735689600&interval=1d&events=div%2Csplits,available,4856,2026-09-10T13:54:00.230899+00:00,af16397c2882a26321ad835786ea4e68077a489f6c47b555f64503f80a78a86d,AMP,"Ameriprise Financial, Inc.","Ameriprise Financial, Inc.",EQUITY,NYQ,USD,1126791000.0,0.0,2005-09-15,2024-12-31,Ticker metadata only; permanent historical identity unverified,
AMT,https://query1.finance.yahoo.com/v8/finance/chart/AMT?period1=946684800&period2=1735689600&interval=1d&events=div%2Csplits,available,6289,2026-09-10T13:54:00.329778+00:00,ea03854dbc7d115ba08031da80ef812ac4046a15124bd13cee823201803ab4b0,AMT,American Tower Corporation,American Tower Corporation (REI,EQUITY,NYQ,USD,888589800.0,0.0,2000-01-03,2024-12-31,Ticker metadata only; permanent historical identity unverified,
AMTM,https://query1.finance.yahoo.com/v8/finance/chart/AMTM?period1=946684800&period2=1735689600&interval=1d&events=div%2Csplits,available,69,2026-09-10T13:54:00.395377+00:00,ca23dd80c5b3675dbf95015509885c6e9d04584ec939ad2724e851e42c623cf1,AMTM,"Amentum Holdings, Inc.","Amentum Holdings, Inc.",EQUITY,NYQ,USD,1727184600.0,0.0,2024-09-24,2024-12-31,Ticker metadata only; permanent historical identity unverified,
AMZN,https://query1.finance.yahoo.com/v8/finance/chart/AMZN?period1=946684800&period2=1735689600&interval=1d&events=div%2Csplits,available,6289,2026-09-10T13:54:00.467284+00:00,2e51969a0ac4da0605158ec44143c706e7106e4c0e15346a980a9c4c2cf1ef8d,AMZN,"Amazon.com, Inc.","Amazon.com, Inc.",EQUITY,NMS,USD,863703000.0,0.0,2000-01-03,2024-12-31,Ticker metadata only; permanent historical identity unverified,
AN,https://query1.finance.yahoo.com/v8/finance/chart/AN?period1=946684800&period2=1735689600&interval=1d&events=div%2Csplits,available,6289,2026-09-10T13:54:00.504116+00:00,2fab71d06e554b304b5b8a580261ace35aeae04492ce9781d1eee4aba8363854,AN,"AutoNation, Inc.","AutoNation, Inc.",EQUITY,NYQ,USD,642432600.0,0.0,2000-01-03,2024-12-31,Ticker metadata only; permanent historical identity unverified,
ANDV,https://query1.finance.yahoo.com/v8/finance/chart/ANDV?period1=946684800&period2=1735689600&interval=1d&events=div%2Csplits,failed,0,2026-09-10T13:54:00.559976+00:00,d305a804cca06238888c250236d7c9a0148603594fd8dfe2597681c0bb9d1a81,ANDV,Andeavor,Andeavor,MUTUALFUND,YHD,,76253400.0,,,,,ValueError: Constituent request did not resolve to an equity
ANDW,https://query1.finance.yahoo.com/v8/finance/chart/ANDW?period1=946684800&period2=1735689600&interval=1d&events=div%2Csplits,failed,0,2026-09-10T13:54:00.665015+00:00,f2cf12c0616f5a45e346b7710dcf9723c29bcca71a89fc4ed1af6aae0483ea8e,ANDW,,1614229,MUTUALFUND,YHD,,,,,,,ValueError: Constituent request did not resolve to an equity
ANET,https://query1.finance.yahoo.com/v8/finance/chart/ANET?period1=946684800&period2=1735689600&interval=1d&events=div%2Csplits,available,2661,2026-09-10T13:54:00.754538+00:00,b060e3c91254852ec2944ac22beb20e1dfba957e1aa262bb9bc82890ae15681a,ANET,"Arista Networks, Inc.","Arista Networks, Inc.",EQUITY,NYQ,USD,1402061400.0,0.0,2014-06-06,2024-12-31,Ticker metadata only; permanent historical identity unverified,
ANF,https://query1.finance.yahoo.com/v8/finance/chart/ANF?period1=946684800&period2=1735689600&interval=1d&events=div%2Csplits,available,6289,2026-09-10T13:54:00.758697+00:00,9250ebef450fd9b4566a49aa09018c3557e82dc0bf334d5ce1b7b86256c87145,ANF,Abercrombie & Fitch Co.,Abercrombie & Fitch Company,EQUITY,NYQ,USD,843744600.0,0.0,2000-01-03,2024-12-31,Ticker metadata only; permanent historical identity unverified,
ANRZQ,https://query1.finance.yahoo.com/v8/finance/chart/ANRZQ?period1=946684800&period2=1735689600&interval=1d&events=div%2Csplits,failed,0,2026-09-10T13:54:00.806910+00:00,75957090b6e3b37a88f7ce799a65012cb82314b946d5bb987b852326d3a0ec2a,ANRZQ,,,MUTUALFUND,YHD,,,,,,,ValueError: Constituent request did not resolve to an equity
ANSS,https://query1.finance.yahoo.com/v8/finance/chart/ANSS?period1=946684800&period2=1735689600&interval=1d&events=div%2Csplits,failed,0,2026-09-10T13:54:00.873431+00:00,,,,,,,,,,,,,HTTPError: HTTP Error 404: Not Found
ANTM,https://query1.finance.yahoo.com/v8/finance/chart/ANTM?period1=946684800&period2=1735689600&interval=1d&events=div%2Csplits,failed,0,2026-09-10T13:54:00.907513+00:00,,,,,,,,,,,,,HTTPError: HTTP Error 404: Not Found
ANV,https://query1.finance.yahoo.com/v8/finance/chart/ANV?period1=946684800&period2=1735689600&interval=1d&events=div%2Csplits,failed,0,2026-09-10T13:54:00.932680+00:00,,,,,,,,,,,,,HTTPError: HTTP Error 400: Bad Request
AON,https://query1.finance.yahoo.com/v8/finance/chart/AON?period1=946684800&period2=1735689600&interval=1d&events=div%2Csplits,available,6289,2026-09-10T13:54:00.989898+00:00,27748fec03a5df58a8785ce69b2361350b31e177a56a46d7e0ebc3475453e870,AON,Aon plc,Aon plc,EQUITY,NYQ,USD,328800600.0,0.0,2000-01-03,2024-12-31,Ticker metadata only; permanent historical identity unverified,
AOS,https://query1.finance.yahoo.com/v8/finance/chart/AOS?period1=946684800&period2=1735689600&interval=1d&events=div%2Csplits,available,6289,2026-09-10T13:54:01.006235+00:00,208815322a55096fd82bcf7234dbc56719b84d9de0f34473a370a9d2d37604f7,AOS,A. O. Smith Corporation,A.O. Smith Corporation,EQUITY,NYQ,USD,433776600.0,0.0,2000-01-03,2024-12-31,Ticker metadata only; permanent historical identity unverified,
APA,https://query1.finance.yahoo.com/v8/finance/chart/APA?period1=946684800&period2=1735689600&interval=1d&events=div%2Csplits,available,6289,2026-09-10T13:54:01.044746+00:00,4b5cf1e8cb735d8a01dd9cace698a9522932a073da9bb4db69f7d60a75a67a30,APA,APA Corporation,APA Corporation,EQUITY,NMS,USD,295623000.0,0.0,2000-01-03,2024-12-31,Ticker metadata only; permanent historical identity unverified,
APC,https://query1.finance.yahoo.com/v8/finance/chart/APC?period1=946684800&period2=1735689600&interval=1d&events=div%2Csplits,failed,0,2026-09-10T13:54:01.266328+00:00,,,,,,,,,,,,,HTTPError: HTTP Error 400: Bad Request
APCC,https://query1.finance.yahoo.com/v8/finance/chart/APCC?period1=946684800&period2=1735689600&interval=1d&events=div%2Csplits,failed,0,2026-09-10T13:54:01.294351+00:00,915483c258e2e1d86b1fdcfba67c99b7325617cd319fc2bdf60fa1f55def6c68,APCC,,1542582,MUTUALFUND,YHD,,,,,,,ValueError: Constituent request did not resolve to an equity
APD,https://query1.finance.yahoo.com/v8/finance/chart/APD?period1=946684800&period2=1735689600&interval=1d&events=div%2Csplits,available,6289,2026-09-10T13:54:01.318786+00:00,bb6bbd9210600d448eeafe98ffb6873eeaaf3c41166772e4ddcc01170d47fe84,APD,"Air Products and Chemicals, Inc.","Air Products and Chemicals, Inc",EQUITY,NYQ,USD,322151400.0,0.0,2000-01-03,2024-12-31,Ticker metadata only; permanent historical identity unverified,
APH,https://query1.finance.yahoo.com/v8/finance/chart/APH?period1=946684800&period2=1735689600&interval=1d&events=div%2Csplits,available,6289,2026-09-10T13:54:01.360867+00:00,380d6b91394da7aa3e6795dc25171b00ec99bf3813e78ab94b34fc1ff7108bfb,APH,Amphenol Corporation,Amphenol Corporation,EQUITY,NYQ,USD,689610600.0,0.0,2000-01-03,2024-12-31,Ticker metadata only; permanent historical identity unverified,
APO,https://query1.finance.yahoo.com/v8/finance/chart/APO?period1=946684800&period2=1735689600&interval=1d&events=div%2Csplits,available,3462,2026-09-10T13:54:01.404083+00:00,2aa817bfc2cb791be172f7ef6e29665d00c04a431c6b90b35682b9dbd8100641,APO,"Apollo Global Management, Inc.","Apollo Global Management, Inc. ",EQUITY,NYQ,USD,1301491800.0,0.0,2011-03-30,2024-12-31,Ticker metadata only; permanent historical identity unverified,
APOL,https://query1.finance.yahoo.com/v8/finance/chart/APOL?period1=946684800&period2=1735689600&interval=1d&events=div%2Csplits,failed,0,2026-09-10T13:54:01.579443+00:00,19998c9c136c82c4bda296dff1de15ed3e3a190db5210fe8c67ce62335338efb,APOL,,1912746,MUTUALFUND,YHD,,,,,,,ValueError: Constituent request did not resolve to an equity
APP,https://query1.finance.yahoo.com/v8/finance/chart/APP?period1=946684800&period2=1735689600&interval=1d&events=div%2Csplits,available,935,2026-09-10T13:54:01.615613+00:00,b55aeb4dda8e5f71f8b58f03edc929fb4b8370cfe1815227018d4375bf197681,APP,AppLovin Corporation,Applovin Corporation,EQUITY,NMS,USD,1618493400.0,0.0,2021-04-15,2024-12-31,Ticker metadata only; permanent historical identity unverified,
APTV,https://query1.finance.yahoo.com/v8/finance/chart/APTV?period1=946684800&period2=1735689600&interval=1d&events=div%2Csplits,available,3300,2026-09-10T13:54:01.636985+00:00,64e58e3a3a3302845b0d24d61c6e24ec6529052333dde547515351ee9010978e,APTV,Aptiv PLC,Aptiv PLC,EQUITY,NYQ,USD,1321540200.0,0.0,2011-11-17,2024-12-31,Ticker metadata only; permanent historical identity unverified,
AR,https://query1.finance.yahoo.com/v8/finance/chart/AR?period1=946684800&period2=1735689600&interval=1d&events=div%2Csplits,available,2825,2026-09-10T13:54:01.674051+00:00,b9f7a8aa5161e8c7a1e8c495f86f07eb3494e86d85cefd8dce55849b3b9fd35c,AR,Antero Resources Corporation,Antero Resources Corporation,EQUITY,NYQ,USD,1381411800.0,0.0,2013-10-10,2024-12-31,Ticker metadata only; permanent historical identity unverified,
ARC,https://query1.finance.yahoo.com/v8/finance/chart/ARC?period1=946684800&period2=1735689600&interval=1d&events=div%2Csplits,failed,0,2026-09-10T13:54:01.829331+00:00,,,,,,,,,,,,,HTTPError: HTTP Error 404: Not Found
ARE,https://query1.finance.yahoo.com/v8/finance/chart/ARE?period1=946684800&period2=1735689600&interval=1d&events=div%2Csplits,available,6289,2026-09-10T13:54:01.836439+00:00,9bebf93197dc8e21ba47d4b78d2f9573a25aea3df36d1001db5c170a99508caf,ARE,"Alexandria Real Estate Equities, Inc.",Alexandria Real Estate Equities,EQUITY,NYQ,USD,864826200.0,0.0,2000-01-03,2024-12-31,Ticker metadata only; permanent historical identity unverified,
ARES,https://query1.finance.yahoo.com/v8/finance/chart/ARES?period1=946684800&period2=1735689600&interval=1d&events=div%2Csplits,available,2685,2026-09-10T13:54:01.863249+00:00,682698d4002b18f364402a1f0e7ae07888542a0c5b6060017fd28db782ad2b57,ARES,Ares Management Corporation,Ares Management Corporation,EQUITY,NYQ,USD,1399037400.0,0.0,2014-05-02,2024-12-31,Ticker metadata only; permanent historical identity unverified,
ARG,https://query1.finance.yahoo.com/v8/finance/chart/ARG?period1=946684800&period2=1735689600&interval=1d&events=div%2Csplits,failed,0,2026-09-10T13:54:01.909239+00:00,ad578a45829071dc9c5a5bc4e75a9ee69f2c8ad9296cf7d38bf289a28a6964ef,ARG,,386692,MUTUALFUND,YHD,,1558963800.0,,,,,ValueError: Constituent request did not resolve to an equity
ARNC,https://query1.finance.yahoo.com/v8/finance/chart/ARNC?period1=946684800&period2=1735689600&interval=1d&events=div%2Csplits,failed,0,2026-09-10T13:54:01.983858+00:00,,,,,,,,,,,,,HTTPError: HTTP Error 404: Not Found
AS,https://query1.finance.yahoo.com/v8/finance/chart/AS?period1=946684800&period2=1735689600&interval=1d&events=div%2Csplits,available,231,2026-09-10T13:54:02.064258+00:00,f81765f11e25b8b96900cde342ad1c9df692a11aa102ebc3a5f52f1d7b56848e,AS,"Amer Sports, Inc.","Amer Sports, Inc.",EQUITY,NYQ,USD,1706797800.0,0.0,2024-02-01,2024-12-31,Ticker metadata only; permanent historical identity unverified,
ASC,https://query1.finance.yahoo.com/v8/finance/chart/ASC?period1=946684800&period2=1735689600&interval=1d&events=div%2Csplits,available,2874,2026-09-10T13:54:02.066260+00:00,ae7f46170f4752186f84c4b00e9867e2a7371797e71d67c0faf66f56bceb789b,ASC,Ardmore Shipping Corporation,Ardmore Shipping Corporation,EQUITY,NYQ,USD,1375363800.0,0.0,2013-08-01,2024-12-31,Ticker metadata only; permanent historical identity unverified,
ASH,https://query1.finance.yahoo.com/v8/finance/chart/ASH?period1=946684800&period2=1735689600&interval=1d&events=div%2Csplits,available,6289,2026-09-10T13:54:02.077526+00:00,3c11e9710beb20e0fa1a48188be6a9a08ee76e9ef72954f29c4efbc3d4179b27,ASH,Ashland Inc.,Ashland Inc.,EQUITY,NYQ,USD,322151400.0,0.0,2000-01-03,2024-12-31,Ticker metadata only; permanent historical identity unverified,
ASN,https://query1.finance.yahoo.com/v8/finance/chart/ASN?period1=946684800&period2=1735689600&interval=1d&events=div%2Csplits,failed,0,2026-09-10T13:54:02.172369+00:00,1a15bcc6627b886d537cb6c7bbbf73481cf084e57e79fa71c601670ca60b1ea6,ASN,,782156,MUTUALFUND,YHD,,1082640600.0,,,,,ValueError: Constituent request did not resolve to an equity
ASND,https://query1.finance.yahoo.com/v8/finance/chart/ASND?period1=946684800&period2=1735689600&interval=1d&events=div%2Csplits,available,2499,2026-09-10T13:54:02.234359+00:00,aa05775fe27aff569351ae6870af37b345dfb4cf262b49256bbf478946dd3615,ASND,Ascendis Pharma A/S,Ascendis Pharma A/S,EQUITY,NMS,USD,1422455400.0,0.0,2015-01-28,2024-12-31,Ticker metadata only; permanent historical identity unverified,
ASO,https://query1.finance.yahoo.com/v8/finance/chart/ASO?period1=946684800&period2=1735689600&interval=1d&events=div%2Csplits,available,1068,2026-09-10T13:54:02.310405+00:00,229702d9170f75ebdd324a6b023df44f65332bd2fef765f8605b30486f87c7bd,ASO,"Academy Sports and Outdoors, Inc.","Academy Sports and Outdoors, In",EQUITY,NMS,USD,1601645400.0,0.0,2020-10-02,2024-12-31,Ticker metadata only; permanent historical identity unverified,
AT,https://query1.finance.yahoo.com/v8/finance/chart/AT?period1=946684800&period2=1735689600&interval=1d&events=div%2Csplits,failed,0,2026-09-10T13:54:02.369138+00:00,,,,,,,,,,,,,HTTPError: HTTP Error 404: Not Found
ATGE,https://query1.finance.yahoo.com/v8/finance/chart/ATGE?period1=946684800&period2=1735689600&interval=1d&events=div%2Csplits,failed,0,2026-09-10T13:54:02.380818+00:00,,,,,,,,,,,,,HTTPError: HTTP Error 404: Not Found
ATI,https://query1.finance.yahoo.com/v8/finance/chart/ATI?period1=946684800&period2=1735689600&interval=1d&events=div%2Csplits,available,6289,2026-09-10T13:54:02.432901+00:00,463efb3f5d23fddd65d9e461c05630e689e809dcc295eca9ba5aeac3ac20ac9d,ATI,ATI Inc.,ATI Inc.,EQUITY,NYQ,USD,943885800.0,0.0,2000-01-03,2024-12-31,Ticker metadata only; permanent historical identity unverified,
ATO,https://query1.finance.yahoo.com/v8/finance/chart/ATO?period1=946684800&period2=1735689600&interval=1d&events=div%2Csplits,available,6289,2026-09-10T13:54:02.434903+00:00,033510794914f6cbefa1642a31b0cf3b0eb5c06bfffac991240d5de5bbbdb929,ATO,Atmos Energy Corporation,Atmos Energy Corporation,EQUITY,NYQ,USD,441469800.0,0.0,2000-01-03,2024-12-31,Ticker metadata only; permanent historical identity unverified,
ATVI,https://query1.finance.yahoo.com/v8/finance/chart/ATVI?period1=946684800&period2=1735689600&interval=1d&events=div%2Csplits,failed,0,2026-09-10T13:54:02.506173+00:00,,,,,,,,,,,,,HTTPError: HTTP Error 404: Not Found
AV,https://query1.finance.yahoo.com/v8/finance/chart/AV?period1=946684800&period2=1735689600&interval=1d&events=div%2Csplits,failed,0,2026-09-10T13:54:02.579117+00:00,,,,,,,,,,,,,HTTPError: HTTP Error 400: Bad Request
AVB,https://query1.finance.yahoo.com/v8/finance/chart/AVB?period1=946684800&period2=1735689600&interval=1d&events=div%2Csplits,failed,0,2026-09-10T13:54:02.645623+00:00,,,,,,,,,,,,,HTTPError: HTTP Error 400: Bad Request
AVGO,https://query1.finance.yahoo.com/v8/finance/chart/AVGO?period1=946684800&period2=1735689600&interval=1d&events=div%2Csplits,available,3877,2026-09-10T13:54:02.776446+00:00,dd56490c9fd2e96029fb37aa1fe3c77b4a7cf0ff201fc66b25185cd43b3f6ee4,AVGO,Broadcom Inc.,Broadcom Inc.,EQUITY,NMS,USD,1249565400.0,0.0,2009-08-06,2024-12-31,Ticker metadata only; permanent historical identity unverified,
AVP,https://query1.finance.yahoo.com/v8/finance/chart/AVP?period1=946684800&period2=1735689600&interval=1d&events=div%2Csplits,failed,0,2026-09-10T13:54:02.783688+00:00,,,,,,,,,,,,,HTTPError: HTTP Error 404: Not Found
AVY,https://query1.finance.yahoo.com/v8/finance/chart/AVY?period1=946684800&period2=1735689600&interval=1d&events=div%2Csplits,available,6289,2026-09-10T13:54:02.834824+00:00,af5b2aff7ec7980e0b6a9200b2538f9ecf0ef8eac65cbac81c1ad0f9ac7edd55,AVY,Avery Dennison Corporation,Avery Dennison Corporation,EQUITY,NYQ,USD,99153000.0,0.0,2000-01-03,2024-12-31,Ticker metadata only; permanent historical identity unverified,
AW,https://query1.finance.yahoo.com/v8/finance/chart/AW?period1=946684800&period2=1735689600&interval=1d&events=div%2Csplits,failed,0,2026-09-10T13:54:02.874552+00:00,dd102eb89088d786fee516bf355898e727608342e1a102051a4142c12f7dfa63,AW,,2633276,MUTUALFUND,YHD,,,,,,,ValueError: Constituent request did not resolve to an equity
AWE,https://query1.finance.yahoo.com/v8/finance/chart/AWE?period1=946684800&period2=1735689600&interval=1d&events=div%2Csplits,failed,0,2026-09-10T13:54:02.942726+00:00,56fcb12149419f0e207607698a5a0f906ece3bde77f0ecef1fbd66bc045f07b7,AWE,,,MUTUALFUND,YHD,,1548081000.0,,,,,ValueError: Constituent request did not resolve to an equity
AWK,https://query1.finance.yahoo.com/v8/finance/chart/AWK?period1=946684800&period2=1735689600&interval=1d&events=div%2Csplits,available,4202,2026-09-10T13:54:03.025849+00:00,8e32cf7e59833013914896e0e7b791cd859c681d54790ffddb2b3ae5746a2fb3,AWK,"American Water Works Company, Inc.","American Water Works Company, I",EQUITY,NYQ,USD,1208957400.0,0.0,2008-04-23,2024-12-31,Ticker metadata only; permanent historical identity unverified,
AXON,https://query1.finance.yahoo.com/v8/finance/chart/AXON?period1=946684800&period2=1735689600&interval=1d&events=div%2Csplits,available,5921,2026-09-10T13:54:03.113342+00:00,35dfb3878d415b969c889443121f6bdca90955a2dd0b8378e515da241e4c8ba6,AXON,"Axon Enterprise, Inc.","Axon Enterprise, Inc.",EQUITY,NMS,USD,992957400.0,0.0,2001-06-19,2024-12-31,Ticker metadata only; permanent historical identity unverified,
AXP,https://query1.finance.yahoo.com/v8/finance/chart/AXP?period1=946684800&period2=1735689600&interval=1d&events=div%2Csplits,available,6289,2026-09-10T13:54:03.232554+00:00,6d9effab02d7e7bd5576287dbbade4bfb73825341bd5cf44ebca02e2bc7ea02e,AXP,American Express Company,American Express Company,EQUITY,NYQ,USD,76253400.0,0.0,2000-01-03,2024-12-31,Ticker metadata only; permanent historical identity unverified,
AYE,https://query1.finance.yahoo.com/v8/finance/chart/AYE?period1=946684800&period2=1735689600&interval=1d&events=div%2Csplits,failed,0,2026-09-10T13:54:03.308254+00:00,e9c858292d02a335eabaaafb0fabf149cd3bd74459a35117f8ab5fc3a8163276,AYE,,1289398,MUTUALFUND,YHD,,946909800.0,,,,,ValueError: Constituent request did not resolve to an equity
AYI,https://query1.finance.yahoo.com/v8/finance/chart/AYI?period1=946684800&period2=1735689600&interval=1d&events=div%2Csplits,available,5809,2026-09-10T13:54:03.462292+00:00,55535e83ed0775c516f5a4fb9cbf5663d1f70466dad6bfafe968ba13230720e3,AYI,Acuity Inc.,Acuity Inc.,EQUITY,NYQ,USD,1007389800.0,0.0,2001-12-03,2024-12-31,Ticker metadata only; permanent historical identity unverified,
AZA-A,https://query1.finance.yahoo.com/v8/finance/chart/AZA-A?period1=946684800&period2=1735689600&interval=1d&events=div%2Csplits,failed,0,2026-09-10T13:54:03.467603+00:00,,,,,,,,,,,,,HTTPError: HTTP Error 404: Not Found
AZO,https://query1.finance.yahoo.com/v8/finance/chart/AZO?period1=946684800&period2=1735689600&interval=1d&events=div%2Csplits,available,6289,2026-09-10T13:54:03.538428+00:00,a22728f45516ebaf32a20da9e74d7efa3a668b18d4fe668f25402079f56a2a48,AZO,"AutoZone, Inc.","AutoZone, Inc.",EQUITY,NYQ,USD,670602600.0,0.0,2000-01-03,2024-12-31,Ticker metadata only; permanent historical identity unverified,
BA,https://query1.finance.yahoo.com/v8/finance/chart/BA?period1=946684800&period2=1735689600&interval=1d&events=div%2Csplits,available,6289,2026-09-10T13:54:03.539904+00:00,530afbed1f2ec15dd4af6fb773cafa1a2823e505e078fceee26e2ee49db39854,BA,The Boeing Company,Boeing Company (The),EQUITY,NYQ,USD,-252322200.0,0.0,2000-01-03,2024-12-31,Ticker metadata only; permanent historical identity unverified,
BAC,https://query1.finance.yahoo.com/v8/finance/chart/BAC?period1=946684800&period2=1735689600&interval=1d&events=div%2Csplits,available,6289,2026-09-10T13:54:03.691560+00:00,e2421d17d996714da76d6da1dfce27359cedbe27fcbe02072f3dc12f9bbcf31e,BAC,Bank of America Corporation,Bank of America Corporation,EQUITY,NYQ,USD,99153000.0,0.0,2000-01-03,2024-12-31,Ticker metadata only; permanent historical identity unverified,
BALL,https://query1.finance.yahoo.com/v8/finance/chart/BALL?period1=946684800&period2=1735689600&interval=1d&events=div%2Csplits,available,6289,2026-09-10T13:54:03.762719+00:00,825fd989cd287d5b170333bdad823f93babfa3f9efe87fd71018795adefe5b89,BALL,Ball Corporation,Ball Corporation,EQUITY,NYQ,USD,99153000.0,0.0,2000-01-03,2024-12-31,Ticker metadata only; permanent historical identity unverified,
BAX,https://query1.finance.yahoo.com/v8/finance/chart/BAX?period1=946684800&period2=1735689600&interval=1d&events=div%2Csplits,available,6289,2026-09-10T13:54:03.853945+00:00,b5d8d90dfee639c7af03af8c345967c1bd0acfdf1a62eaff0b9c0a9ad6c364a0,BAX,Baxter International Inc.,Baxter International Inc.,EQUITY,NYQ,USD,373041000.0,0.0,2000-01-03,2024-12-31,Ticker metadata only; permanent historical identity unverified,
BAY,https://query1.finance.yahoo.com/v8/finance/chart/BAY?period1=946684800&period2=1735689600&interval=1d&events=div%2Csplits,failed,0,2026-09-10T13:54:03.986948+00:00,,,,,,,,,,,,,HTTPError: HTTP Error 400: Bad Request
BBBY,https://query1.finance.yahoo.com/v8/finance/chart/BBBY?period1=946684800&period2=1735689600&interval=1d&events=div%2Csplits,failed,0,2026-09-10T13:54:04.019304+00:00,,,,,,,,,,,,,HTTPError: HTTP Error 400: Bad Request
BBI,https://query1.finance.yahoo.com/v8/finance/chart/BBI?period1=946684800&period2=1735689600&interval=1d&events=div%2Csplits,failed,0,2026-09-10T13:54:04.057383+00:00,,,,,,,,,,,,,HTTPError: HTTP Error 404: Not Found
BBT,https://query1.finance.yahoo.com/v8/finance/chart/BBT?period1=946684800&period2=1735689600&interval=1d&events=div%2Csplits,available,6166,2026-09-10T13:54:04.121566+00:00,d040c1b430543a57322b458c8cfb4e76bfe3cf6ef30b5312a5906284dbdc1eef,BBT,Beacon Financial Corporation,Beacon Financial Corporation,EQUITY,NYQ,USD,962199000.0,0.0,2000-06-28,2024-12-31,Ticker metadata only; permanent historical identity unverified,
BBWI,https://query1.finance.yahoo.com/v8/finance/chart/BBWI?period1=946684800&period2=1735689600&interval=1d&events=div%2Csplits,available,6289,2026-09-10T13:54:04.121566+00:00,fd6d69a70ccd4c4f13be241074193789b7311ff2b4b50fb60995c6698388b633,BBWI,"Bath & Body Works, Inc.","Bath & Body Works, Inc.",EQUITY,NYQ,USD,386519400.0,0.0,2000-01-03,2024-12-31,Ticker metadata only; permanent historical identity unverified,
BBY,https://query1.finance.yahoo.com/v8/finance/chart/BBY?period1=946684800&period2=1735689600&interval=1d&events=div%2Csplits,available,6289,2026-09-10T13:54:04.126766+00:00,936d48c7ae5b1a11717ada168ba5f534c3a0d1524f3c21b3a6beff59e00eb633,BBY,"Best Buy Co., Inc.","Best Buy Co., Inc.",EQUITY,NYQ,USD,482682600.0,0.0,2000-01-03,2024-12-31,Ticker metadata only; permanent historical identity unverified,
BC,https://query1.finance.yahoo.com/v8/finance/chart/BC?period1=946684800&period2=1735689600&interval=1d&events=div%2Csplits,available,6289,2026-09-10T13:54:04.347975+00:00,65953bd69b52109a39c97730fdeab5080f8cbafdc90fd8590ddb894830ad5102,BC,Brunswick Corporation,Brunswick Corporation,EQUITY,NYQ,USD,378657000.0,0.0,2000-01-03,2024-12-31,Ticker metadata only; permanent historical identity unverified,
BCO,https://query1.finance.yahoo.com/v8/finance/chart/BCO?period1=946684800&period2=1735689600&interval=1d&events=div%2Csplits,available,6289,2026-09-10T13:54:04.374885+00:00,385184e54509f043b274b2fa5d69eb41960ca12cfc5381a7694e8f1f5cf36a2e,BCO,The Brink's Company,Brinks Company (The),EQUITY,NYQ,USD,820679400.0,0.0,2000-01-03,2024-12-31,Ticker metadata only; permanent historical identity unverified,
BCR,https://query1.finance.yahoo.com/v8/finance/chart/BCR?period1=946684800&period2=1735689600&interval=1d&events=div%2Csplits,failed,0,2026-09-10T13:54:04.433699+00:00,3e01b5f7535bc2ecdd532f376da269c8620575258eeae6ecc55e26ba16a85402,BCR,,574456,MUTUALFUND,YHD,,,,,,,ValueError: Constituent request did not resolve to an equity
BDK,https://query1.finance.yahoo.com/v8/finance/chart/BDK?period1=946684800&period2=1735689600&interval=1d&events=div%2Csplits,failed,0,2026-09-10T13:54:04.492185+00:00,24d1590a2dbb475117bc03c4c307e63b2f376e5d4e57be90bf35cf11799faaec,BDK,,914383,MUTUALFUND,YHD,,946909800.0,,,,,ValueError: Constituent request did not resolve to an equity
BDX,https://query1.finance.yahoo.com/v8/finance/chart/BDX?period1=946684800&period2=1735689600&interval=1d&events=div%2Csplits,available,6289,2026-09-10T13:54:04.594265+00:00,652ffbc916cfd369dda6226422ad04f5d5e3a17ba12f3bad9130a91c30ea72f8,BDX,"Becton, Dickinson and Company","Becton, Dickinson and Company",EQUITY,NYQ,USD,99153000.0,0.0,2000-01-03,2024-12-31,Ticker metadata only; permanent historical identity unverified,
BEAM,https://query1.finance.yahoo.com/v8/finance/chart/BEAM?period1=946684800&period2=1735689600&interval=1d&events=div%2Csplits,available,1234,2026-09-10T13:54:04.654158+00:00,4b89f7e25ff7da5946d0accddcb802f9ae8abfea692d588a5706b9f93eda8a68,BEAM,Beam Therapeutics Inc.,Beam Therapeutics Inc.,EQUITY,NMS,USD,1580999400.0,0.0,2020-02-06,2024-12-31,Ticker metadata only; permanent historical identity unverified,
BEN,https://query1.finance.yahoo.com/v8/finance/chart/BEN?period1=946684800&period2=1735689600&interval=1d&events=div%2Csplits,available,6289,2026-09-10T13:54:04.789473+00:00,bf11a917ff43fb3c0b5b284453674ac59d2960f552a6cf100fc0d8036055f1b3,BEN,Franklin Templeton Inc.,"Franklin Templeton, Inc.",EQUITY,NYQ,USD,433171800.0,0.0,2000-01-03,2024-12-31,Ticker metadata only; permanent historical identity unverified,
BEV,https://query1.finance.yahoo.com/v8/finance/chart/BEV?period1=946684800&period2=1735689600&interval=1d&events=div%2Csplits,failed,0,2026-09-10T13:54:04.805665+00:00,4f1f0e741aaede31240905c8f7beea82e8c6076725096df75b1046b5eac7af59,BEV,,1437435,MUTUALFUND,YHD,,1012573800.0,,,,,ValueError: Constituent request did not resolve to an equity
BF-B,https://query1.finance.yahoo.com/v8/finance/chart/BF-B?period1=946684800&period2=1735689600&interval=1d&events=div%2Csplits,available,6289,2026-09-10T13:54:04.894354+00:00,783120edf691380e9fe0c45f0516e0e106ade5fabccb6676bd16830d97b42ad2,BF-B,Brown-Forman Corporation,Brown Forman Inc,EQUITY,NYQ,USD,322151400.0,0.0,2000-01-03,2024-12-31,Ticker metadata only; permanent historical identity unverified,
BFI,https://query1.finance.yahoo.com/v8/finance/chart/BFI?period1=946684800&period2=1735689600&interval=1d&events=div%2Csplits,failed,0,2026-09-10T13:54:04.950641+00:00,,,,,,,,,,,,,HTTPError: HTTP Error 404: Not Found
BFO,https://query1.finance.yahoo.com/v8/finance/chart/BFO?period1=946684800&period2=1735689600&interval=1d&events=div%2Csplits,failed,0,2026-09-10T13:54:05.020793+00:00,,,,,,,,,,,,,HTTPError: HTTP Error 404: Not Found
BG,https://query1.finance.yahoo.com/v8/finance/chart/BG?period1=946684800&period2=1735689600&interval=1d&events=div%2Csplits,available,5890,2026-09-10T13:54:05.057919+00:00,a30c7094c2862eedf10dd9631fa82bb605cc8600a47b9731c6bff1e49635172e,BG,Bunge Global SA,Bunge Limited,EQUITY,NYQ,USD,996759000.0,0.0,2001-08-02,2024-12-31,Ticker metadata only; permanent historical identity unverified,
BGEN,https://query1.finance.yahoo.com/v8/finance/chart/BGEN?period1=946684800&period2=1735689600&interval=1d&events=div%2Csplits,failed,0,2026-09-10T13:54:05.138432+00:00,1e249cf8032a2ee39e6a89cd8bc679f0e2e5f0f59fdfd07b33259b5548e24edd,BGEN,,,MUTUALFUND,YHD,,1269437400.0,,,,,ValueError: Constituent request did not resolve to an equity
BGG,https://query1.finance.yahoo.com/v8/finance/chart/BGG?period1=946684800&period2=1735689600&interval=1d&events=div%2Csplits,failed,0,2026-09-10T13:54:05.191204+00:00,,,,,,,,,,,,,HTTPError: HTTP Error 404: Not Found
BHF,https://query1.finance.yahoo.com/v8/finance/chart/BHF?period1=946684800&period2=1735689600&interval=1d&events=div%2Csplits,available,1878,2026-09-10T13:54:05.208543+00:00,efda7e7a486d9baa632568b972749aaf3ba619cc6734a04680680c2af16fdd68,BHF,"Brighthouse Financial, Inc.","Brighthouse Financial, Inc.",EQUITY,NMS,USD,1500298200.0,0.0,2017-07-17,2024-12-31,Ticker metadata only; permanent historical identity unverified,
BHGE,https://query1.finance.yahoo.com/v8/finance/chart/BHGE?period1=946684800&period2=1735689600&interval=1d&events=div%2Csplits,failed,0,2026-09-10T13:54:05.298883+00:00,,,,,,,,,,,,,HTTPError: HTTP Error 404: Not Found
BHMSQ,https://query1.finance.yahoo.com/v8/finance/chart/BHMSQ?period1=946684800&period2=1735689600&interval=1d&events=div%2Csplits,failed,0,2026-09-10T13:54:05.300172+00:00,f881333a67eb3b33fd93391a81117a1cba324d470be125c0b393dcef2d73c831,BHMSQ,,,MUTUALFUND,YHD,,,,,,,ValueError: Constituent request did not resolve to an equity
BIG,https://query1.finance.yahoo.com/v8/finance/chart/BIG?period1=946684800&period2=1735689600&interval=1d&events=div%2Csplits,failed,0,2026-09-10T13:54:05.350260+00:00,,,,,,,,,,,,,HTTPError: HTTP Error 404: Not Found
BIIB,https://query1.finance.yahoo.com/v8/finance/chart/BIIB?period1=946684800&period2=1735689600&interval=1d&events=div%2Csplits,available,6289,2026-09-10T13:54:05.365764+00:00,66a84f65be9c4993e1515f2d6f2a8df193568e653056f6610d6f354e68728eb6,BIIB,Biogen Inc.,Biogen Inc.,EQUITY,NMS,USD,685114200.0,0.0,2000-01-03,2024-12-31,Ticker metadata only; permanent historical identity unverified,
BIO,https://query1.finance.yahoo.com/v8/finance/chart/BIO?period1=946684800&period2=1735689600&interval=1d&events=div%2Csplits,available,6289,2026-09-10T13:54:05.427902+00:00,2fc55330362d64a16169aba297a6e2116b40ffa3514f17afb4ac790f8d1a4c66,BIO,"Bio-Rad Laboratories, Inc.","Bio-Rad Laboratories, Inc.",EQUITY,NYQ,USD,320509800.0,0.0,2000-01-03,2024-12-31,Ticker metadata only; permanent historical identity unverified,
BJS,https://query1.finance.yahoo.com/v8/finance/chart/BJS?period1=946684800&period2=1735689600&interval=1d&events=div%2Csplits,failed,0,2026-09-10T13:54:05.454449+00:00,e8dadf0a8361a88e7df372fc074b652abc3754f822026a76edd5a5e0c979f021,BJS,,2975165,MUTUALFUND,YHD,,,,,,,ValueError: Constituent request did not resolve to an equity
BK,https://query1.finance.yahoo.com/v8/finance/chart/BK?period1=946684800&period2=1735689600&interval=1d&events=div%2Csplits,failed,0,2026-09-10T13:54:05.531217+00:00,,,,,,,,,,,,,HTTPError: HTTP Error 404: Not Found
BKB,https://query1.finance.yahoo.com/v8/finance/chart/BKB?period1=946684800&period2=1735689600&interval=1d&events=div%2Csplits,failed,0,2026-09-10T13:54:05.614442+00:00,ed3c23efd1d36998b1fef22f922e91b64dd74f736bfd0bbb1b648ed444cdcc52,BKB,,,MUTUALFUND,YHD,,,,,,,ValueError: Constituent request did not resolve to an equity
BKNG,https://query1.finance.yahoo.com/v8/finance/chart/BKNG?period1=946684800&period2=1735689600&interval=1d&events=div%2Csplits,available,6289,2026-09-10T13:54:05.620457+00:00,9cab35df34a10049b6631ab475b90dfcba5c83a946409d88d38c9451a9293335,BKNG,Booking Holdings Inc.,Booking Holdings Inc. Common St,EQUITY,NMS,USD,922890600.0,0.0,2000-01-03,2024-12-31,Ticker metadata only; permanent historical identity unverified,
BKR,https://query1.finance.yahoo.com/v8/finance/chart/BKR?period1=946684800&period2=1735689600&interval=1d&events=div%2Csplits,available,6289,2026-09-10T13:54:05.640843+00:00,b5d406c440cd4244e562875585b05c5fb833e148c62008d53364593a0436a843,BKR,Baker Hughes Company,Baker Hughes Company,EQUITY,NMS,USD,544714200.0,0.0,2000-01-03,2024-12-31,Ticker metadata only; permanent historical identity unverified,
BLDR,https://query1.finance.yahoo.com/v8/finance/chart/BLDR?period1=946684800&period2=1735689600&interval=1d&events=div%2Csplits,available,4911,2026-09-10T13:54:05.725183+00:00,3a6c51cc76e277b3325e1568338cf8b9eddb1912d35e56213a591fb9554e0818,BLDR,"Builders FirstSource, Inc.","Builders FirstSource, Inc.",EQUITY,NYQ,USD,1119965400.0,0.0,2005-06-28,2024-12-31,Ticker metadata only; permanent historical identity unverified,
BLK,https://query1.finance.yahoo.com/v8/finance/chart/BLK?period1=946684800&period2=1735689600&interval=1d&events=div%2Csplits,available,6289,2026-09-10T13:54:05.907521+00:00,4970af0dceaff57bb1a53794d5b643fa121f1bff055c934cc10fae2d68b60aa8,BLK,"BlackRock, Inc.","BlackRock, Inc.",EQUITY,NYQ,USD,938784600.0,0.0,2000-01-03,2024-12-31,Ticker metadata only; permanent historical identity unverified,
BLL,https://query1.finance.yahoo.com/v8/finance/chart/BLL?period1=946684800&period2=1735689600&interval=1d&events=div%2Csplits,failed,0,2026-09-10T13:54:05.926591+00:00,,,,,,,,,,,,,HTTPError: HTTP Error 404: Not Found
BLS,https://query1.finance.yahoo.com/v8/finance/chart/BLS?period1=946684800&period2=1735689600&interval=1d&events=div%2Csplits,failed,0,2026-09-10T13:54:05.945224+00:00,93066273be46c560ea6392724334190e34b248c319534f9880034825f347a94e,BLS,,5071898,MUTUALFUND,YHD,,952439400.0,,,,,ValueError: Constituent request did not resolve to an equity
BLY,https://query1.finance.yahoo.com/v8/finance/chart/BLY?period1=946684800&period2=1735689600&interval=1d&events=div%2Csplits,failed,0,2026-09-10T13:54:06.019047+00:00,74755c701a1a088ef152a062a18164cbc5521c7378565959406ec3000dd4bb59,BLY,,,ECNQUOTE,NMS,,1453905000.0,,,,,ValueError: Constituent request did not resolve to an equity
BMC,https://query1.finance.yahoo.com/v8/finance/chart/BMC?period1=946684800&period2=1735689600&interval=1d&events=div%2Csplits,failed,0,2026-09-10T13:54:06.033414+00:00,6beed7a8a9ba471741e2346d4054325bf4212baf5739b163d1cec7680c5e5545,BMC,,1804073,MUTUALFUND,YHD,,1196951400.0,,,,,ValueError: Constituent request did not resolve to an equity
BMET,https://query1.finance.yahoo.com/v8/finance/chart/BMET?period1=946684800&period2=1735689600&interval=1d&events=div%2Csplits,failed,0,2026-09-10T13:54:06.124579+00:00,64c670ba28de3c58783664b14d4d0d7eb29cbcb64fdfe5919b4291574f6467cb,BMET,,2330961,MUTUALFUND,YHD,,1548081000.0,,,,,ValueError: Constituent request did not resolve to an equity
BMGCA,https://query1.finance.yahoo.com/v8/finance/chart/BMGCA?period1=946684800&period2=1735689600&interval=1d&events=div%2Csplits,failed,0,2026-09-10T13:54:06.194517+00:00,,,,,,,,,,,,,HTTPError: HTTP Error 404: Not Found
BMS,https://query1.finance.yahoo.com/v8/finance/chart/BMS?period1=946684800&period2=1735689600&interval=1d&events=div%2Csplits,available,6289,2026-09-10T13:54:06.203992+00:00,3cdf25a1280eb1dc6307d2060a3c3cfc32025d9d1fd7b33cc9e1c5449cb866f6,BMS,"Bemis Company, Inc.",,EQUITY,NYQ,,76253400.0,1400.0,2000-01-03,2024-12-31,Ticker metadata only; permanent historical identity unverified,
BMY,https://query1.finance.yahoo.com/v8/finance/chart/BMY?period1=946684800&period2=1735689600&interval=1d&events=div%2Csplits,available,6289,2026-09-10T13:54:06.224684+00:00,3658576a9f5c9aabe3e7f14503792d1a2bcecee1c2733ed2aeb66c8c086f962b,BMY,Bristol-Myers Squibb Company,Bristol-Myers Squibb Company,EQUITY,NYQ,USD,76253400.0,0.0,2000-01-03,2024-12-31,Ticker metadata only; permanent historical identity unverified,
BNI,https://query1.finance.yahoo.com/v8/finance/chart/BNI?period1=946684800&period2=1735689600&interval=1d&events=div%2Csplits,failed,0,2026-09-10T13:54:06.325405+00:00,a395f2c9a6066efd6be9bed1f8a173eed618f2e8567d508ee9bb74714b738a38,BNI,,2407491,MUTUALFUND,YHD,,,,,,,ValueError: Constituent request did not resolve to an equity
BNL,https://query1.finance.yahoo.com/v8/finance/chart/BNL?period1=946684800&period2=1735689600&interval=1d&events=div%2Csplits,available,1079,2026-09-10T13:54:06.435987+00:00,1040bdd674fc83f84695a06286c8cfa5a406a1992a9b06fb20af6341670d8ef6,BNL,"Broadstone Net Lease, Inc.","Broadstone Net Lease, Inc.",EQUITY,NYQ,USD,1600349400.0,0.0,2020-09-17,2024-12-31,Ticker metadata only; permanent historical identity unverified,
BNY,https://query1.finance.yahoo.com/v8/finance/chart/BNY?period1=946684800&period2=1735689600&interval=1d&events=div%2Csplits,available,6289,2026-09-10T13:54:06.470019+00:00,57b60cb4db618a71ee193e5d2a2477087d37354717384c376b84686fabbbf02b,BNY,The Bank of New York Mellon Corporation,The Bank of New York Mellon Cor,EQUITY,NYQ,USD,105283800.0,0.0,2000-01-03,2024-12-31,Ticker metadata only; permanent historical identity unverified,
BOAT,https://query1.finance.yahoo.com/v8/finance/chart/BOAT?period1=946684800&period2=1735689600&interval=1d&events=div%2Csplits,failed,0,2026-09-10T13:54:06.570160+00:00,0259c572f9244d7473987a754f00f6bffb4a38ec6bfcfe80258cc684816d5fe9,BOAT,SonicShares Global Shipping ETF,SonicShares Global Shipping ETF,ETF,PCX,USD,1628083800.0,,,,,ValueError: Constituent request did not resolve to an equity
BOL,https://query1.finance.yahoo.com/v8/finance/chart/BOL?period1=946684800&period2=1735689600&interval=1d&events=div%2Csplits,failed,0,2026-09-10T13:54:06.584226+00:00,dd6a5f909ec11b49af6ba14d031f4405fd3fce98920e9480301dcb03d95d84c1,BOL,,469208,MUTUALFUND,YHD,,901719000.0,,,,,ValueError: Constituent request did not resolve to an equity
BR,https://query1.finance.yahoo.com/v8/finance/chart/BR?period1=946684800&period2=1735689600&interval=1d&events=div%2Csplits,available,4476,2026-09-10T13:54:06.719493+00:00,e3c87b5a18bcdf1210b11659fd8da12ce6b75e676ff49822639fc7994d188511,BR,"Broadridge Financial Solutions, Inc.","Broadridge Financial Solutions,",EQUITY,NYQ,USD,1174570200.0,0.0,2007-03-22,2024-12-31,Ticker metadata only; permanent historical identity unverified,
BRCM,https://query1.finance.yahoo.com/v8/finance/chart/BRCM?period1=946684800&period2=1735689600&interval=1d&events=div%2Csplits,failed,0,2026-09-10T13:54:06.790255+00:00,bb1e01f0c07c0469e3b6ac47e45e08ddd93282f482be84bb12c19694d6678529,BRCM,,7486608,MUTUALFUND,YHD,,,,,,,ValueError: Constituent request did not resolve to an equity
BRK-B,https://query1.finance.yahoo.com/v8/finance/chart/BRK-B?period1=946684800&period2=1735689600&interval=1d&events=div%2Csplits,available,6289,2026-09-10T13:54:06.820827+00:00,ad9ed6d2231fa06f9fd18f6025ed15f842195e745ddfaa4ebe8197ac6c63b81f,BRK-B,Berkshire Hathaway Inc.,Berkshire Hathaway Inc. New,EQUITY,NYQ,USD,831648600.0,0.0,2000-01-03,2024-12-31,Ticker metadata only; permanent historical identity unverified,
BRL,https://query1.finance.yahoo.com/v8/finance/chart/BRL?period1=946684800&period2=1735689600&interval=1d&events=div%2Csplits,failed,0,2026-09-10T13:54:06.884943+00:00,8f5a2266d63e5bf74a2391ef66f9cafa4ab1aca11de4823d69213eb4c963f6cd,BRL,,826829,MUTUALFUND,YHD,,958397400.0,,,,,ValueError: Constituent request did not resolve to an equity
BRO,https://query1.finance.yahoo.com/v8/finance/chart/BRO?period1=946684800&period2=1735689600&interval=1d&events=div%2Csplits,available,6289,2026-09-10T13:54:06.970722+00:00,9cd24115e6ce4ee73881e04ee98700994760e3c917309ff47107250869cfec3a,BRO,"Brown & Brown, Inc.","Brown & Brown, Inc.",EQUITY,NYQ,USD,350749800.0,0.0,2000-01-03,2024-12-31,Ticker metadata only; permanent historical identity unverified,
BSC,https://query1.finance.yahoo.com/v8/finance/chart/BSC?period1=946684800&period2=1735689600&interval=1d&events=div%2Csplits,failed,0,2026-09-10T13:54:06.977385+00:00,897367c0da92604a63e139e5631c25abc4e0d564bb647bcc243da42ebf55a3f0,BSC,,1315901,MUTUALFUND,YHD,,949933800.0,,,,,ValueError: Constituent request did not resolve to an equity
BSX,https://query1.finance.yahoo.com/v8/finance/chart/BSX?period1=946684800&period2=1735689600&interval=1d&events=div%2Csplits,available,6289,2026-09-10T13:54:07.026630+00:00,483c9b9c496964656158a4cb4c6be94c371f708febc0f8696617fc0a3b8599e7,BSX,Boston Scientific Corporation,Boston Scientific Corporation,EQUITY,NYQ,USD,706282200.0,0.0,2000-01-03,2024-12-31,Ticker metadata only; permanent historical identity unverified,
BT,https://query1.finance.yahoo.com/v8/finance/chart/BT?period1=946684800&period2=1735689600&interval=1d&events=div%2Csplits,failed,0,2026-09-10T13:54:07.052345+00:00,,,,,,,,,,,,,HTTPError: HTTP Error 404: Not Found
BTUUQ,https://query1.finance.yahoo.com/v8/finance/chart/BTUUQ?period1=946684800&period2=1735689600&interval=1d&events=div%2Csplits,failed,0,2026-09-10T13:54:07.170554+00:00,2d87acc0516736e8ed16ec97f2b6f474270dec9c337964a5397f045ef2673dec,BTUUQ,,,MUTUALFUND,YHD,,,,,,,ValueError: Constituent request did not resolve to an equity
BUD,https://query1.finance.yahoo.com/v8/finance/chart/BUD?period1=946684800&period2=1735689600&interval=1d&events=div%2Csplits,available,3902,2026-09-10T13:54:07.253307+00:00,2af2f7a051934d7189e1081dc0607b48afebf2375e23b9b0772fb4fe16fbfecd,BUD,Anheuser-Busch InBev SA/NV,Anheuser-Busch Inbev SA Sponsor,EQUITY,NYQ,USD,1246455000.0,0.0,2009-07-01,2024-12-31,Ticker metadata only; permanent historical identity unverified,
BVSN,https://query1.finance.yahoo.com/v8/finance/chart/BVSN?period1=946684800&period2=1735689600&interval=1d&events=div%2Csplits,failed,0,2026-09-10T13:54:07.253307+00:00,,,,,,,,,,,,,HTTPError: HTTP Error 404: Not Found
BWA,https://query1.finance.yahoo.com/v8/finance/chart/BWA?period1=946684800&period2=1735689600&interval=1d&events=div%2Csplits,available,6289,2026-09-10T13:54:07.327191+00:00,4296b957ae86434df705ac1820126579b6c3c4d5f0e71b95c7a833ea9e332adf,BWA,BorgWarner Inc.,BorgWarner Inc.,EQUITY,NYQ,USD,745248600.0,0.0,2000-01-03,2024-12-31,Ticker metadata only; permanent historical identity unverified,
BX,https://query1.finance.yahoo.com/v8/finance/chart/BX?period1=946684800&period2=1735689600&interval=1d&events=div%2Csplits,available,4412,2026-09-10T13:54:07.425833+00:00,92ba5508b696461aada5afcdc62919e37b9c9ffca101c8f7fb60ced6d1c70d9c,BX,Blackstone Inc.,Blackstone Inc.,EQUITY,NYQ,USD,1182519000.0,0.0,2007-06-22,2024-12-31,Ticker metadata only; permanent historical identity unverified,
BXLT,https://query1.finance.yahoo.com/v8/finance/chart/BXLT?period1=946684800&period2=1735689600&interval=1d&events=div%2Csplits,failed,0,2026-09-10T13:54:07.521854+00:00,ea266732bebcbe1d6d5e7d68bad5cf83ca2c1db94abf863c0163baca67b19a90,BXLT,,,MUTUALFUND,YHD,,,,,,,ValueError: Constituent request did not resolve to an equity
BXP,https://query1.finance.yahoo.com/v8/finance/chart/BXP?period1=946684800&period2=1735689600&interval=1d&events=div%2Csplits,available,6289,2026-09-10T13:54:07.642926+00:00,9ed3b3e3926034664e499ef26c7b3cde794a040fed902487eb164821cd859596,BXP,"BXP, Inc.","BXP, Inc.",EQUITY,NYQ,USD,866640600.0,0.0,2000-01-03,2024-12-31,Ticker metadata only; permanent historical identity unverified,
C,https://query1.finance.yahoo.com/v8/finance/chart/C?period1=946684800&period2=1735689600&interval=1d&events=div%2Csplits,available,6289,2026-09-10T13:54:07.823836+00:00,afe33a81db8c95f4a9a86de36741c58ba90e0e18fcb56a6f66cea8cb433f6163,C,Citigroup Inc.,"Citigroup, Inc.",EQUITY,NYQ,USD,221149800.0,0.0,2000-01-03,2024-12-31,Ticker metadata only; permanent historical identity unverified,
CA,https://query1.finance.yahoo.com/v8/finance/chart/CA?period1=946684800&period2=1735689600&interval=1d&events=div%2Csplits,failed,0,2026-09-10T13:54:07.869787+00:00,,,,,,,,,,,,,HTTPError: HTTP Error 404: Not Found
CAG,https://query1.finance.yahoo.com/v8/finance/chart/CAG?period1=946684800&period2=1735689600&interval=1d&events=div%2Csplits,available,6289,2026-09-10T13:54:07.895214+00:00,a0a8f522e1716c7027597295ac58ae7dd1ce7dfca52f8b928fda6748874311f0,CAG,"Conagra Brands, Inc.","ConAgra Brands, Inc.",EQUITY,NYQ,USD,322151400.0,0.0,2000-01-03,2024-12-31,Ticker metadata only; permanent historical identity unverified,
CAH,https://query1.finance.yahoo.com/v8/finance/chart/CAH?period1=946684800&period2=1735689600&interval=1d&events=div%2Csplits,available,6289,2026-09-10T13:54:07.982673+00:00,49e78ad5d973a7cd7da4173d1d1c0eee05872a39fccd5e6eca4db5f651e7f2f5,CAH,"Cardinal Health, Inc.","Cardinal Health, Inc.",EQUITY,NYQ,USD,428851800.0,0.0,2000-01-03,2024-12-31,Ticker metadata only; permanent historical identity unverified,
CAL,https://query1.finance.yahoo.com/v8/finance/chart/CAL?period1=946684800&period2=1735689600&interval=1d&events=div%2Csplits,available,6289,2026-09-10T13:54:08.098416+00:00,52a532af8408ca24776ad987851fe48ac2175f8f5bb30d7635ae831590b6bba6,CAL,"Caleres, Inc.","Caleres, Inc.",EQUITY,NYQ,USD,322151400.0,0.0,2000-01-03,2024-12-31,Ticker metadata only; permanent historical identity unverified,
CAM,https://query1.finance.yahoo.com/v8/finance/chart/CAM?period1=946684800&period2=1735689600&interval=1d&events=div%2Csplits,failed,0,2026-09-10T13:54:08.170597+00:00,,,,,,,,,,,,,HTTPError: HTTP Error 400: Bad Request
CAR,https://query1.finance.yahoo.com/v8/finance/chart/CAR?period1=946684800&period2=1735689600&interval=1d&events=div%2Csplits,available,6289,2026-09-10T13:54:08.234545+00:00,c3f727c63df2ba347e684bfbccde73e3df2c7be76832124c1483d607c3a22bd5,CAR,"Avis Budget Group, Inc.","Avis Budget Group, Inc.",EQUITY,NMS,USD,432394200.0,0.0,2000-01-03,2024-12-31,Ticker metadata only; permanent historical identity unverified,
CARR,https://query1.finance.yahoo.com/v8/finance/chart/CARR?period1=946684800&period2=1735689600&interval=1d&events=div%2Csplits,available,1205,2026-09-10T13:54:08.288831+00:00,e7759d4cfece570f4cd98a0ba689f6bf901ee330006b6d3b106489fbc9837b0a,CARR,Carrier Global Corporation,Carrier Global Corporation,EQUITY,NYQ,USD,1584624600.0,0.0,2020-03-19,2024-12-31,Ticker metadata only; permanent historical identity unverified,
CASY,https://query1.finance.yahoo.com/v8/finance/chart/CASY?period1=946684800&period2=1735689600&interval=1d&events=div%2Csplits,available,6289,2026-09-10T13:54:08.352936+00:00,5221e22292ba8c9a4038d38bf7f1dfc7cf89ae80f632cc0c6c511c91b0616aa6,CASY,"Casey's General Stores, Inc.","Caseys General Stores, Inc.",EQUITY,NMS,USD,435504600.0,0.0,2000-01-03,2024-12-31,Ticker metadata only; permanent historical identity unverified,
CAT,https://query1.finance.yahoo.com/v8/finance/chart/CAT?period1=946684800&period2=1735689600&interval=1d&events=div%2Csplits,available,6289,2026-09-10T13:54:08.433692+00:00,a72db157b0f2af2853fa0362c3cfac99574969cf574f51bb8013f4a760808dfc,CAT,Caterpillar Inc.,"Caterpillar, Inc.",EQUITY,NYQ,USD,-252322200.0,0.0,2000-01-03,2024-12-31,Ticker metadata only; permanent historical identity unverified,
CB,https://query1.finance.yahoo.com/v8/finance/chart/CB?period1=946684800&period2=1735689600&interval=1d&events=div%2Csplits,available,6289,2026-09-10T13:54:08.527380+00:00,d43032ceaa35f68f556a11877bf7738562d235d1bcfebf34746adb172eac0b57,CB,Chubb Limited,Chubb Limited,EQUITY,NYQ,USD,733069800.0,0.0,2000-01-03,2024-12-31,Ticker metadata only; permanent historical identity unverified,
CBB,https://query1.finance.yahoo.com/v8/finance/chart/CBB?period1=946684800&period2=1735689600&interval=1d&events=div%2Csplits,failed,0,2026-09-10T13:54:08.642016+00:00,,,,,,,,,,,,,HTTPError: HTTP Error 404: Not Found
CBE,https://query1.finance.yahoo.com/v8/finance/chart/CBE?period1=946684800&period2=1735689600&interval=1d&events=div%2Csplits,failed,0,2026-09-10T13:54:08.703193+00:00,602a8a2476b93b9ca63662f1bd39a32ef1431be90dab511f1e8e6a546602b25a,CBE,,462219,MUTUALFUND,YHD,,76253400.0,,,,,ValueError: Constituent request did not resolve to an equity
CBH,https://query1.finance.yahoo.com/v8/finance/chart/CBH?period1=946684800&period2=1735689600&interval=1d&events=div%2Csplits,failed,0,2026-09-10T13:54:08.752862+00:00,,,,,,,,,,,,,HTTPError: HTTP Error 404: Not Found
CBOE,https://query1.finance.yahoo.com/v8/finance/chart/CBOE?period1=946684800&period2=1735689600&interval=1d&events=div%2Csplits,available,3662,2026-09-10T13:54:08.806405+00:00,84d19447d06f335561c88fe3dc648ef6db3a6b5eacd16c5755a98dd7254db2b8,CBOE,"Cboe Global Markets, Inc.","Cboe Global Markets, Inc.",EQUITY,BTS,USD,1276608600.0,0.0,2010-06-15,2024-12-31,Ticker metadata only; permanent historical identity unverified,
CBRE,https://query1.finance.yahoo.com/v8/finance/chart/CBRE?period1=946684800&period2=1735689600&interval=1d&events=div%2Csplits,available,5175,2026-09-10T13:54:08.824738+00:00,8278c8c0388671df1639d4ee35804145326dbb3182cd0a706e24e7f8fc29d6ba,CBRE,"CBRE Group, Inc.",CBRE Group Inc,EQUITY,NYQ,USD,1086874200.0,0.0,2004-06-10,2024-12-31,Ticker metadata only; permanent historical identity unverified,
CBS,https://query1.finance.yahoo.com/v8/finance/chart/CBS?period1=946684800&period2=1735689600&interval=1d&events=div%2Csplits,failed,0,2026-09-10T13:54:08.890390+00:00,,,,,,,,,,,,,HTTPError: HTTP Error 404: Not Found
CBSS,https://query1.finance.yahoo.com/v8/finance/chart/CBSS?period1=946684800&period2=1735689600&interval=1d&events=div%2Csplits,failed,0,2026-09-10T13:54:08.958992+00:00,1d973bf7f9da9589cb66a0ec5ed1ee9f4aedd7684958ad670ae7760f4c737370,CBSS,,471613,MUTUALFUND,YHD,,,,,,,ValueError: Constituent request did not resolve to an equity
CCB,https://query1.finance.yahoo.com/v8/finance/chart/CCB?period1=946684800&period2=1735689600&interval=1d&events=div%2Csplits,available,1624,2026-09-10T13:54:09.005897+00:00,1e7473967355dde6cfe6dd61af2fa6e7055b4c9cc3dcd8cdbd7f0a52173aec79,CCB,Coastal Financial Corporation,Coastal Financial Corporation,EQUITY,NMS,USD,1532007000.0,0.0,2018-07-19,2024-12-31,Ticker metadata only; permanent historical identity unverified,
CCE,https://query1.finance.yahoo.com/v8/finance/chart/CCE?period1=946684800&period2=1735689600&interval=1d&events=div%2Csplits,failed,0,2026-09-10T13:54:09.027917+00:00,81529c42c000b763a799e026b9153a3cd8aa4a6d7d23ebb9d6a665cff3333e3d,CCE,Coca-Cola European Partners plc,1353367,MUTUALFUND,YHD,,1152192600.0,,,,,ValueError: Constituent request did not resolve to an equity
CCEP,https://query1.finance.yahoo.com/v8/finance/chart/CCEP?period1=946684800&period2=1735689600&interval=1d&events=div%2Csplits,available,6289,2026-09-10T13:54:09.057993+00:00,0234ff5f283ff7ba5682b8771057e42149d1053f4cc34cb470aadb949f1a4ba4,CCEP,Coca-Cola Europacific Partners PLC,Coca-Cola Europacific Partners ,EQUITY,NMS,USD,533226600.0,0.0,2000-01-03,2024-12-31,Ticker metadata only; permanent historical identity unverified,
CCI,https://query1.finance.yahoo.com/v8/finance/chart/CCI?period1=946684800&period2=1735689600&interval=1d&events=div%2Csplits,available,6289,2026-09-10T13:54:09.140139+00:00,336cfd74036f77aa0dea7f89865e8f84937f12aaf34123d047e18b0d8677293f,CCI,Crown Castle Inc.,Crown Castle Inc.,EQUITY,NYQ,USD,903447000.0,0.0,2000-01-03,2024-12-31,Ticker metadata only; permanent historical identity unverified,
CCK,https://query1.finance.yahoo.com/v8/finance/chart/CCK?period1=946684800&period2=1735689600&interval=1d&events=div%2Csplits,available,6289,2026-09-10T13:54:09.158687+00:00,2fdd0fed7e36ed89cadb3d47db234890fda0838af386c9c894c3bfd390e3f8da,CCK,"Crown Holdings, Inc.","Crown Holdings, Inc.",EQUITY,NYQ,USD,322151400.0,0.0,2000-01-03,2024-12-31,Ticker metadata only; permanent historical identity unverified,
CCL,https://query1.finance.yahoo.com/v8/finance/chart/CCL?period1=946684800&period2=1735689600&interval=1d&events=div%2Csplits,available,6289,2026-09-10T13:54:09.370779+00:00,ea8076240630b8d90c645b231d82cf91c306df44281ddd4c5a077b0c6e92b073,CCL,Carnival Corporation Ltd.,Carnival Corporation Ltd.,EQUITY,NYQ,USD,554131800.0,0.0,2000-01-03,2024-12-31,Ticker metadata only; permanent historical identity unverified,
CCTYQ,https://query1.finance.yahoo.com/v8/finance/chart/CCTYQ?period1=946684800&period2=1735689600&interval=1d&events=div%2Csplits,failed,0,2026-09-10T13:54:09.393947+00:00,b35879f0997c0e24287b2e65a59d832288d929f21791d607b604891e495c41f7,CCTYQ,,,MUTUALFUND,YHD,,,,,,,ValueError: Constituent request did not resolve to an equity
CCU,https://query1.finance.yahoo.com/v8/finance/chart/CCU?period1=946684800&period2=1735689600&interval=1d&events=div%2Csplits,available,6289,2026-09-10T13:54:09.450023+00:00,e21a4911acf153416f9241706e21aa86c4f4a12287b718f1a6e7d6c695562eaf,CCU,Compañía Cervecerías Unidas S.A.,"Compania Cervecerias Unidas, S.",EQUITY,NYQ,USD,717341400.0,0.0,2000-01-03,2024-12-31,Ticker metadata only; permanent historical identity unverified,
CDAY,https://query1.finance.yahoo.com/v8/finance/chart/CDAY?period1=946684800&period2=1735689600&interval=1d&events=div%2Csplits,failed,0,2026-09-10T13:54:09.456029+00:00,,,,,,,,,,,,,HTTPError: HTTP Error 404: Not Found
CDNS,https://query1.finance.yahoo.com/v8/finance/chart/CDNS?period1=946684800&period2=1735689600&interval=1d&events=div%2Csplits,available,6289,2026-09-10T13:54:09.513215+00:00,18f69fe86c6df6685038825e74279f26d041c1a08d383317849830798652c1f9,CDNS,"Cadence Design Systems, Inc.","Cadence Design Systems, Inc.",EQUITY,NMS,USD,550330200.0,0.0,2000-01-03,2024-12-31,Ticker metadata only; permanent historical identity unverified,
CDW,https://query1.finance.yahoo.com/v8/finance/chart/CDW?period1=946684800&period2=1735689600&interval=1d&events=div%2Csplits,available,2898,2026-09-10T13:54:09.734460+00:00,c2525ba6652e4378806ed8d0033005a52c30b80961e8f9ce8dbcd6b13f28a82b,CDW,CDW Corporation,CDW Corporation,EQUITY,NMS,USD,1372339800.0,0.0,2013-06-27,2024-12-31,Ticker metadata only; permanent historical identity unverified,
CE,https://query1.finance.yahoo.com/v8/finance/chart/CE?period1=946684800&period2=1735689600&interval=1d&events=div%2Csplits,available,5020,2026-09-10T13:54:09.754100+00:00,311c1e87c542f9fa70163ec1cc8ce70594c1806a0ac980bda642844bc9cbc229,CE,Celanese Corporation,Celanese Corporation,EQUITY,NYQ,USD,1106317800.0,0.0,2005-01-21,2024-12-31,Ticker metadata only; permanent historical identity unverified,
CEG,https://query1.finance.yahoo.com/v8/finance/chart/CEG?period1=946684800&period2=1735689600&interval=1d&events=div%2Csplits,available,742,2026-09-10T13:54:09.757128+00:00,d4724e1aed5bd0ca70af22957c5ba3a2fef32db9a9c3db0c732e37ce7a81d864,CEG,Constellation Energy Corporation,Constellation Energy Corporatio,EQUITY,NMS,USD,1642602600.0,0.0,2022-01-19,2024-12-31,Ticker metadata only; permanent historical identity unverified,
CELG,https://query1.finance.yahoo.com/v8/finance/chart/CELG?period1=946684800&period2=1735689600&interval=1d&events=div%2Csplits,failed,0,2026-09-10T13:54:09.891242+00:00,,,,,,,,,,,,,HTTPError: HTTP Error 404: Not Found
CEN,https://query1.finance.yahoo.com/v8/finance/chart/CEN?period1=946684800&period2=1735689600&interval=1d&events=div%2Csplits,failed,0,2026-09-10T13:54:09.938996+00:00,,,,,,,,,,,,,HTTPError: HTTP Error 404: Not Found
CEPH,https://query1.finance.yahoo.com/v8/finance/chart/CEPH?period1=946684800&period2=1735689600&interval=1d&events=div%2Csplits,failed,0,2026-09-10T13:54:09.959414+00:00,b2fd8ab3d276795b909a1d79f46db207cdbc2538d400358b384204069f2f999d,CEPH,,1084041,MUTUALFUND,YHD,,,,,,,ValueError: Constituent request did not resolve to an equity
CERN,https://query1.finance.yahoo.com/v8/finance/chart/CERN?period1=946684800&period2=1735689600&interval=1d&events=div%2Csplits,failed,0,2026-09-10T13:54:10.019343+00:00,,,,,,,,,,,,,HTTPError: HTTP Error 404: Not Found
CF,https://query1.finance.yahoo.com/v8/finance/chart/CF?period1=946684800&period2=1735689600&interval=1d&events=div%2Csplits,available,4880,2026-09-10T13:54:10.025347+00:00,8cff0e0df6d4853958f9c09c5f221b233b4fdc77bb7d7cff3b6ee4faa06a51cb,CF,"CF Industries Holdings, Inc.","CF Industries Holdings, Inc.",EQUITY,NYQ,USD,1123767000.0,0.0,2005-08-11,2024-12-31,Ticker metadata only; permanent historical identity unverified,
CFC,https://query1.finance.yahoo.com/v8/finance/chart/CFC?period1=946684800&period2=1735689600&interval=1d&events=div%2Csplits,failed,0,2026-09-10T13:54:10.093519+00:00,8c194c45247255949297336f33a3ac928a1c93d71dc61bab4924cd93c122b4ec,CFC,,3847602,MUTUALFUND,YHD,,948292200.0,,,,,ValueError: Constituent request did not resolve to an equity
CFG,https://query1.finance.yahoo.com/v8/finance/chart/CFG?period1=946684800&period2=1735689600&interval=1d&events=div%2Csplits,available,2585,2026-09-10T13:54:10.123252+00:00,c7a698f20117fdd492d10982e9d9d4ff974f36f8228c204333a38fe25ebc9b39,CFG,"Citizens Financial Group, Inc.","Citizens Financial Group, Inc.",EQUITY,NYQ,USD,1411565400.0,0.0,2014-09-24,2024-12-31,Ticker metadata only; permanent historical identity unverified,
CFL,https://query1.finance.yahoo.com/v8/finance/chart/CFL?period1=946684800&period2=1735689600&interval=1d&events=div%2Csplits,failed,0,2026-09-10T13:54:10.240853+00:00,94f56bed8052d55c46dd063e4a11e0fe0f41a2e273e147ae158b5ed85a1993db,CFL,,,ECNQUOTE,NMS,,1153488600.0,,,,,ValueError: Constituent request did not resolve to an equity
CFN,https://query1.finance.yahoo.com/v8/finance/chart/CFN?period1=946684800&period2=1735689600&interval=1d&events=div%2Csplits,failed,0,2026-09-10T13:54:10.266019+00:00,f87adf120a3deb9e28e22d33983bcd01b04a007a0737b95f581b3b8a696733ad,CFN,,1232,MUTUALFUND,YHD,,,,,,,ValueError: Constituent request did not resolve to an equity
CG,https://query1.finance.yahoo.com/v8/finance/chart/CG?period1=946684800&period2=1735689600&interval=1d&events=div%2Csplits,available,3186,2026-09-10T13:54:10.306402+00:00,c2988f118e9e7c7644dcadd9ec027cff264218d9eb7cc78f55b23814d39d7e3b,CG,The Carlyle Group Inc.,The Carlyle Group Inc.,EQUITY,NMS,USD,1336051800.0,0.0,2012-05-03,2024-12-31,Ticker metadata only; permanent historical identity unverified,
CGP,https://query1.finance.yahoo.com/v8/finance/chart/CGP?period1=946684800&period2=1735689600&interval=1d&events=div%2Csplits,failed,0,2026-09-10T13:54:10.326678+00:00,115ac4c52aaa0796454ecc7295f0df4f63386b5fddc37cbc8f22d7ca062702f7,CGP,,Cornerstone Capital Resources,MUTUALFUND,YHD,,1390487400.0,,,,,ValueError: Constituent request did not resolve to an equity
CHA,https://query1.finance.yahoo.com/v8/finance/chart/CHA?period1=946684800&period2=1735689600&interval=1d&events=div%2Csplits,failed,0,2026-09-10T13:54:10.338427+00:00,,,,,,,,,,,,,HTTPError: HTTP Error 400: Bad Request
CHD,https://query1.finance.yahoo.com/v8/finance/chart/CHD?period1=946684800&period2=1735689600&interval=1d&events=div%2Csplits,available,6289,2026-09-10T13:54:10.407416+00:00,e532a1173508f2d89fc4dfacb2f20d2a733fe87472532872fd88c7595c3c2674,CHD,"Church & Dwight Co., Inc.","Church & Dwight Company, Inc.",EQUITY,NYQ,USD,322151400.0,0.0,2000-01-03,2024-12-31,Ticker metadata only; permanent historical identity unverified,
CHIR,https://query1.finance.yahoo.com/v8/finance/chart/CHIR?period1=946684800&period2=1735689600&interval=1d&events=div%2Csplits,failed,0,2026-09-10T13:54:10.498087+00:00,dea5eca2431cba7c39bc4f93be09d9d5658cf437d9b35f447a863caa743b8759,CHIR,Global X MSCI China Real Estate ETF,Global X Funds Global X MSCI Ch,ETF,PCX,USD,1544193000.0,,,,,ValueError: Constituent request did not resolve to an equity
CHK,https://query1.finance.yahoo.com/v8/finance/chart/CHK?period1=946684800&period2=1735689600&interval=1d&events=div%2Csplits,failed,0,2026-09-10T13:54:10.512589+00:00,,,,,,,,,,,,,HTTPError: HTTP Error 404: Not Found
CHRS,https://query1.finance.yahoo.com/v8/finance/chart/CHRS?period1=946684800&period2=1735689600&interval=1d&events=div%2Csplits,available,2554,2026-09-10T13:54:10.599505+00:00,fd09c6e9429d921dfba2412b521240245f09fd9ea146e64a25abaa3b2bf93235,CHRS,"Coherus Oncology, Inc.","Coherus Oncology, Inc.",EQUITY,NGM,USD,1415284200.0,0.0,2014-11-06,2024-12-31,Ticker metadata only; permanent historical identity unverified,
CHRW,https://query1.finance.yahoo.com/v8/finance/chart/CHRW?period1=946684800&period2=1735689600&interval=1d&events=div%2Csplits,available,6289,2026-09-10T13:54:10.627546+00:00,c1a2e39f2bcb8948a8e6ee542deb3720922c95b646896ea1e3af553f81e90215,CHRW,"C.H. Robinson Worldwide, Inc.","C.H. Robinson Worldwide, Inc.",EQUITY,NMS,USD,877008600.0,0.0,2000-01-03,2024-12-31,Ticker metadata only; permanent historical identity unverified,
CHTR,https://query1.finance.yahoo.com/v8/finance/chart/CHTR?period1=946684800&period2=1735689600&interval=1d&events=div%2Csplits,available,3773,2026-09-10T13:54:10.759001+00:00,7fb7abfb691a1d452a150e1f885f78c68d020b58d4bc63c98c5fde8757a20470,CHTR,"Charter Communications, Inc.","Charter Communications, Inc.",EQUITY,NMS,USD,1262701800.0,0.0,2010-01-05,2024-12-31,Ticker metadata only; permanent historical identity unverified,
CI,https://query1.finance.yahoo.com/v8/finance/chart/CI?period1=946684800&period2=1735689600&interval=1d&events=div%2Csplits,available,6289,2026-09-10T13:54:10.932952+00:00,20bdc2b8aa326357e3911f69ea2d15702f0b189752a77ee6b1549261c8f79014,CI,The Cigna Group,The Cigna Group,EQUITY,NYQ,USD,386433000.0,0.0,2000-01-03,2024-12-31,Ticker metadata only; permanent historical identity unverified,
CIEN,https://query1.finance.yahoo.com/v8/finance/chart/CIEN?period1=946684800&period2=1735689600&interval=1d&events=div%2Csplits,available,6289,2026-09-10T13:54:10.937715+00:00,a99252de2cf696798f82ce65c77f149924a0ba499b870076f829aaf9558fd36c,CIEN,Ciena Corporation,Ciena Corporation,EQUITY,NYQ,USD,855325800.0,0.0,2000-01-03,2024-12-31,Ticker metadata only; permanent historical identity unverified,
CIN,https://query1.finance.yahoo.com/v8/finance/chart/CIN?period1=946684800&period2=1735689600&interval=1d&events=div%2Csplits,failed,0,2026-09-10T13:54:10.962634+00:00,4abcefa33ff3592eea5ac373ec42d6e72576278ca45b5a00ae86bd35c708b0c4,CIN,,985646,MUTUALFUND,YHD,,583767000.0,,,,,ValueError: Constituent request did not resolve to an equity
CINF,https://query1.finance.yahoo.com/v8/finance/chart/CINF?period1=946684800&period2=1735689600&interval=1d&events=div%2Csplits,available,6289,2026-09-10T13:54:11.119211+00:00,d5bbee7b855ccb3c24824a1945fd2739c50ff798826cc8b5ba971f19d183ce6a,CINF,Cincinnati Financial Corporation,Cincinnati Financial Corporatio,EQUITY,NMS,USD,322151400.0,0.0,2000-01-03,2024-12-31,Ticker metadata only; permanent historical identity unverified,
CIT-A,https://query1.finance.yahoo.com/v8/finance/chart/CIT-A?period1=946684800&period2=1735689600&interval=1d&events=div%2Csplits,failed,0,2026-09-10T13:54:11.180922+00:00,,,,,,,,,,,,,HTTPError: HTTP Error 404: Not Found
CITGQ,https://query1.finance.yahoo.com/v8/finance/chart/CITGQ?period1=946684800&period2=1735689600&interval=1d&events=div%2Csplits,failed,0,2026-09-10T13:54:11.212980+00:00,,,,,,,,,,,,,HTTPError: HTTP Error 404: Not Found
CL,https://query1.finance.yahoo.com/v8/finance/chart/CL?period1=946684800&period2=1735689600&interval=1d&events=div%2Csplits,available,6289,2026-09-10T13:54:11.256579+00:00,402eebe41fc6c488d788535a830f29c2b8450a2f998fd5d88726e93dc0507250,CL,Colgate-Palmolive Company,Colgate-Palmolive Company,EQUITY,NYQ,USD,105197400.0,0.0,2000-01-03,2024-12-31,Ticker metadata only; permanent historical identity unverified,
CLF,https://query1.finance.yahoo.com/v8/finance/chart/CLF?period1=946684800&period2=1735689600&interval=1d&events=div%2Csplits,available,6289,2026-09-10T13:54:11.298256+00:00,413ca9c52705810ba9b012cac13dcb731ddfa0808a42b41dcaf438f416d0d2ec,CLF,Cleveland-Cliffs Inc.,Cleveland-Cliffs Inc.,EQUITY,NYQ,USD,99153000.0,0.0,2000-01-03,2024-12-31,Ticker metadata only; permanent historical identity unverified,
CLX,https://query1.finance.yahoo.com/v8/finance/chart/CLX?period1=946684800&period2=1735689600&interval=1d&events=div%2Csplits,available,6289,2026-09-10T13:54:11.364593+00:00,09b95c8d711f7a3a570b9b203fb921bd389152c5a5a38cba6942dd67f7d615b8,CLX,The Clorox Company,Clorox Company (The),EQUITY,NYQ,USD,99153000.0,0.0,2000-01-03,2024-12-31,Ticker metadata only; permanent historical identity unverified,
CMA,https://query1.finance.yahoo.com/v8/finance/chart/CMA?period1=946684800&period2=1735689600&interval=1d&events=div%2Csplits,failed,0,2026-09-10T13:54:11.519384+00:00,,,,,,,,,,,,,HTTPError: HTTP Error 404: Not Found
CMB,https://query1.finance.yahoo.com/v8/finance/chart/CMB?period1=946684800&period2=1735689600&interval=1d&events=div%2Csplits,failed,0,2026-09-10T13:54:11.574344+00:00,a701f5f8004ccf962477179434531ff3ddb2caaf2f8b67b6930cf85cdda651e0,CMB,,,MUTUALFUND,YHD,,1558445400.0,,,,,ValueError: Constituent request did not resolve to an equity
CMCSA,https://query1.finance.yahoo.com/v8/finance/chart/CMCSA?period1=946684800&period2=1735689600&interval=1d&events=div%2Csplits,available,6289,2026-09-10T13:54:11.611806+00:00,f0d6fe8724b2e75a27f4b34ceb7fb17cd1b6df478c97e0aec03f07dde362b765,CMCSA,Comcast Corporation,Comcast Corporation,EQUITY,NMS,USD,322151400.0,0.0,2000-01-03,2024-12-31,Ticker metadata only; permanent historical identity unverified,
CMCSK,https://query1.finance.yahoo.com/v8/finance/chart/CMCSK?period1=946684800&period2=1735689600&interval=1d&events=div%2Csplits,failed,0,2026-09-10T13:54:11.663291+00:00,f72d08c2bfbc5a2d919fa88d083d2fc3e598a68249f3c2e98a50b93c4d59a2d2,CMCSK,,5553128,MUTUALFUND,YHD,,,,,,,ValueError: Constituent request did not resolve to an equity
CME,https://query1.finance.yahoo.com/v8/finance/chart/CME?period1=946684800&period2=1735689600&interval=1d&events=div%2Csplits,available,5554,2026-09-10T13:54:11.675328+00:00,7f3ac40b17fe85a1ea17b8fce9176facc86538b1359be8611013affa048cf7a0,CME,CME Group Inc.,CME Group Inc.,EQUITY,NMS,USD,1039185000.0,0.0,2002-12-06,2024-12-31,Ticker metadata only; permanent historical identity unverified,
CMG,https://query1.finance.yahoo.com/v8/finance/chart/CMG?period1=946684800&period2=1735689600&interval=1d&events=div%2Csplits,available,4765,2026-09-10T13:54:11.725484+00:00,30831d1fb20df8f52adbcf78387a446f1de889c06b26d00e4bcfdc67b84921ff,CMG,"Chipotle Mexican Grill, Inc.","Chipotle Mexican Grill, Inc.",EQUITY,NYQ,USD,1138285800.0,0.0,2006-01-26,2024-12-31,Ticker metadata only; permanent historical identity unverified,
CMI,https://query1.finance.yahoo.com/v8/finance/chart/CMI?period1=946684800&period2=1735689600&interval=1d&events=div%2Csplits,available,6289,2026-09-10T13:54:11.872364+00:00,1d90dc6dec1468ff2a980aa7d6e23780c9422780f97b4a9e8a2e9287d6df181a,CMI,Cummins Inc.,Cummins Inc.,EQUITY,NYQ,USD,99153000.0,0.0,2000-01-03,2024-12-31,Ticker metadata only; permanent historical identity unverified,
CMS,https://query1.finance.yahoo.com/v8/finance/chart/CMS?period1=946684800&period2=1735689600&interval=1d&events=div%2Csplits,available,6289,2026-09-10T13:54:11.927182+00:00,d3030aa0cd75694e56a82d51ea3be738aea2beae1ac2084500820ee45c88c5b4,CMS,CMS Energy Corporation,CMS Energy Corporation,EQUITY,NYQ,USD,99153000.0,0.0,2000-01-03,2024-12-31,Ticker metadata only; permanent historical identity unverified,
CMVT,https://query1.finance.yahoo.com/v8/finance/chart/CMVT?period1=946684800&period2=1735689600&interval=1d&events=div%2Csplits,failed,0,2026-09-10T13:54:11.954567+00:00,c083c14aae4b78a696ae9a2b21ee8ed08aacee15b7d514bb3285aa7ddd99da12,CMVT,,2232353,MUTUALFUND,YHD,,538756200.0,,,,,ValueError: Constituent request did not resolve to an equity
CMX,https://query1.finance.yahoo.com/v8/finance/chart/CMX?period1=946684800&period2=1735689600&interval=1d&events=div%2Csplits,failed,0,2026-09-10T13:54:12.117748+00:00,31a77d24c28d8f956ac0d269f1b927beed3d141b94a5489068def045d7a3526e,CMX,,2880468,MUTUALFUND,YHD,,1289399400.0,,,,,ValueError: Constituent request did not resolve to an equity
CNC,https://query1.finance.yahoo.com/v8/finance/chart/CNC?period1=946684800&period2=1735689600&interval=1d&events=div%2Csplits,available,5801,2026-09-10T13:54:12.162266+00:00,ee7bb0ecfc81e039cff9a8af3973c28034c8996bc7715da2ab5d82b416486aa2,CNC,Centene Corporation,Centene Corporation,EQUITY,NYQ,USD,1008253800.0,0.0,2001-12-13,2024-12-31,Ticker metadata only; permanent historical identity unverified,
CNG,https://query1.finance.yahoo.com/v8/finance/chart/CNG?period1=946684800&period2=1735689600&interval=1d&events=div%2Csplits,failed,0,2026-09-10T13:54:12.236403+00:00,f9b4a2e5558d348355c86cdbed4511668487c4ec20fb8044b3ec9814555dbe91,CNG,,,MUTUALFUND,YHD,,1322058600.0,,,,,ValueError: Constituent request did not resolve to an equity
CNP,https://query1.finance.yahoo.com/v8/finance/chart/CNP?period1=946684800&period2=1735689600&interval=1d&events=div%2Csplits,available,6289,2026-09-10T13:54:12.295609+00:00,46b6bba166baf705633e0976dc86c30e4488165f9ee6ad6a12cc48b72bfa8081,CNP,"CenterPoint Energy, Inc.","CenterPoint Energy, Inc (Holdin",EQUITY,NYQ,USD,-252322200.0,0.0,2000-01-03,2024-12-31,Ticker metadata only; permanent historical identity unverified,
CNW,https://query1.finance.yahoo.com/v8/finance/chart/CNW?period1=946684800&period2=1735689600&interval=1d&events=div%2Csplits,failed,0,2026-09-10T13:54:12.382801+00:00,0d00cf8b759626c90fa17e5d318cb1e6e08d53dacef138123a586d4ae9426d5e,CNW,,,MUTUALFUND,YHD,,,,,,,ValueError: Constituent request did not resolve to an equity
CNX,https://query1.finance.yahoo.com/v8/finance/chart/CNX?period1=946684800&period2=1735689600&interval=1d&events=div%2Csplits,available,6289,2026-09-10T13:54:12.387805+00:00,7a247f23a5a0fb87b0d33dec4c877ced0a793c5d98095a6ccb8f9f2cb62b442b,CNX,CNX Resources Corporation,CNX Resources Corporation,EQUITY,NYQ,USD,925479000.0,0.0,2000-01-03,2024-12-31,Ticker metadata only; permanent historical identity unverified,
CNXT,https://query1.finance.yahoo.com/v8/finance/chart/CNXT?period1=946684800&period2=1735689600&interval=1d&events=div%2Csplits,failed,0,2026-09-10T13:54:12.462073+00:00,34ca9660f3f9287a81ac32dc84887dc3e000c7f4f50f667c49ccee38452b8262,CNXT,VanEck ChiNext Innovators ETF,VanEck ChiNext Innovators ETF,ETF,PCX,USD,1406208600.0,,,,,ValueError: Constituent request did not resolve to an equity
COC-B,https://query1.finance.yahoo.com/v8/finance/chart/COC-B?period1=946684800&period2=1735689600&interval=1d&events=div%2Csplits,failed,0,2026-09-10T13:54:12.578444+00:00,,,,,,,,,,,,,HTTPError: HTTP Error 404: Not Found
COF,https://query1.finance.yahoo.com/v8/finance/chart/COF?period1=946684800&period2=1735689600&interval=1d&events=div%2Csplits,available,6289,2026-09-10T13:54:12.607506+00:00,177e3d39a8232d9c75e04a16b03695260b8d4e7dfbefbc928e0eec54e535bee3,COF,Capital One Financial Corporation,Capital One Financial Corporati,EQUITY,NYQ,USD,784996200.0,0.0,2000-01-03,2024-12-31,Ticker metadata only; permanent historical identity unverified,
COG,https://query1.finance.yahoo.com/v8/finance/chart/COG?period1=946684800&period2=1735689600&interval=1d&events=div%2Csplits,failed,0,2026-09-10T13:54:12.627833+00:00,,,,,,,,,,,,,HTTPError: HTTP Error 404: Not Found
COHR,https://query1.finance.yahoo.com/v8/finance/chart/COHR?period1=946684800&period2=1735689600&interval=1d&events=div%2Csplits,available,6289,2026-09-10T13:54:12.652869+00:00,bcf9206961e74dc7b7f2f472df79114ca475a4ea51cd4a5c880924bdad3ebe48,COHR,Coherent Corp.,Coherent Corp.,EQUITY,NYQ,USD,560179800.0,0.0,2000-01-03,2024-12-31,Ticker metadata only; permanent historical identity unverified,
COIN,https://query1.finance.yahoo.com/v8/finance/chart/COIN?period1=946684800&period2=1735689600&interval=1d&events=div%2Csplits,available,936,2026-09-10T13:54:12.704310+00:00,ba90b48c8b0f828f1f880f62a386dca29fead6f897182bd9ef298431c165e450,COIN,"Coinbase Global, Inc.","Coinbase Global, Inc.",EQUITY,NMS,USD,1618407000.0,0.0,2021-04-14,2024-12-31,Ticker metadata only; permanent historical identity unverified,
COL,https://query1.finance.yahoo.com/v8/finance/chart/COL?period1=946684800&period2=1735689600&interval=1d&events=div%2Csplits,failed,0,2026-09-10T13:54:12.879180+00:00,e2e5a5108de49df9c37a076fa20a5c4820195ed8abf9b9f21edeeba5a1da5332,COL,"Rockwell Collins, Inc.",789776,MUTUALFUND,YHD,,1163428200.0,,,,,ValueError: Constituent request did not resolve to an equity
COMS,https://query1.finance.yahoo.com/v8/finance/chart/COMS?period1=946684800&period2=1735689600&interval=1d&events=div%2Csplits,available,4122,2026-09-10T13:54:12.887597+00:00,8107ab5bb9cc05ca83a4e8f48c73b922092996ec6282c7df63fe91f1c84bd1f9,COMS,COMSovereign Holding Corp.,COMSovereign Holding Corp.,EQUITY,PNK,USD,1218807000.0,0.0,2008-08-15,2024-12-31,Ticker metadata only; permanent historical identity unverified,
COO,https://query1.finance.yahoo.com/v8/finance/chart/COO?period1=946684800&period2=1735689600&interval=1d&events=div%2Csplits,available,6289,2026-09-10T13:54:12.912796+00:00,c5fbacf03ab9af3d6c73a06173d828d63dd155d1ed8cda1c7b2dd581a0925375,COO,"The Cooper Companies, Inc.","The Cooper Companies, Inc.",EQUITY,NMS,USD,412007400.0,0.0,2000-01-03,2024-12-31,Ticker metadata only; permanent historical identity unverified,
COP,https://query1.finance.yahoo.com/v8/finance/chart/COP?period1=946684800&period2=1735689600&interval=1d&events=div%2Csplits,available,6289,2026-09-10T13:54:13.026129+00:00,245943420c33a914070edf7e1a0ae06493e19884b053b0fd75c8db480992279e,COP,ConocoPhillips,ConocoPhillips,EQUITY,NYQ,USD,378657000.0,0.0,2000-01-03,2024-12-31,Ticker metadata only; permanent historical identity unverified,
COR,https://query1.finance.yahoo.com/v8/finance/chart/COR?period1=946684800&period2=1735689600&interval=1d&events=div%2Csplits,available,6289,2026-09-10T13:54:13.124399+00:00,7d0ef5252ad921b0da51bc7bbd0176b673c3ccd0e6d8b0b30ba9b5d9762d8bf5,COR,"Cencora, Inc.","Cencora, Inc.",EQUITY,NYQ,USD,797002200.0,0.0,2000-01-03,2024-12-31,Ticker metadata only; permanent historical identity unverified,
COST,https://query1.finance.yahoo.com/v8/finance/chart/COST?period1=946684800&period2=1735689600&interval=1d&events=div%2Csplits,available,6289,2026-09-10T13:54:13.165423+00:00,c65f466df035187e27a7f63461ff96f6a08f60a4a1ca539c7bc339159033d4d8,COST,Costco Wholesale Corporation,Costco Wholesale Corporation,EQUITY,NMS,USD,521299800.0,0.0,2000-01-03,2024-12-31,Ticker metadata only; permanent historical identity unverified,
COTY,https://query1.finance.yahoo.com/v8/finance/chart/COTY?period1=946684800&period2=1735689600&interval=1d&events=div%2Csplits,available,2908,2026-09-10T13:54:13.362074+00:00,421ae1cc581baff58e65e10ec8bca90755f1f3667ab9e3b6eae0e944d2b712b3,COTY,Coty Inc.,Coty Inc.,EQUITY,NYQ,USD,1371130200.0,0.0,2013-06-13,2024-12-31,Ticker metadata only; permanent historical identity unverified,
COV,https://query1.finance.yahoo.com/v8/finance/chart/COV?period1=946684800&period2=1735689600&interval=1d&events=div%2Csplits,failed,0,2026-09-10T13:54:13.392444+00:00,d3b1a8478536a95ce433a3cf973fa8df3df6e4d91e899cbd3790931fddeeb9ef,COV,,,MUTUALFUND,YHD,,1198852200.0,,,,,ValueError: Constituent request did not resolve to an equity
CPAY,https://query1.finance.yahoo.com/v8/finance/chart/CPAY?period1=946684800&period2=1735689600&interval=1d&events=div%2Csplits,available,3534,2026-09-10T13:54:13.449123+00:00,c292151c17dd33e99fd5717f881c57da5a06276e3272e3ed5c3fc3ebb4303af1,CPAY,"Corpay, Inc.","Corpay, Inc.",EQUITY,NYQ,USD,1292423400.0,0.0,2010-12-15,2024-12-31,Ticker metadata only; permanent historical identity unverified,
CPB,https://query1.finance.yahoo.com/v8/finance/chart/CPB?period1=946684800&period2=1735689600&interval=1d&events=div%2Csplits,available,6289,2026-09-10T13:54:13.454502+00:00,012b1e98afa0d0c6a0d0eb251953c3df17ab7fec6178085e3089c02dcd8776cf,CPB,The Campbell's Company,The Campbell's Company,EQUITY,NMS,USD,99153000.0,0.0,2000-01-03,2024-12-31,Ticker metadata only; permanent historical identity unverified,
CPGX,https://query1.finance.yahoo.com/v8/finance/chart/CPGX?period1=946684800&period2=1735689600&interval=1d&events=div%2Csplits,failed,0,2026-09-10T13:54:13.546737+00:00,1874b2dbe94822a4d16c6a331bdc2873f30a8cce07a516e06c212476e38f4e28,CPGX,,"Columbia Pipeline Group, Inc.",MUTUALFUND,YHD,,,,,,,ValueError: Constituent request did not resolve to an equity
CPNLQ,https://query1.finance.yahoo.com/v8/finance/chart/CPNLQ?period1=946684800&period2=1735689600&interval=1d&events=div%2Csplits,failed,0,2026-09-10T13:54:13.589773+00:00,,,,,,,,,,,,,HTTPError: HTTP Error 404: Not Found
CPQ,https://query1.finance.yahoo.com/v8/finance/chart/CPQ?period1=946684800&period2=1735689600&interval=1d&events=div%2Csplits,failed,0,2026-09-10T13:54:13.631321+00:00,f0036d6c722b92304e3ebdbdbd97b4df18668bb3fad3ad8f97c79fc89c3fa0d0,CPQ,,,MUTUALFUND,YHD,,1097760600.0,,,,,ValueError: Constituent request did not resolve to an equity
CPRI,https://query1.finance.yahoo.com/v8/finance/chart/CPRI?period1=946684800&period2=1735689600&interval=1d&events=div%2Csplits,available,3281,2026-09-10T13:54:13.657313+00:00,669282b9e8fd9a94b85af54c9198c8e139ee0880e329b9e52e6f54235dc392c1,CPRI,Capri Holdings Limited,Capri Holdings Limited,EQUITY,NYQ,USD,1323959400.0,0.0,2011-12-15,2024-12-31,Ticker metadata only; permanent historical identity unverified,
CPRT,https://query1.finance.yahoo.com/v8/finance/chart/CPRT?period1=946684800&period2=1735689600&interval=1d&events=div%2Csplits,available,6289,2026-09-10T13:54:13.746145+00:00,a068bc320accea53c1aa34dc65906e0b6db37eb62d81c0149869f161cf9d7d3d,CPRT,"Copart, Inc.","Copart, Inc.",EQUITY,NMS,USD,763914600.0,0.0,2000-01-03,2024-12-31,Ticker metadata only; permanent historical identity unverified,
CPT,https://query1.finance.yahoo.com/v8/finance/chart/CPT?period1=946684800&period2=1735689600&interval=1d&events=div%2Csplits,available,6289,2026-09-10T13:54:13.873025+00:00,939e7a40ddc5f7a8e9aa326d8937f338185f27f20f81ea22f6b790e1f34844ce,CPT,Camden Property Trust,Camden Property Trust,EQUITY,NYQ,USD,743347800.0,0.0,2000-01-03,2024-12-31,Ticker metadata only; permanent historical identity unverified,
CPWR,https://query1.finance.yahoo.com/v8/finance/chart/CPWR?period1=946684800&period2=1735689600&interval=1d&events=div%2Csplits,available,4549,2026-09-10T13:54:13.895472+00:00,2416e96feeed3b94e0302ba80bd680b0a5a30caed9bac8f84a42152b8d210fcc,CPWR,Ocean Thermal Energy Corporation,Ocean Thermal Energy Corp.,EQUITY,OID,USD,1165242600.0,0.0,2006-12-04,2024-12-31,Ticker metadata only; permanent historical identity unverified,
CR,https://query1.finance.yahoo.com/v8/finance/chart/CR?period1=946684800&period2=1735689600&interval=1d&events=div%2Csplits,available,443,2026-09-10T13:54:13.980707+00:00,77cee107e6a8a5d8af869ddad304c43fa9fa4443e8126d77188490078a30a452,CR,Crane Company,Crane Company,EQUITY,NYQ,USD,1680096600.0,0.0,2023-03-29,2024-12-31,Ticker metadata only; permanent historical identity unverified,
CRH,https://query1.finance.yahoo.com/v8/finance/chart/CRH?period1=946684800&period2=1735689600&interval=1d&events=div%2Csplits,available,6289,2026-09-10T13:54:14.139028+00:00,84c6ef0071d3fb42ff58dc16418fd6f8c10f26617c66902805ccb65e4088634e,CRH,CRH plc,CRH PLC,EQUITY,NYQ,USD,616339800.0,0.0,2000-01-03,2024-12-31,Ticker metadata only; permanent historical identity unverified,
CRL,https://query1.finance.yahoo.com/v8/finance/chart/CRL?period1=946684800&period2=1735689600&interval=1d&events=div%2Csplits,available,6169,2026-09-10T13:54:14.150692+00:00,3be51df400573dd0957e8aad0e9d38eb73e7d63dfa69662ab7a4dd54872e9e06,CRL,"Charles River Laboratories International, Inc.",Charles River Laboratories Inte,EQUITY,NYQ,USD,961767000.0,0.0,2000-06-23,2024-12-31,Ticker metadata only; permanent historical identity unverified,
CRM,https://query1.finance.yahoo.com/v8/finance/chart/CRM?period1=946684800&period2=1735689600&interval=1d&events=div%2Csplits,available,5167,2026-09-10T13:54:14.197650+00:00,b6cb731cea45261bbbce27b2c9d89b664892e9d820cc3d7abdaf5716243e5793,CRM,"Salesforce, Inc.","Salesforce, Inc.",EQUITY,NYQ,USD,1087997400.0,0.0,2004-06-23,2024-12-31,Ticker metadata only; permanent historical identity unverified,
CRR,https://query1.finance.yahoo.com/v8/finance/chart/CRR?period1=946684800&period2=1735689600&interval=1d&events=div%2Csplits,failed,0,2026-09-10T13:54:14.369499+00:00,,,,,,,,,,,,,HTTPError: HTTP Error 404: Not Found
CRWD,https://query1.finance.yahoo.com/v8/finance/chart/CRWD?period1=946684800&period2=1735689600&interval=1d&events=div%2Csplits,available,1399,2026-09-10T13:54:14.407760+00:00,61025f09c3179076f224cdc53c801d98b0f4511776842741fe2af08d3a30c0d5,CRWD,"CrowdStrike Holdings, Inc.","CrowdStrike Holdings, Inc.",EQUITY,NMS,USD,1560346200.0,0.0,2019-06-12,2024-12-31,Ticker metadata only; permanent historical identity unverified,
CSCO,https://query1.finance.yahoo.com/v8/finance/chart/CSCO?period1=946684800&period2=1735689600&interval=1d&events=div%2Csplits,available,6289,2026-09-10T13:54:14.506717+00:00,60e3dc6b11179c37e0944dd763c7a9bc6fedc93921cf0f0903796d7f6c58fef5,CSCO,"Cisco Systems, Inc.","Cisco Systems, Inc.",EQUITY,NMS,USD,635178600.0,0.0,2000-01-03,2024-12-31,Ticker metadata only; permanent historical identity unverified,
CSE,https://query1.finance.yahoo.com/v8/finance/chart/CSE?period1=946684800&period2=1735689600&interval=1d&events=div%2Csplits,failed,0,2026-09-10T13:54:14.509754+00:00,c4e5d41d1fb824c9bc73ba574fcb27df213618f7be1964e17fd9329bd83729a9,CSE,,680659,MUTUALFUND,YHD,,1060263000.0,,,,,ValueError: Constituent request did not resolve to an equity
CSGP,https://query1.finance.yahoo.com/v8/finance/chart/CSGP?period1=946684800&period2=1735689600&interval=1d&events=div%2Csplits,available,6289,2026-09-10T13:54:14.599227+00:00,6d2d6fe752d43b39cd56e498a04d4953a3fa55cf8351ec5de131423dfe5b5a28,CSGP,"CoStar Group, Inc.","CoStar Group, Inc.",EQUITY,NMS,USD,899299800.0,0.0,2000-01-03,2024-12-31,Ticker metadata only; permanent historical identity unverified,
CSR,https://query1.finance.yahoo.com/v8/finance/chart/CSR?period1=946684800&period2=1735689600&interval=1d&events=div%2Csplits,available,6289,2026-09-10T13:54:14.679488+00:00,aa84fc6684032bee0725611842aa31eb2ddc6677cd50716cf92eebb95117863e,CSR,Centerspace,D/B/A Centerspace,EQUITY,NYQ,USD,877095000.0,0.0,2000-01-03,2024-12-31,Ticker metadata only; permanent historical identity unverified,
CSRA,https://query1.finance.yahoo.com/v8/finance/chart/CSRA?period1=946684800&period2=1735689600&interval=1d&events=div%2Csplits,failed,0,2026-09-10T13:54:14.776999+00:00,,,,,,,,,,,,,HTTPError: HTTP Error 400: Bad Request
CSX,https://query1.finance.yahoo.com/v8/finance/chart/CSX?period1=946684800&period2=1735689600&interval=1d&events=div%2Csplits,available,6289,2026-09-10T13:54:14.805792+00:00,6a82a3d0f51d43b94e1364bf609f60eb8b44bc01bd2a2876e01e4b1d698053d1,CSX,CSX Corporation,CSX Corporation,EQUITY,NMS,USD,342109800.0,0.0,2000-01-03,2024-12-31,Ticker metadata only; permanent historical identity unverified,
CTAS,https://query1.finance.yahoo.com/v8/finance/chart/CTAS?period1=946684800&period2=1735689600&interval=1d&events=div%2Csplits,available,6289,2026-09-10T13:54:14.861001+00:00,b8e4b7e528c45b9ecd28f2b5e30bf44f66835df963c50f49b81c38fdd569ae2f,CTAS,Cintas Corporation,Cintas Corporation,EQUITY,NMS,USD,430147800.0,0.0,2000-01-03,2024-12-31,Ticker metadata only; permanent historical identity unverified,
CTB,https://query1.finance.yahoo.com/v8/finance/chart/CTB?period1=946684800&period2=1735689600&interval=1d&events=div%2Csplits,failed,0,2026-09-10T13:54:14.946551+00:00,,,,,,,,,,,,,HTTPError: HTTP Error 404: Not Found
CTL,https://query1.finance.yahoo.com/v8/finance/chart/CTL?period1=946684800&period2=1735689600&interval=1d&events=div%2Csplits,failed,0,2026-09-10T13:54:15.019327+00:00,,,,,,,,,,,,,HTTPError: HTTP Error 404: Not Found
CTLT,https://query1.finance.yahoo.com/v8/finance/chart/CTLT?period1=946684800&period2=1735689600&interval=1d&events=div%2Csplits,failed,0,2026-09-10T13:54:15.086463+00:00,,,,,,,,,,,,,HTTPError: HTTP Error 404: Not Found
CTRA,https://query1.finance.yahoo.com/v8/finance/chart/CTRA?period1=946684800&period2=1735689600&interval=1d&events=div%2Csplits,failed,0,2026-09-10T13:54:15.119821+00:00,,,,,,,,,,,,,HTTPError: HTTP Error 404: Not Found
CTSH,https://query1.finance.yahoo.com/v8/finance/chart/CTSH?period1=946684800&period2=1735689600&interval=1d&events=div%2Csplits,available,6289,2026-09-10T13:54:15.148788+00:00,321317dba1dd99cac2e09b9b2f74e1e98c6efa8b1271be719a24bee27cdfa66e,CTSH,Cognizant Technology Solutions Corporation,Cognizant Technology Solutions ,EQUITY,NMS,USD,898263000.0,0.0,2000-01-03,2024-12-31,Ticker metadata only; permanent historical identity unverified,
CTVA,https://query1.finance.yahoo.com/v8/finance/chart/CTVA?period1=946684800&period2=1735689600&interval=1d&events=div%2Csplits,available,1411,2026-09-10T13:54:15.177463+00:00,cca1fb0320570d1406d00fb34f2fff453482419e92a227f2b55f184598723fee,CTVA,"Corteva, Inc.","Corteva, Inc.",EQUITY,NYQ,USD,1558704600.0,0.0,2019-05-24,2024-12-31,Ticker metadata only; permanent historical identity unverified,
CTX,https://query1.finance.yahoo.com/v8/finance/chart/CTX?period1=946684800&period2=1735689600&interval=1d&events=div%2Csplits,failed,0,2026-09-10T13:54:15.220905+00:00,f0d9f16cd666668a5e198ae5900e7487c5818e815af42ad7dbfa085afd6497c3,CTX,,1692817,MUTUALFUND,YHD,,858954600.0,,,,,ValueError: Constituent request did not resolve to an equity
CTXS,https://query1.finance.yahoo.com/v8/finance/chart/CTXS?period1=946684800&period2=1735689600&interval=1d&events=div%2Csplits,failed,0,2026-09-10T13:54:15.290395+00:00,,,,,,,,,,,,,HTTPError: HTTP Error 404: Not Found
CVC,https://query1.finance.yahoo.com/v8/finance/chart/CVC?period1=946684800&period2=1735689600&interval=1d&events=div%2Csplits,failed,0,2026-09-10T13:54:15.320722+00:00,1c283b2b0f040a5f053c9917e21b2403219f1793c7f0e140f59cf1757cebaa12,CVC,,2393377,MUTUALFUND,YHD,,,,,,,ValueError: Constituent request did not resolve to an equity
CVG,https://query1.finance.yahoo.com/v8/finance/chart/CVG?period1=946684800&period2=1735689600&interval=1d&events=div%2Csplits,failed,0,2026-09-10T13:54:15.375852+00:00,fb61221e0773c46ee3f8c17ce69ee524e0afa8df0c4b1a10fb6bd266b6c61b0d,CVG,Convergys Corporation,586641,MUTUALFUND,YHD,,903015000.0,,,,,ValueError: Constituent request did not resolve to an equity
CVH,https://query1.finance.yahoo.com/v8/finance/chart/CVH?period1=946684800&period2=1735689600&interval=1d&events=div%2Csplits,failed,0,2026-09-10T13:54:15.388539+00:00,63d75e30ecf59e1271efc69b6e96bf7dd7be8bdaf192c04886135e2d0446c010,CVH,,945553,MUTUALFUND,YHD,,1537968600.0,,,,,ValueError: Constituent request did not resolve to an equity
CVNA,https://query1.finance.yahoo.com/v8/finance/chart/CVNA?period1=946684800&period2=1735689600&interval=1d&events=div%2Csplits,available,1932,2026-09-10T13:54:15.437923+00:00,63e0693fc0a9e58f10f56f43048544f67385995271afdb4a1c4e7739e145df3f,CVNA,Carvana Co.,Carvana Co.,EQUITY,NYQ,USD,1493386200.0,0.0,2017-04-28,2024-12-31,Ticker metadata only; permanent historical identity unverified,
CVS,https://query1.finance.yahoo.com/v8/finance/chart/CVS?period1=946684800&period2=1735689600&interval=1d&events=div%2Csplits,available,6289,2026-09-10T13:54:15.487284+00:00,85f50c19f739353a5829d5cad006eee9bdefa0698ef17c94aa668685eca1c73e,CVS,CVS Health Corporation,CVS Health Corporation,EQUITY,NYQ,USD,99153000.0,0.0,2000-01-03,2024-12-31,Ticker metadata only; permanent historical identity unverified,
CVX,https://query1.finance.yahoo.com/v8/finance/chart/CVX?period1=946684800&period2=1735689600&interval=1d&events=div%2Csplits,available,6289,2026-09-10T13:54:15.587422+00:00,ea0fe479994561b98c3402fa75c2e911ae2f9f043cec20c5daa0319942149345,CVX,Chevron Corporation,Chevron Corporation,EQUITY,NYQ,USD,-252322200.0,0.0,2000-01-03,2024-12-31,Ticker metadata only; permanent historical identity unverified,
CXO,https://query1.finance.yahoo.com/v8/finance/chart/CXO?period1=946684800&period2=1735689600&interval=1d&events=div%2Csplits,failed,0,2026-09-10T13:54:15.664599+00:00,,,,,,,,,,,,,HTTPError: HTTP Error 404: Not Found
CYM,https://query1.finance.yahoo.com/v8/finance/chart/CYM?period1=946684800&period2=1735689600&interval=1d&events=div%2Csplits,failed,0,2026-09-10T13:54:15.738185+00:00,a7aa4d4eff06e810c21d12f3339ee459a920e83ef0f044a82a2e707ccdafb05c,CYM,,5908,MUTUALFUND,YHD,,974903400.0,,,,,ValueError: Constituent request did not resolve to an equity
CYR,https://query1.finance.yahoo.com/v8/finance/chart/CYR?period1=946684800&period2=1735689600&interval=1d&events=div%2Csplits,failed,0,2026-09-10T13:54:15.872033+00:00,ff1e2b1a744f8e4537ba8dc0cceea14645999c6495ba7a540bcc362d01513458,CYR,,5286,MUTUALFUND,YHD,,946909800.0,,,,,ValueError: Constituent request did not resolve to an equity
CZR,https://query1.finance.yahoo.com/v8/finance/chart/CZR?period1=946684800&period2=1735689600&interval=1d&events=div%2Csplits,available,2587,2026-09-10T13:54:15.933543+00:00,8d26c91271e90bf7026585cc72147fe03214b98d1e3b4865327ee69a0f6fd16b,CZR,"Caesars Entertainment, Inc.","Caesars Entertainment, Inc.",EQUITY,NMS,USD,1411392600.0,0.0,2014-09-22,2024-12-31,Ticker metadata only; permanent historical identity unverified,
D,https://query1.finance.yahoo.com/v8/finance/chart/D?period1=946684800&period2=1735689600&interval=1d&events=div%2Csplits,available,6289,2026-09-10T13:54:15.952422+00:00,8811e1d383422ea657d73fa52952947562fb5d89a2c20ac070506ce959f625b7,D,"Dominion Energy, Inc.","Dominion Energy, Inc.",EQUITY,NYQ,USD,322151400.0,0.0,2000-01-03,2024-12-31,Ticker metadata only; permanent historical identity unverified,
DAL,https://query1.finance.yahoo.com/v8/finance/chart/DAL?period1=946684800&period2=1735689600&interval=1d&events=div%2Csplits,available,4447,2026-09-10T13:54:15.992233+00:00,83507e5ef5e226937e932beb1e4bc7f0160f397a31dd0c4cf4ca78b839240b27,DAL,"Delta Air Lines, Inc.","Delta Air Lines, Inc.",EQUITY,NYQ,USD,1178199000.0,0.0,2007-05-03,2024-12-31,Ticker metadata only; permanent historical identity unverified,
DALRQ,https://query1.finance.yahoo.com/v8/finance/chart/DALRQ?period1=946684800&period2=1735689600&interval=1d&events=div%2Csplits,failed,0,2026-09-10T13:54:16.085819+00:00,,,,,,,,,,,,,HTTPError: HTTP Error 404: Not Found
DASH,https://query1.finance.yahoo.com/v8/finance/chart/DASH?period1=946684800&period2=1735689600&interval=1d&events=div%2Csplits,available,1021,2026-09-10T13:54:16.156688+00:00,fb175b008c2e8a0848c837ec58589d39dbe7a22991834061e64962c8152902e3,DASH,"DoorDash, Inc.","DoorDash, Inc.",EQUITY,NMS,USD,1607524200.0,0.0,2020-12-09,2024-12-31,Ticker metadata only; permanent historical identity unverified,
DAY,https://query1.finance.yahoo.com/v8/finance/chart/DAY?period1=946684800&period2=1735689600&interval=1d&events=div%2Csplits,failed,0,2026-09-10T13:54:16.264794+00:00,,,,,,,,,,,,,HTTPError: HTTP Error 404: Not Found
DCNAQ,https://query1.finance.yahoo.com/v8/finance/chart/DCNAQ?period1=946684800&period2=1735689600&interval=1d&events=div%2Csplits,failed,0,2026-09-10T13:54:16.303043+00:00,,,,,,,,,,,,,HTTPError: HTTP Error 404: Not Found
DD,https://query1.finance.yahoo.com/v8/finance/chart/DD?period1=946684800&period2=1735689600&interval=1d&events=div%2Csplits,available,6289,2026-09-10T13:54:16.323537+00:00,26eeea43a8c6ff5b57b555449fa968afaaa9540f4c8cb5e21775b35273a92022,DD,"DuPont de Nemours, Inc.","DuPont de Nemours, Inc.",EQUITY,NYQ,USD,76253400.0,0.0,2000-01-03,2024-12-31,Ticker metadata only; permanent historical identity unverified,
DDOG,https://query1.finance.yahoo.com/v8/finance/chart/DDOG?period1=946684800&period2=1735689600&interval=1d&events=div%2Csplits,available,1330,2026-09-10T13:54:16.339714+00:00,41752ba4dc9570531a6cf50bef2db9f79862601c41abccc8a0fa93df556f82c5,DDOG,"Datadog, Inc.","Datadog, Inc.",EQUITY,NMS,USD,1568899800.0,0.0,2019-09-19,2024-12-31,Ticker metadata only; permanent historical identity unverified,
DDR,https://query1.finance.yahoo.com/v8/finance/chart/DDR?period1=946684800&period2=1735689600&interval=1d&events=div%2Csplits,failed,0,2026-09-10T13:54:16.355231+00:00,c536b6e381b5d17774c09a708b47d4b6ef567b41841c9feef53494d6b6d36b93,DDR,DDR Corp.,444198,MUTUALFUND,YHD,,728663400.0,,,,,ValueError: Constituent request did not resolve to an equity
DDS,https://query1.finance.yahoo.com/v8/finance/chart/DDS?period1=946684800&period2=1735689600&interval=1d&events=div%2Csplits,available,6289,2026-09-10T13:54:16.499297+00:00,1a640cc1aed15ababf1bac42829572c946a345f79b2b5de5b72ae820f1181611,DDS,"Dillard's, Inc.","Dillard's, Inc.",EQUITY,NYQ,USD,322151400.0,0.0,2000-01-03,2024-12-31,Ticker metadata only; permanent historical identity unverified,
DE,https://query1.finance.yahoo.com/v8/finance/chart/DE?period1=946684800&period2=1735689600&interval=1d&events=div%2Csplits,available,6289,2026-09-10T13:54:16.628721+00:00,c0cbdd445ac04c6455ee7419b468429af5e51f33405e615debee85a11a7be470,DE,Deere & Company,Deere & Company,EQUITY,NYQ,USD,76253400.0,0.0,2000-01-03,2024-12-31,Ticker metadata only; permanent historical identity unverified,
DEC,https://query1.finance.yahoo.com/v8/finance/chart/DEC?period1=946684800&period2=1735689600&interval=1d&events=div%2Csplits,available,1005,2026-09-10T13:54:16.656988+00:00,8a4cbb96d33504845669d7d5668586ad3dd9cdf54c69528fae37fc6e53e88544,DEC,Diversified Energy Company,Diversified Energy Company,EQUITY,NYQ,USD,1609770600.0,732.0,2021-01-04,2024-12-31,Ticker metadata only; permanent historical identity unverified,
DECK,https://query1.finance.yahoo.com/v8/finance/chart/DECK?period1=946684800&period2=1735689600&interval=1d&events=div%2Csplits,available,6289,2026-09-10T13:54:16.848799+00:00,7709dd17154903f13db629dddf0fc936b7c2d10929ce2ff3c7c24563e596d3b2,DECK,Deckers Outdoor Corporation,Deckers Outdoor Corporation,EQUITY,NYQ,USD,750691800.0,0.0,2000-01-03,2024-12-31,Ticker metadata only; permanent historical identity unverified,
DELL,https://query1.finance.yahoo.com/v8/finance/chart/DELL?period1=946684800&period2=1735689600&interval=1d&events=div%2Csplits,available,2107,2026-09-10T13:54:16.854854+00:00,3b735bf2dccdf94fbaf52f453b1c6694bc3056518a438299837388beb5dd949a,DELL,Dell Technologies Inc.,Dell Technologies Inc.,EQUITY,NYQ,USD,1471440600.0,0.0,2016-08-17,2024-12-31,Ticker metadata only; permanent historical identity unverified,
DF,https://query1.finance.yahoo.com/v8/finance/chart/DF?period1=946684800&period2=1735689600&interval=1d&events=div%2Csplits,failed,0,2026-09-10T13:54:16.943048+00:00,,,,,,,,,,,,,HTTPError: HTTP Error 404: Not Found
DFS,https://query1.finance.yahoo.com/v8/finance/chart/DFS?period1=946684800&period2=1735689600&interval=1d&events=div%2Csplits,failed,0,2026-09-10T13:54:16.997624+00:00,,,,,,,,,,,,,HTTPError: HTTP Error 404: Not Found
DG,https://query1.finance.yahoo.com/v8/finance/chart/DG?period1=946684800&period2=1735689600&interval=1d&events=div%2Csplits,available,3807,2026-09-10T13:54:17.029368+00:00,78cf83fc1ab7b981e2afdb8ccf1212f376370e2f1d69363f1d37c1bb5e112b6c,DG,Dollar General Corporation,Dollar General Corporation,EQUITY,NYQ,USD,1258122600.0,0.0,2009-11-13,2024-12-31,Ticker metadata only; permanent historical identity unverified,
DGN,https://query1.finance.yahoo.com/v8/finance/chart/DGN?period1=946684800&period2=1735689600&interval=1d&events=div%2Csplits,failed,0,2026-09-10T13:54:17.086188+00:00,5b677138bf5dd4d8642064871a1877219d3ffb19c173bd45dad080eb12353a60,DGN,,,MUTUALFUND,YHD,,1405344600.0,,,,,ValueError: Constituent request did not resolve to an equity
DGX,https://query1.finance.yahoo.com/v8/finance/chart/DGX?period1=946684800&period2=1735689600&interval=1d&events=div%2Csplits,available,6289,2026-09-10T13:54:17.090217+00:00,21c3e554ff567680cc11bfa8fc20459efb257b7479a31dd5b1bd2e93bf339f1e,DGX,Quest Diagnostics Incorporated,Quest Diagnostics Incorporated,EQUITY,NYQ,USD,850833000.0,0.0,2000-01-03,2024-12-31,Ticker metadata only; permanent historical identity unverified,
DHI,https://query1.finance.yahoo.com/v8/finance/chart/DHI?period1=946684800&period2=1735689600&interval=1d&events=div%2Csplits,available,6289,2026-09-10T13:54:17.219393+00:00,e7cb3431a5b538b51cb0373acdd1cc3afe7ed5b6f90c3bed2795692abe20b08e,DHI,"D.R. Horton, Inc.","D.R. Horton, Inc.",EQUITY,NYQ,USD,707751000.0,0.0,2000-01-03,2024-12-31,Ticker metadata only; permanent historical identity unverified,
DHR,https://query1.finance.yahoo.com/v8/finance/chart/DHR?period1=946684800&period2=1735689600&interval=1d&events=div%2Csplits,available,6289,2026-09-10T13:54:17.250413+00:00,42a78ef4b8dac0b307103b097129761628ee0f619bd4f0febdc94d7b58fdea91,DHR,Danaher Corporation,Danaher Corporation,EQUITY,NYQ,USD,283789800.0,0.0,2000-01-03,2024-12-31,Ticker metadata only; permanent historical identity unverified,
DI,https://query1.finance.yahoo.com/v8/finance/chart/DI?period1=946684800&period2=1735689600&interval=1d&events=div%2Csplits,failed,0,2026-09-10T13:54:17.375041+00:00,dc69c94c65b9f8315c489a2b098d1945abef7e43ee025dd1156caaa3f06a1092,DI,PIMCO Diversified Income Active ETF,PIMCO Diversified Income Active,MUTUALFUND,YHD,USD,1390401000.0,,,,,ValueError: Constituent request did not resolve to an equity
DIGI,https://query1.finance.yahoo.com/v8/finance/chart/DIGI?period1=946684800&period2=1735689600&interval=1d&events=div%2Csplits,available,3684,2026-09-10T13:54:17.466179+00:00,91ab8e59fcc52a3ecfd7599b46385b19df3c27ceaa28c6900b974e0c190978cf,DIGI,"digitiliti, Inc.","Digitiliti, Inc.",EQUITY,PNK,USD,1273757400.0,0.0,2010-05-13,2024-12-31,Ticker metadata only; permanent historical identity unverified,
DIS,https://query1.finance.yahoo.com/v8/finance/chart/DIS?period1=946684800&period2=1735689600&interval=1d&events=div%2Csplits,available,6289,2026-09-10T13:54:17.545840+00:00,c83b17b5c4a2f8c4bf8cd85bf316458f0687dd3a04594936ec412a6c59c0d71b,DIS,The Walt Disney Company,Walt Disney Company (The),EQUITY,NYQ,USD,-252322200.0,0.0,2000-01-03,2024-12-31,Ticker metadata only; permanent historical identity unverified,
DISCA,https://query1.finance.yahoo.com/v8/finance/chart/DISCA?period1=946684800&period2=1735689600&interval=1d&events=div%2Csplits,failed,0,2026-09-10T13:54:17.616351+00:00,,,,,,,,,,,,,HTTPError: HTTP Error 404: Not Found
DISCK,https://query1.finance.yahoo.com/v8/finance/chart/DISCK?period1=946684800&period2=1735689600&interval=1d&events=div%2Csplits,failed,0,2026-09-10T13:54:17.651249+00:00,,,,,,,,,,,,,HTTPError: HTTP Error 404: Not Found
DISH,https://query1.finance.yahoo.com/v8/finance/chart/DISH?period1=946684800&period2=1735689600&interval=1d&events=div%2Csplits,failed,0,2026-09-10T13:54:17.691604+00:00,,,,,,,,,,,,,HTTPError: HTTP Error 404: Not Found
DJ,https://query1.finance.yahoo.com/v8/finance/chart/DJ?period1=946684800&period2=1735689600&interval=1d&events=div%2Csplits,failed,0,2026-09-10T13:54:17.746049+00:00,ec77fc0ba8e50585982780b5cd714123c51534de402fc85bf37b1d326f65ef44,DJ,,738067,MUTUALFUND,YHD,,,,,,,ValueError: Constituent request did not resolve to an equity
DLR,https://query1.finance.yahoo.com/v8/finance/chart/DLR?period1=946684800&period2=1735689600&interval=1d&events=div%2Csplits,available,5077,2026-09-10T13:54:17.766853+00:00,0e25cc9bce2587be0e0218fcc5a84e464b48b3820c136c6416072694e33a0006,DLR,"Digital Realty Trust, Inc.","Digital Realty Trust, Inc.",EQUITY,NYQ,USD,1099056600.0,0.0,2004-10-29,2024-12-31,Ticker metadata only; permanent historical identity unverified,
DLTR,https://query1.finance.yahoo.com/v8/finance/chart/DLTR?period1=946684800&period2=1735689600&interval=1d&events=div%2Csplits,available,6289,2026-09-10T13:54:17.811802+00:00,d952619bafb255a1fd702fb992077d43b8f9510eacaf42db9e7ecab0a9945284,DLTR,"Dollar Tree, Inc.","Dollar Tree, Inc.",EQUITY,NMS,USD,794586600.0,0.0,2000-01-03,2024-12-31,Ticker metadata only; permanent historical identity unverified,
DLX,https://query1.finance.yahoo.com/v8/finance/chart/DLX?period1=946684800&period2=1735689600&interval=1d&events=div%2Csplits,available,6289,2026-09-10T13:54:17.851014+00:00,a8f69d0c9b070b2b8bec0617b794556888b47faa464f583c7ed039b04201fb63,DLX,Deluxe Corporation,Deluxe Corporation,EQUITY,NYQ,USD,322151400.0,0.0,2000-01-03,2024-12-31,Ticker metadata only; permanent historical identity unverified,
DNB,https://query1.finance.yahoo.com/v8/finance/chart/DNB?period1=946684800&period2=1735689600&interval=1d&events=div%2Csplits,failed,0,2026-09-10T13:54:17.986198+00:00,,,,,,,,,,,,,HTTPError: HTTP Error 404: Not Found
DNR,https://query1.finance.yahoo.com/v8/finance/chart/DNR?period1=946684800&period2=1735689600&interval=1d&events=div%2Csplits,failed,0,2026-09-10T13:54:18.040100+00:00,,,,,,,,,,,,,HTTPError: HTTP Error 404: Not Found
DO,https://query1.finance.yahoo.com/v8/finance/chart/DO?period1=946684800&period2=1735689600&interval=1d&events=div%2Csplits,failed,0,2026-09-10T13:54:18.092831+00:00,,,,,,,,,,,,,HTTPError: HTTP Error 404: Not Found
DOC,https://query1.finance.yahoo.com/v8/finance/chart/DOC?period1=946684800&period2=1735689600&interval=1d&events=div%2Csplits,available,6289,2026-09-10T13:54:18.104681+00:00,85373a0cd8136f99900f07fb50cecff94c8c9bb43e272b4b82ae5e7d5cf25604,DOC,"Healthpeak Properties, Inc.","Healthpeak Properties, Inc.",EQUITY,NYQ,USD,485703000.0,0.0,2000-01-03,2024-12-31,Ticker metadata only; permanent historical identity unverified,
DOV,https://query1.finance.yahoo.com/v8/finance/chart/DOV?period1=946684800&period2=1735689600&interval=1d&events=div%2Csplits,available,6289,2026-09-10T13:54:18.160572+00:00,03ac86ffed86165f43efddb89f44a583cf4956c9bb908255b923886ee97ca10e,DOV,Dover Corporation,Dover Corporation,EQUITY,NYQ,USD,322151400.0,0.0,2000-01-03,2024-12-31,Ticker metadata only; permanent historical identity unverified,
DOW,https://query1.finance.yahoo.com/v8/finance/chart/DOW?period1=946684800&period2=1735689600&interval=1d&events=div%2Csplits,available,1457,2026-09-10T13:54:18.164861+00:00,71bc0cef8a78a549ad1db3d8433ede996c896950d96dd1f7b5fa3e0abd0579e2,DOW,Dow Inc.,Dow Inc.,EQUITY,NYQ,USD,1553088600.0,0.0,2019-03-20,2024-12-31,Ticker metadata only; permanent historical identity unverified,
DPHIQ,https://query1.finance.yahoo.com/v8/finance/chart/DPHIQ?period1=946684800&period2=1735689600&interval=1d&events=div%2Csplits,failed,0,2026-09-10T13:54:18.339171+00:00,,,,,,,,,,,,,HTTPError: HTTP Error 404: Not Found
DPZ,https://query1.finance.yahoo.com/v8/finance/chart/DPZ?period1=946684800&period2=1735689600&interval=1d&events=div%2Csplits,available,5154,2026-09-10T13:54:18.423697+00:00,59cb8b11504e832b76bf38b82b47d46799da562d42535aac503e378daf96bc5a,DPZ,"Domino's Pizza, Inc.",Domino's Pizza Inc,EQUITY,NMS,USD,1089725400.0,0.0,2004-07-13,2024-12-31,Ticker metadata only; permanent historical identity unverified,
DRE,https://query1.finance.yahoo.com/v8/finance/chart/DRE?period1=946684800&period2=1735689600&interval=1d&events=div%2Csplits,failed,0,2026-09-10T13:54:18.445004+00:00,,,,,,,,,,,,,HTTPError: HTTP Error 404: Not Found
DRI,https://query1.finance.yahoo.com/v8/finance/chart/DRI?period1=946684800&period2=1735689600&interval=1d&events=div%2Csplits,available,6289,2026-09-10T13:54:18.518736+00:00,a054bdbfe03496c4e8a5bdc86ed4e0a6bb8cc7212bce9ed2f118ed68fbcf1090,DRI,"Darden Restaurants, Inc.","Darden Restaurants, Inc.",EQUITY,NYQ,USD,800026200.0,0.0,2000-01-03,2024-12-31,Ticker metadata only; permanent historical identity unverified,
DTE,https://query1.finance.yahoo.com/v8/finance/chart/DTE?period1=946684800&period2=1735689600&interval=1d&events=div%2Csplits,available,6289,2026-09-10T13:54:18.525855+00:00,96ca530237d4c98b7ed9a1939277502babd48124613d30fed82f05187b5c1ea1,DTE,DTE Energy Company,DTE Energy Company,EQUITY,NYQ,USD,-252322200.0,0.0,2000-01-03,2024-12-31,Ticker metadata only; permanent historical identity unverified,
DTV,https://query1.finance.yahoo.com/v8/finance/chart/DTV?period1=946684800&period2=1735689600&interval=1d&events=div%2Csplits,failed,0,2026-09-10T13:54:18.694013+00:00,,,,,,,,,,,,,HTTPError: HTTP Error 404: Not Found
DUK,https://query1.finance.yahoo.com/v8/finance/chart/DUK?period1=946684800&period2=1735689600&interval=1d&events=div%2Csplits,available,6289,2026-09-10T13:54:18.755304+00:00,8702a080091cbf1832607ffed4f44edf604823cbc44564f5f74ba76bca532033,DUK,Duke Energy Corporation,Duke Energy Corporation (Holdin,EQUITY,NYQ,USD,322151400.0,0.0,2000-01-03,2024-12-31,Ticker metadata only; permanent historical identity unverified,
DVA,https://query1.finance.yahoo.com/v8/finance/chart/DVA?period1=946684800&period2=1735689600&interval=1d&events=div%2Csplits,available,6289,2026-09-10T13:54:18.819932+00:00,d3737c2143c6aee0ed36053fc8c97672db47b36f1b9f26863502437610e73a46,DVA,DaVita Inc.,DaVita Inc.,EQUITY,NYQ,USD,815149800.0,0.0,2000-01-03,2024-12-31,Ticker metadata only; permanent historical identity unverified,
DVN,https://query1.finance.yahoo.com/v8/finance/chart/DVN?period1=946684800&period2=1735689600&interval=1d&events=div%2Csplits,available,6289,2026-09-10T13:54:18.877993+00:00,9310f0d0c4b5c76c212387c9e782706b8ef67d32cfa65c94a949d057ddddbbad,DVN,Devon Energy Corporation,Devon Energy Corporation,EQUITY,NYQ,USD,490887000.0,0.0,2000-01-03,2024-12-31,Ticker metadata only; permanent historical identity unverified,
DWD,https://query1.finance.yahoo.com/v8/finance/chart/DWD?period1=946684800&period2=1735689600&interval=1d&events=div%2Csplits,failed,0,2026-09-10T13:54:19.013877+00:00,7e4fc688cb3c469d3164362ab0031369b44d7fee5163b7deafc2a7435e98755b,DWD,,,ECNQUOTE,NMS,,1387204200.0,,,,,ValueError: Constituent request did not resolve to an equity
DWDP,https://query1.finance.yahoo.com/v8/finance/chart/DWDP?period1=946684800&period2=1735689600&interval=1d&events=div%2Csplits,failed,0,2026-09-10T13:54:19.079331+00:00,,,,,,,,,,,,,HTTPError: HTTP Error 404: Not Found
DXC,https://query1.finance.yahoo.com/v8/finance/chart/DXC?period1=946684800&period2=1735689600&interval=1d&events=div%2Csplits,available,6289,2026-09-10T13:54:19.120874+00:00,9aeba159547ba2b0c3b2b85fc63817882a7311c20e6e1ca5d3c6f0bb89fffa9a,DXC,DXC Technology Company,DXC Technology Company,EQUITY,NYQ,USD,378657000.0,0.0,2000-01-03,2024-12-31,Ticker metadata only; permanent historical identity unverified,
DXCM,https://query1.finance.yahoo.com/v8/finance/chart/DXCM?period1=946684800&period2=1735689600&interval=1d&events=div%2Csplits,available,4963,2026-09-10T13:54:19.162546+00:00,cb15e4f185e112aa064d2942fa7444d403b62d602c1a267e81baeea821e9e749,DXCM,"DexCom, Inc.","DexCom, Inc.",EQUITY,NMS,USD,1113485400.0,0.0,2005-04-14,2024-12-31,Ticker metadata only; permanent historical identity unverified,
DYN,https://query1.finance.yahoo.com/v8/finance/chart/DYN?period1=946684800&period2=1735689600&interval=1d&events=div%2Csplits,available,1079,2026-09-10T13:54:19.167552+00:00,97680ca8350544507fb0c68f8175a672d701b606ae1e4c1ebea0daa92130d749,DYN,"Dyne Therapeutics, Inc.","Dyne Therapeutics, Inc.",EQUITY,NMS,USD,1600349400.0,0.0,2020-09-17,2024-12-31,Ticker metadata only; permanent historical identity unverified,
EA,https://query1.finance.yahoo.com/v8/finance/chart/EA?period1=946684800&period2=1735689600&interval=1d&events=div%2Csplits,failed,0,2026-09-10T13:54:19.283488+00:00,,,,,,,,,,,,,HTTPError: HTTP Error 400: Bad Request
EBAY,https://query1.finance.yahoo.com/v8/finance/chart/EBAY?period1=946684800&period2=1735689600&interval=1d&events=div%2Csplits,available,6289,2026-09-10T13:54:19.338888+00:00,323314bf4d66a73ea987d589c354f892826b938cf55a92fd8c7e74f4d8913797,EBAY,eBay Inc.,eBay Inc.,EQUITY,NMS,USD,906643800.0,0.0,2000-01-03,2024-12-31,Ticker metadata only; permanent historical identity unverified,
EC,https://query1.finance.yahoo.com/v8/finance/chart/EC?period1=946684800&period2=1735689600&interval=1d&events=div%2Csplits,available,4099,2026-09-10T13:54:19.367744+00:00,2f47e5ee7857f6df80f3e1efe8fe4ec1b8757e18091f633ad5ad22a039c2a7f3,EC,Ecopetrol S.A.,Ecopetrol S.A.,EQUITY,NYQ,USD,1221744600.0,0.0,2008-09-18,2024-12-31,Ticker metadata only; permanent historical identity unverified,
ECH,https://query1.finance.yahoo.com/v8/finance/chart/ECH?period1=946684800&period2=1735689600&interval=1d&events=div%2Csplits,failed,0,2026-09-10T13:54:19.392539+00:00,7ec93af024c22b052873a53ecf29fb3c46152ad71ff0f9f2f172bc181c0b7023,ECH,iShares MSCI Chile ETF,iShares MSCI Chile ETF,ETF,BTS,USD,1195569000.0,,,,,ValueError: Constituent request did not resolve to an equity
ECHO,https://query1.finance.yahoo.com/v8/finance/chart/ECHO?period1=946684800&period2=1735689600&interval=1d&events=div%2Csplits,available,4279,2026-09-10T13:54:19.575094+00:00,53d1828a798c0168c7b624c7976ddd51276f2593af8a293514248dc0f0f99986,ECHO,EchoStar Corporation,EchoStar Corporation,EQUITY,NMS,USD,1199284200.0,0.0,2008-01-02,2024-12-31,Ticker metadata only; permanent historical identity unverified,
ECL,https://query1.finance.yahoo.com/v8/finance/chart/ECL?period1=946684800&period2=1735689600&interval=1d&events=div%2Csplits,available,6289,2026-09-10T13:54:19.587829+00:00,e8e8459027eb9726ce2f2da5e3004c3b61c22e7687324e34bbcbcf4fd97bfbfb,ECL,Ecolab Inc.,Ecolab Inc.,EQUITY,NYQ,USD,99153000.0,0.0,2000-01-03,2024-12-31,Ticker metadata only; permanent historical identity unverified,
ECO,https://query1.finance.yahoo.com/v8/finance/chart/ECO?period1=946684800&period2=1735689600&interval=1d&events=div%2Csplits,available,349,2026-09-10T13:54:19.613539+00:00,62fd349e66095a3210130d676346c6e4952d752c492891f6c54b9c6f35a95aac,ECO,Okeanis Eco Tankers Corp.,Okeanis Eco Tankers Corp.,EQUITY,NYQ,USD,1692019800.0,0.0,2023-08-14,2024-12-31,Ticker metadata only; permanent historical identity unverified,
ED,https://query1.finance.yahoo.com/v8/finance/chart/ED?period1=946684800&period2=1735689600&interval=1d&events=div%2Csplits,available,6289,2026-09-10T13:54:19.721835+00:00,67127e11884797c66f631e4a1e68d44bc2be86470b075ed3f6de6b2567f5a3bb,ED,"Consolidated Edison, Inc.","Consolidated Edison, Inc.",EQUITY,NYQ,USD,-252322200.0,0.0,2000-01-03,2024-12-31,Ticker metadata only; permanent historical identity unverified,
EDS,https://query1.finance.yahoo.com/v8/finance/chart/EDS?period1=946684800&period2=1735689600&interval=1d&events=div%2Csplits,failed,0,2026-09-10T13:54:19.769973+00:00,3e228eeaf194606d341f0f5b684a4c1d9807d5b6f469d692efd56bdbbd30535d,EDS,,2510132,MUTUALFUND,YHD,,,,,,,ValueError: Constituent request did not resolve to an equity
EFU,https://query1.finance.yahoo.com/v8/finance/chart/EFU?period1=946684800&period2=1735689600&interval=1d&events=div%2Csplits,failed,0,2026-09-10T13:54:19.859333+00:00,93bd56b091cfbeac56bbbb580a50c6bda5b2fddd1ed729251c45cc85ab61e429,EFU,ProShares UltraShort MSCI EAFE,ProShares UltraShort MSCI EAFE,ETF,PCX,USD,1193319000.0,,,,,ValueError: Constituent request did not resolve to an equity
EFX,https://query1.finance.yahoo.com/v8/finance/chart/EFX?period1=946684800&period2=1735689600&interval=1d&events=div%2Csplits,available,6289,2026-09-10T13:54:19.877726+00:00,bc5e6a01eb363d59d3c7d4a7e325a12b63a65dff1b7a68fa1a545b1ef549a24f,EFX,Equifax Inc.,"Equifax, Inc.",EQUITY,NYQ,USD,322151400.0,0.0,2000-01-03,2024-12-31,Ticker metadata only; permanent historical identity unverified,
EG,https://query1.finance.yahoo.com/v8/finance/chart/EG?period1=946684800&period2=1735689600&interval=1d&events=div%2Csplits,available,6289,2026-09-10T13:54:19.997951+00:00,cac70266b62a875cb4ee6b53304abc051661370ba18bbf68fc09e5bafd194d4b,EG,"Everest Group, Ltd.","Everest Group, Ltd.",EQUITY,NYQ,USD,812727000.0,0.0,2000-01-03,2024-12-31,Ticker metadata only; permanent historical identity unverified,
EHC,https://query1.finance.yahoo.com/v8/finance/chart/EHC?period1=946684800&period2=1735689600&interval=1d&events=div%2Csplits,available,6289,2026-09-10T13:54:20.141640+00:00,3511479772dfc98c5d5e161caecd81722ec87228aa757f40984811db579666f6,EHC,Encompass Health Corporation,Encompass Health Corporation,EQUITY,NYQ,USD,527952600.0,0.0,2000-01-03,2024-12-31,Ticker metadata only; permanent historical identity unverified,
EIX,https://query1.finance.yahoo.com/v8/finance/chart/EIX?period1=946684800&period2=1735689600&interval=1d&events=div%2Csplits,available,6289,2026-09-10T13:54:20.169443+00:00,a2b9c2b0e0051c2ee42042530df0e5d0f178072cae690eefc74be29570d763b5,EIX,Edison International,Edison International,EQUITY,NYQ,USD,105283800.0,0.0,2000-01-03,2024-12-31,Ticker metadata only; permanent historical identity unverified,
EKDKQ,https://query1.finance.yahoo.com/v8/finance/chart/EKDKQ?period1=946684800&period2=1735689600&interval=1d&events=div%2Csplits,failed,0,2026-09-10T13:54:20.257167+00:00,,,,,,,,,,,,,HTTPError: HTTP Error 404: Not Found
EL,https://query1.finance.yahoo.com/v8/finance/chart/EL?period1=946684800&period2=1735689600&interval=1d&events=div%2Csplits,available,6289,2026-09-10T13:54:20.330708+00:00,a321abdfa17b74a11beb25ce6329f8da5efc71ecf3618da065569dc59ab7beef,EL,The Estée Lauder Companies Inc.,"Estee Lauder Companies, Inc. (T",EQUITY,NYQ,USD,816618600.0,0.0,2000-01-03,2024-12-31,Ticker metadata only; permanent historical identity unverified,
ELV,https://query1.finance.yahoo.com/v8/finance/chart/ELV?period1=946684800&period2=1735689600&interval=1d&events=div%2Csplits,available,5832,2026-09-10T13:54:20.432009+00:00,3e01854c0df80dce82304533bed722ed058a8a45cac5d416199828928e762819,ELV,"Elevance Health, Inc.","Elevance Health, Inc.",EQUITY,NYQ,USD,1004452200.0,0.0,2001-10-30,2024-12-31,Ticker metadata only; permanent historical identity unverified,
EMC,https://query1.finance.yahoo.com/v8/finance/chart/EMC?period1=946684800&period2=1735689600&interval=1d&events=div%2Csplits,failed,0,2026-09-10T13:54:20.500330+00:00,5fd45d2257f4e84631b802be9cf5a1d3f51900c7d2a864891a67496cdc51a1ba,EMC,Global X Emerging Markets Great Consumer ETF,Global X Emerging Markets Great,ETF,PCX,USD,1684157400.0,,,,,ValueError: Constituent request did not resolve to an equity
EME,https://query1.finance.yahoo.com/v8/finance/chart/EME?period1=946684800&period2=1735689600&interval=1d&events=div%2Csplits,available,6289,2026-09-10T13:54:20.601074+00:00,5996f406c787c0bb2c72006e38fca24656d319558c11c5e39c49c59eb119bf54,EME,"EMCOR Group, Inc.","EMCOR Group, Inc.",EQUITY,NYQ,USD,789748200.0,0.0,2000-01-03,2024-12-31,Ticker metadata only; permanent historical identity unverified,
EMN,https://query1.finance.yahoo.com/v8/finance/chart/EMN?period1=946684800&period2=1735689600&interval=1d&events=div%2Csplits,available,6289,2026-09-10T13:54:20.644730+00:00,7a0b1f7f8de751fbd77ceb7f08bd55fae1c3e32c0cdda32b3908db8e90334392,EMN,Eastman Chemical Company,Eastman Chemical Company,EQUITY,NYQ,USD,755879400.0,0.0,2000-01-03,2024-12-31,Ticker metadata only; permanent historical identity unverified,
EMR,https://query1.finance.yahoo.com/v8/finance/chart/EMR?period1=946684800&period2=1735689600&interval=1d&events=div%2Csplits,available,6289,2026-09-10T13:54:20.695405+00:00,f5c4885fd5140b45a4cde07b2ca9481cadf35d4ee3b6be6f7cea9d9e3bd8db10,EMR,Emerson Electric Co.,Emerson Electric Company,EQUITY,NYQ,USD,76253400.0,0.0,2000-01-03,2024-12-31,Ticker metadata only; permanent historical identity unverified,
ENDP,https://query1.finance.yahoo.com/v8/finance/chart/ENDP?period1=946684800&period2=1735689600&interval=1d&events=div%2Csplits,failed,0,2026-09-10T13:54:20.830688+00:00,,,,,,,,,,,,,HTTPError: HTTP Error 404: Not Found
ENPH,https://query1.finance.yahoo.com/v8/finance/chart/ENPH?period1=946684800&period2=1735689600&interval=1d&events=div%2Csplits,available,3209,2026-09-10T13:54:20.900878+00:00,e93c9eeaef1af46c9546c27e81eb5cfb644448cda7fe7dd4e45447b0465b361c,ENPH,"Enphase Energy, Inc.","Enphase Energy, Inc.",EQUITY,NGM,USD,1333114200.0,0.0,2012-03-30,2024-12-31,Ticker metadata only; permanent historical identity unverified,
ENRNQ,https://query1.finance.yahoo.com/v8/finance/chart/ENRNQ?period1=946684800&period2=1735689600&interval=1d&events=div%2Csplits,failed,0,2026-09-10T13:54:20.942744+00:00,89d203cca7c9c1c62220ea842848821ce40c6ef2abe90f0fc1a229f7538c38f1,ENRNQ,,,MUTUALFUND,YHD,,,,,,,ValueError: Constituent request did not resolve to an equity
ENS,https://query1.finance.yahoo.com/v8/finance/chart/ENS?period1=946684800&period2=1735689600&interval=1d&events=div%2Csplits,available,5140,2026-09-10T13:54:20.998353+00:00,03b3b20f865dd2af1db88d969ea7539d9f3190e974fa7e149ddaf448a8121f77,ENS,EnerSys,EnerSys,EQUITY,NYQ,USD,1091453400.0,0.0,2004-08-02,2024-12-31,Ticker metadata only; permanent historical identity unverified,
EOG,https://query1.finance.yahoo.com/v8/finance/chart/EOG?period1=946684800&period2=1735689600&interval=1d&events=div%2Csplits,available,6289,2026-09-10T13:54:21.013048+00:00,7455888ae574118d561d971e00b0b512414878bde5dae9d59667f62b21f4893d,EOG,"EOG Resources, Inc.","EOG Resources, Inc.",EQUITY,NYQ,USD,623511000.0,0.0,2000-01-03,2024-12-31,Ticker metadata only; permanent historical identity unverified,
EOP,https://query1.finance.yahoo.com/v8/finance/chart/EOP?period1=946684800&period2=1735689600&interval=1d&events=div%2Csplits,failed,0,2026-09-10T13:54:21.095861+00:00,09b3ad823bf59ab96ad757c606087672feec0b9094b7863b3d6b76c710f98195,EOP,,1694810,MUTUALFUND,YHD,,,,,,,ValueError: Constituent request did not resolve to an equity
EP,https://query1.finance.yahoo.com/v8/finance/chart/EP?period1=946684800&period2=1735689600&interval=1d&events=div%2Csplits,available,6289,2026-09-10T13:54:21.176088+00:00,77293a126e6e1b7a53c2138b1ef02494b2b24562676516038511127e77a925b4,EP,Empire Petroleum Corporation,Empire Petroleum Corporation,EQUITY,ASE,USD,941031000.0,0.0,2000-01-03,2024-12-31,Ticker metadata only; permanent historical identity unverified,
EPAM,https://query1.finance.yahoo.com/v8/finance/chart/EPAM?period1=946684800&period2=1735689600&interval=1d&events=div%2Csplits,available,3245,2026-09-10T13:54:21.238498+00:00,58ccb90aec4a692c0c41133b583844c69cc2df2f41a9a939a9443ef21e1fc63a,EPAM,"EPAM Systems, Inc.","EPAM Systems, Inc.",EQUITY,NYQ,USD,1328711400.0,0.0,2012-02-08,2024-12-31,Ticker metadata only; permanent historical identity unverified,
EQ,https://query1.finance.yahoo.com/v8/finance/chart/EQ?period1=946684800&period2=1735689600&interval=1d&events=div%2Csplits,available,1564,2026-09-10T13:54:21.306205+00:00,ccf297252d7d2301ab78cb4108fa03dfdfb3c1c2253bd5bd5627e3f9531102c0,EQ,"Equillium, Inc.","Equillium, Inc.",EQUITY,NCM,USD,1539351000.0,0.0,2018-10-12,2024-12-31,Ticker metadata only; permanent historical identity unverified,
EQIX,https://query1.finance.yahoo.com/v8/finance/chart/EQIX?period1=946684800&period2=1735689600&interval=1d&events=div%2Csplits,available,6135,2026-09-10T13:54:21.399982+00:00,0561a06f27f1f6adb033eaab6702bccdaa32c5c9a26528358ecccd5736deed5f,EQIX,"Equinix, Inc.","Equinix, Inc.",EQUITY,NMS,USD,966000600.0,0.0,2000-08-11,2024-12-31,Ticker metadata only; permanent historical identity unverified,
EQR,https://query1.finance.yahoo.com/v8/finance/chart/EQR?period1=946684800&period2=1735689600&interval=1d&events=div%2Csplits,failed,0,2026-09-10T13:54:21.411785+00:00,,,,,,,,,,,,,HTTPError: HTTP Error 400: Bad Request
EQT,https://query1.finance.yahoo.com/v8/finance/chart/EQT?period1=946684800&period2=1735689600&interval=1d&events=div%2Csplits,available,6289,2026-09-10T13:54:21.426807+00:00,3afab3315129ac4255d8fe26ab48b424cba173acc4224547273a940f55df8382,EQT,EQT Corporation,EQT Corporation,EQUITY,NYQ,USD,322151400.0,0.0,2000-01-03,2024-12-31,Ticker metadata only; permanent historical identity unverified,
ERIE,https://query1.finance.yahoo.com/v8/finance/chart/ERIE?period1=946684800&period2=1735689600&interval=1d&events=div%2Csplits,available,6289,2026-09-10T13:54:21.475357+00:00,220b171a6cd2f3628dd32db8fd7ce10dc92c24ba3af429c50619637793250132,ERIE,Erie Indemnity Company,Erie Indemnity Company,EQUITY,NMS,USD,812640600.0,0.0,2000-01-03,2024-12-31,Ticker metadata only; permanent historical identity unverified,
ES,https://query1.finance.yahoo.com/v8/finance/chart/ES?period1=946684800&period2=1735689600&interval=1d&events=div%2Csplits,available,6289,2026-09-10T13:54:21.653138+00:00,8a0fd417f07fbaa5e853221badddf2a3d54fb7e4c050bc022b1d5c39909e375f,ES,Eversource Energy,Eversource Energy (D/B/A),EQUITY,NYQ,USD,99153000.0,0.0,2000-01-03,2024-12-31,Ticker metadata only; permanent historical identity unverified,
ESRX,https://query1.finance.yahoo.com/v8/finance/chart/ESRX?period1=946684800&period2=1735689600&interval=1d&events=div%2Csplits,failed,0,2026-09-10T13:54:21.710824+00:00,93ea3afb633c8381fef7816b4e752180a5e9ac4ddc3bb21ae57d90ba3857b743,ESRX,Express Scripts Holding Company,1072321,MUTUALFUND,YHD,,708096600.0,,,,,ValueError: Constituent request did not resolve to an equity
ESS,https://query1.finance.yahoo.com/v8/finance/chart/ESS?period1=946684800&period2=1735689600&interval=1d&events=div%2Csplits,available,6289,2026-09-10T13:54:21.764279+00:00,425f11ae2c64508255a5c1099541a3d255d9aabdaa2e5f83611153334c7630ae,ESS,"Essex Property Trust, Inc.","Essex Property Trust, Inc.",EQUITY,NYQ,USD,770995800.0,0.0,2000-01-03,2024-12-31,Ticker metadata only; permanent historical identity unverified,
ESV,https://query1.finance.yahoo.com/v8/finance/chart/ESV?period1=946684800&period2=1735689600&interval=1d&events=div%2Csplits,failed,0,2026-09-10T13:54:21.904226+00:00,,,,,,,,,,,,,HTTPError: HTTP Error 404: Not Found
ETFC,https://query1.finance.yahoo.com/v8/finance/chart/ETFC?period1=946684800&period2=1735689600&interval=1d&events=div%2Csplits,failed,0,2026-09-10T13:54:21.957794+00:00,,,,,,,,,,,,,HTTPError: HTTP Error 404: Not Found
ETN,https://query1.finance.yahoo.com/v8/finance/chart/ETN?period1=946684800&period2=1735689600&interval=1d&events=div%2Csplits,available,6289,2026-09-10T13:54:22.001095+00:00,789ac7d363e7c250a78d6b3a668c913c45e2c1a1dc61d5008132b9cedfafec48,ETN,Eaton Corporation plc,"Eaton Corporation, PLC",EQUITY,NYQ,USD,76253400.0,0.0,2000-01-03,2024-12-31,Ticker metadata only; permanent historical identity unverified,
ETR,https://query1.finance.yahoo.com/v8/finance/chart/ETR?period1=946684800&period2=1735689600&interval=1d&events=div%2Csplits,available,6289,2026-09-10T13:54:22.062491+00:00,eba8dcd543a60bbce7c0fd6b04738f35c8ef2c2a642aa87d2ef77ea7cfa6f2f4,ETR,Entergy Corporation,Entergy Corporation,EQUITY,NYQ,USD,76253400.0,0.0,2000-01-03,2024-12-31,Ticker metadata only; permanent historical identity unverified,
ETS,https://query1.finance.yahoo.com/v8/finance/chart/ETS?period1=946684800&period2=1735689600&interval=1d&events=div%2Csplits,failed,0,2026-09-10T13:54:22.090520+00:00,,,,,,,,,,,,,HTTPError: HTTP Error 400: Bad Request
ETSY,https://query1.finance.yahoo.com/v8/finance/chart/ETSY?period1=946684800&period2=1735689600&interval=1d&events=div%2Csplits,available,2445,2026-09-10T13:54:22.152015+00:00,584cafe90f4334a97a27fd54068ceed52604029ff2586d05d53a530d0072ca4c,ETSY,"Etsy, Inc.","Etsy, Inc.",EQUITY,NYQ,USD,1429191000.0,0.0,2015-04-16,2024-12-31,Ticker metadata only; permanent historical identity unverified,
EVHC,https://query1.finance.yahoo.com/v8/finance/chart/EVHC?period1=946684800&period2=1735689600&interval=1d&events=div%2Csplits,failed,0,2026-09-10T13:54:22.297564+00:00,1ce2322069e7fd7924a1142d6d6a070d2f4f9a1207861ef8a7d300dea22ad280,EVHC,Envision Healthcare Corporation,,MUTUALFUND,YHD,,1376487000.0,,,,,ValueError: Constituent request did not resolve to an equity
EVRG,https://query1.finance.yahoo.com/v8/finance/chart/EVRG?period1=946684800&period2=1735689600&interval=1d&events=div%2Csplits,available,6289,2026-09-10T13:54:22.327001+00:00,b353ca2ba3ae8098efb6e44ff811f60058f9fb6d8a0ff0af388373279b991b28,EVRG,"Evergy, Inc.","Evergy, Inc.",EQUITY,NMS,USD,99153000.0,0.0,2000-01-03,2024-12-31,Ticker metadata only; permanent historical identity unverified,
EW,https://query1.finance.yahoo.com/v8/finance/chart/EW?period1=946684800&period2=1735689600&interval=1d&events=div%2Csplits,available,6231,2026-09-10T13:54:22.377441+00:00,98c32c9925d3c908560e16b118356ec03a0491fd75a0234bb87724bb94615bc2,EW,Edwards Lifesciences Corporation,Edwards Lifesciences Corporatio,EQUITY,NYQ,USD,954167400.0,0.0,2000-03-27,2024-12-31,Ticker metadata only; permanent historical identity unverified,
EXC,https://query1.finance.yahoo.com/v8/finance/chart/EXC?period1=946684800&period2=1735689600&interval=1d&events=div%2Csplits,available,6289,2026-09-10T13:54:22.417866+00:00,d9d88de55d1e20a225b657c6c8cc707fb66b7f22e913db5684212e183afc76c5,EXC,Exelon Corporation,Exelon Corporation,EQUITY,NMS,USD,105197400.0,0.0,2000-01-03,2024-12-31,Ticker metadata only; permanent historical identity unverified,
EXE,https://query1.finance.yahoo.com/v8/finance/chart/EXE?period1=946684800&period2=1735689600&interval=1d&events=div%2Csplits,available,979,2026-09-10T13:54:22.583772+00:00,6dd94eec1f0306a1387dac93f9b165a865e4e8ffb66ba72112ee269e3da15474,EXE,Expand Energy Corporation,Expand Energy Corporation,EQUITY,NMS,USD,1612967400.0,0.0,2021-02-10,2024-12-31,Ticker metadata only; permanent historical identity unverified,
EXPD,https://query1.finance.yahoo.com/v8/finance/chart/EXPD?period1=946684800&period2=1735689600&interval=1d&events=div%2Csplits,available,6289,2026-09-10T13:54:22.661249+00:00,3537a9499f2a0c54138ab1b3cb580a0da37a0d81e691f303d959a63fa0df5aa8,EXPD,"Expeditors International of Washington, Inc.",Expeditors International of Was,EQUITY,NYQ,USD,465053400.0,0.0,2000-01-03,2024-12-31,Ticker metadata only; permanent historical identity unverified,
EXPE,https://query1.finance.yahoo.com/v8/finance/chart/EXPE?period1=946684800&period2=1735689600&interval=1d&events=div%2Csplits,available,4895,2026-09-10T13:54:22.704726+00:00,00f2c4e8e82818c94fab21a524336390d15cb5a04d6a276af70371e4d320f16d,EXPE,"Expedia Group, Inc.","Expedia Group, Inc.",EQUITY,NMS,USD,1121952600.0,0.0,2005-07-21,2024-12-31,Ticker metadata only; permanent historical identity unverified,
EXR,https://query1.finance.yahoo.com/v8/finance/chart/EXR?period1=946684800&period2=1735689600&interval=1d&events=div%2Csplits,available,5130,2026-09-10T13:54:22.746456+00:00,a76e71ebadc3599accf04f05ec6f1b2dc33b3c51c872083d9df2e4ec49bd34a6,EXR,Extra Space Storage Inc.,Extra Space Storage Inc,EQUITY,NYQ,USD,1092663000.0,0.0,2004-08-16,2024-12-31,Ticker metadata only; permanent historical identity unverified,
F,https://query1.finance.yahoo.com/v8/finance/chart/F?period1=946684800&period2=1735689600&interval=1d&events=div%2Csplits,available,6289,2026-09-10T13:54:22.926376+00:00,e951397f1ba79985ffbaef56942ccbbe6f097a49c47a81f0bd7f39915a72089d,F,Ford Motor Company,Ford Motor Company,EQUITY,NYQ,USD,76253400.0,0.0,2000-01-03,2024-12-31,Ticker metadata only; permanent historical identity unverified,
FANG,https://query1.finance.yahoo.com/v8/finance/chart/FANG?period1=946684800&period2=1735689600&interval=1d&events=div%2Csplits,available,3073,2026-09-10T13:54:23.002137+00:00,5055cda54c91167cf0dfb0ea19abe8732c2ab1a66e57a6d587c8fc25048072d6,FANG,"Diamondback Energy, Inc.","Diamondback Energy, Inc.",EQUITY,NMS,USD,1350048600.0,0.0,2012-10-12,2024-12-31,Ticker metadata only; permanent historical identity unverified,
FAST,https://query1.finance.yahoo.com/v8/finance/chart/FAST?period1=946684800&period2=1735689600&interval=1d&events=div%2Csplits,available,6289,2026-09-10T13:54:23.127599+00:00,b6dde210c71ef028755e3d55b3101eb6da342bb4799b44c6459488f59cc6f245,FAST,Fastenal Company,Fastenal Company,EQUITY,NMS,USD,556464600.0,0.0,2000-01-03,2024-12-31,Ticker metadata only; permanent historical identity unverified,
FB,https://query1.finance.yahoo.com/v8/finance/chart/FB?period1=946684800&period2=1735689600&interval=1d&events=div%2Csplits,failed,0,2026-09-10T13:54:23.170515+00:00,,,,,,,,,,,,,HTTPError: HTTP Error 400: Bad Request
FBF,https://query1.finance.yahoo.com/v8/finance/chart/FBF?period1=946684800&period2=1735689600&interval=1d&events=div%2Csplits,failed,0,2026-09-10T13:54:23.227006+00:00,c0cf357c89412a9a149c969e15493675299486bdf6a7f83f7de7f282674cd8f0,FBF,,,MUTUALFUND,YHD,,896880600.0,,,,,ValueError: Constituent request did not resolve to an equity
FBHS,https://query1.finance.yahoo.com/v8/finance/chart/FBHS?period1=946684800&period2=1735689600&interval=1d&events=div%2Csplits,failed,0,2026-09-10T13:54:23.242607+00:00,,,,,,,,,,,,,HTTPError: HTTP Error 404: Not Found
FBO,https://query1.finance.yahoo.com/v8/finance/chart/FBO?period1=946684800&period2=1735689600&interval=1d&events=div%2Csplits,failed,0,2026-09-10T13:54:23.297550+00:00,78ab9a7d01131f3b64e5b1293ee496fcab1a9733be998dd85435c856bcc1b413,FBO,,,ECNQUOTE,NMS,,,,,,,ValueError: Constituent request did not resolve to an equity
FCN,https://query1.finance.yahoo.com/v8/finance/chart/FCN?period1=946684800&period2=1735689600&interval=1d&events=div%2Csplits,available,6289,2026-09-10T13:54:23.303651+00:00,864084aae7084ba1ed0b42e57a9ade4360d93fc7f73ecb7525ac2b319f154b30,FCN,"FTI Consulting, Inc.","FTI Consulting, Inc.",EQUITY,NYQ,USD,831648600.0,0.0,2000-01-03,2024-12-31,Ticker metadata only; permanent historical identity unverified,
FCPT,https://query1.finance.yahoo.com/v8/finance/chart/FCPT?period1=946684800&period2=1735689600&interval=1d&events=div%2Csplits,available,2300,2026-09-10T13:54:23.458680+00:00,df5e8108a9130946101b393248d5b60f3e3a9956719a72888fb11da162a71e35,FCPT,"Four Corners Property Trust, Inc.","Four Corners Property Trust, In",EQUITY,NYQ,USD,1447165800.0,0.0,2015-11-10,2024-12-31,Ticker metadata only; permanent historical identity unverified,
FCX,https://query1.finance.yahoo.com/v8/finance/chart/FCX?period1=946684800&period2=1735689600&interval=1d&events=div%2Csplits,available,6289,2026-09-10T13:54:23.487780+00:00,b18b64d9bfb659d007618bea1bd28cecf572e7bfff1a14e789c8cbb87cc43703,FCX,Freeport-McMoRan Inc.,"Freeport-McMoRan, Inc.",EQUITY,NYQ,USD,805383000.0,0.0,2000-01-03,2024-12-31,Ticker metadata only; permanent historical identity unverified,
FDC,https://query1.finance.yahoo.com/v8/finance/chart/FDC?period1=946684800&period2=1735689600&interval=1d&events=div%2Csplits,failed,0,2026-09-10T13:54:23.524510+00:00,,,,,,,,,,,,,HTTPError: HTTP Error 404: Not Found
FDO,https://query1.finance.yahoo.com/v8/finance/chart/FDO?period1=946684800&period2=1735689600&interval=1d&events=div%2Csplits,failed,0,2026-09-10T13:54:23.652601+00:00,19ffa2bd6334f0dfe3affc1c545a759c6de0b29e6512034c7bb97d96ada93663,FDO,,1319291,MUTUALFUND,YHD,,,,,,,ValueError: Constituent request did not resolve to an equity
FDS,https://query1.finance.yahoo.com/v8/finance/chart/FDS?period1=946684800&period2=1735689600&interval=1d&events=div%2Csplits,available,6289,2026-09-10T13:54:23.692590+00:00,0e42b2d4da164df6f44e1433f8b67ce9b2bf84d10882ac38ffbf38a957712256,FDS,FactSet Research Systems Inc.,FactSet Research Systems Inc.,EQUITY,NYQ,USD,835968600.0,0.0,2000-01-03,2024-12-31,Ticker metadata only; permanent historical identity unverified,
FDX,https://query1.finance.yahoo.com/v8/finance/chart/FDX?period1=946684800&period2=1735689600&interval=1d&events=div%2Csplits,available,6289,2026-09-10T13:54:23.757203+00:00,cf4a285fd7c758f15f3fba98bffb176123c2966ae3090adda5de83c44e145df4,FDX,FedEx Corporation,FedEx Corporation,EQUITY,NYQ,USD,261239400.0,0.0,2000-01-03,2024-12-31,Ticker metadata only; permanent historical identity unverified,
FDXF,https://query1.finance.yahoo.com/v8/finance/chart/FDXF?period1=946684800&period2=1735689600&interval=1d&events=div%2Csplits,failed,0,2026-09-10T13:54:23.946390+00:00,,,,,,,,,,,,,HTTPError: HTTP Error 400: Bad Request
FE,https://query1.finance.yahoo.com/v8/finance/chart/FE?period1=946684800&period2=1735689600&interval=1d&events=div%2Csplits,available,6289,2026-09-10T13:54:23.986073+00:00,13b18298bf45cfe6654fce4202e1dc2490813d76e8afcbc61ece24fa32ac7c82,FE,FirstEnergy Corp.,FirstEnergy Corp.,EQUITY,NYQ,USD,879172200.0,0.0,2000-01-03,2024-12-31,Ticker metadata only; permanent historical identity unverified,
FERG,https://query1.finance.yahoo.com/v8/finance/chart/FERG?period1=946684800&period2=1735689600&interval=1d&events=div%2Csplits,available,3773,2026-09-10T13:54:24.020673+00:00,922cda4472036b2e4aa5c13f8959551bb096b1f0909e7d72ae1eb9ae935c3f55,FERG,Ferguson Enterprises Inc.,Ferguson Enterprises Inc.,EQUITY,NYQ,USD,1262701800.0,0.0,2010-01-05,2024-12-31,Ticker metadata only; permanent historical identity unverified,
FFIV,https://query1.finance.yahoo.com/v8/finance/chart/FFIV?period1=946684800&period2=1735689600&interval=1d&events=div%2Csplits,available,6289,2026-09-10T13:54:24.042294+00:00,8edc4f2822a9fb8b0b56fbca9c569109004dc2d418e353b84baab4ed27c849d5,FFIV,"F5, Inc.","F5, Inc.",EQUITY,NMS,USD,928503000.0,0.0,2000-01-03,2024-12-31,Ticker metadata only; permanent historical identity unverified,
FG,https://query1.finance.yahoo.com/v8/finance/chart/FG?period1=946684800&period2=1735689600&interval=1d&events=div%2Csplits,available,529,2026-09-10T13:54:24.262660+00:00,b067677914c232af7b3eec0377ac9a4824d12e9c05c3f915838ceefb674347ca,FG,"F&G Annuities & Life, Inc.","F&G Annuities & Life, Inc.",EQUITY,NYQ,USD,1669127400.0,0.0,2022-11-22,2024-12-31,Ticker metadata only; permanent historical identity unverified,
FHN,https://query1.finance.yahoo.com/v8/finance/chart/FHN?period1=946684800&period2=1735689600&interval=1d&events=div%2Csplits,available,6289,2026-09-10T13:54:24.294693+00:00,61e2a46d772dfe15633ce11a81a0da982b3203510159b4e0c0c4b29f0c7eb402,FHN,First Horizon Corporation,First Horizon Corporation,EQUITY,NYQ,USD,322151400.0,0.0,2000-01-03,2024-12-31,Ticker metadata only; permanent historical identity unverified,
FI,https://query1.finance.yahoo.com/v8/finance/chart/FI?period1=946684800&period2=1735689600&interval=1d&events=div%2Csplits,failed,0,2026-09-10T13:54:24.333282+00:00,,,,,,,,,,,,,HTTPError: HTTP Error 404: Not Found
FICO,https://query1.finance.yahoo.com/v8/finance/chart/FICO?period1=946684800&period2=1735689600&interval=1d&events=div%2Csplits,available,6289,2026-09-10T13:54:24.396631+00:00,b9b763794a17a6110d3a6ad38721216398e1a27fbcfab994b3357ba442cebc19,FICO,Fair Isaac Corporation,Fair Isaac Corporation,EQUITY,NYQ,USD,553959000.0,0.0,2000-01-03,2024-12-31,Ticker metadata only; permanent historical identity unverified,
FII,https://query1.finance.yahoo.com/v8/finance/chart/FII?period1=946684800&period2=1735689600&interval=1d&events=div%2Csplits,failed,0,2026-09-10T13:54:24.422913+00:00,,,,,,,,,,,,,HTTPError: HTTP Error 404: Not Found
FIS,https://query1.finance.yahoo.com/v8/finance/chart/FIS?period1=946684800&period2=1735689600&interval=1d&events=div%2Csplits,available,5920,2026-09-10T13:54:24.493520+00:00,c4469e8e9a6cd0c6454c8711a9f261401e8e0fc78038d3b46d2d07b20f924b82,FIS,"Fidelity National Information Services, Inc.",Fidelity National Information S,EQUITY,NYQ,USD,993043800.0,0.0,2001-06-20,2024-12-31,Ticker metadata only; permanent historical identity unverified,
FISV,https://query1.finance.yahoo.com/v8/finance/chart/FISV?period1=946684800&period2=1735689600&interval=1d&events=div%2Csplits,available,6289,2026-09-10T13:54:24.600281+00:00,d49d9ad0ce013d1f1aa29bc5afd4fe6e2f109f7f807149a61c27ff221591bfea,FISV,"Fiserv, Inc.","Fiserv, Inc.",EQUITY,NMS,USD,528039000.0,0.0,2000-01-03,2024-12-31,Ticker metadata only; permanent historical identity unverified,
FITB,https://query1.finance.yahoo.com/v8/finance/chart/FITB?period1=946684800&period2=1735689600&interval=1d&events=div%2Csplits,available,6289,2026-09-10T13:54:24.698403+00:00,64e59c30f087a72cb832fd37c739c961acbf86bf7ca1b28679b2d67854dbebe4,FITB,Fifth Third Bancorp,Fifth Third Bancorp,EQUITY,NYQ,USD,322151400.0,0.0,2000-01-03,2024-12-31,Ticker metadata only; permanent historical identity unverified,
FIX,https://query1.finance.yahoo.com/v8/finance/chart/FIX?period1=946684800&period2=1735689600&interval=1d&events=div%2Csplits,available,6289,2026-09-10T13:54:24.751890+00:00,0349abbcb64e5baca5cb39266dd28fea204e126b06364cd26f6fb0c76e6dff33,FIX,"Comfort Systems USA, Inc.","Comfort Systems USA, Inc.",EQUITY,NYQ,USD,867418200.0,0.0,2000-01-03,2024-12-31,Ticker metadata only; permanent historical identity unverified,
FJ,https://query1.finance.yahoo.com/v8/finance/chart/FJ?period1=946684800&period2=1735689600&interval=1d&events=div%2Csplits,failed,0,2026-09-10T13:54:24.850279+00:00,64c6c7146117ae590a79a272965dd3cbafeb4d4dac476bd050917390da1960d6,FJ,,,MUTUALFUND,YHD,,,,,,,ValueError: Constituent request did not resolve to an equity
FL,https://query1.finance.yahoo.com/v8/finance/chart/FL?period1=946684800&period2=1735689600&interval=1d&events=div%2Csplits,failed,0,2026-09-10T13:54:24.918841+00:00,,,,,,,,,,,,,HTTPError: HTTP Error 404: Not Found
FLEX,https://query1.finance.yahoo.com/v8/finance/chart/FLEX?period1=946684800&period2=1735689600&interval=1d&events=div%2Csplits,available,6289,2026-09-10T13:54:24.985234+00:00,ca8566bbaca97b34e44b82bbadbd8643a8d0c622ab5c987d4ab541844d575e9c,FLEX,Flex Ltd.,Flex Ltd.,EQUITY,NMS,USD,764001000.0,0.0,2000-01-03,2024-12-31,Ticker metadata only; permanent historical identity unverified,
FLIR,https://query1.finance.yahoo.com/v8/finance/chart/FLIR?period1=946684800&period2=1735689600&interval=1d&events=div%2Csplits,failed,0,2026-09-10T13:54:25.009599+00:00,,,,,,,,,,,,,HTTPError: HTTP Error 404: Not Found
FLMIQ,https://query1.finance.yahoo.com/v8/finance/chart/FLMIQ?period1=946684800&period2=1735689600&interval=1d&events=div%2Csplits,failed,0,2026-09-10T13:54:25.014755+00:00,8ef750703ada139bac00c852b20b8906087a596c05ef5ebe4a8a842bef05e6d8,FLMIQ,,,MUTUALFUND,YHD,,,,,,,ValueError: Constituent request did not resolve to an equity
FLR,https://query1.finance.yahoo.com/v8/finance/chart/FLR?period1=946684800&period2=1735689600&interval=1d&events=div%2Csplits,available,6057,2026-09-10T13:54:25.090423+00:00,8730925a58e87de440d5a62631b3136a4f824b585cde0cbe94aeae77b5894384,FLR,Fluor Corporation,Fluor Corporation,EQUITY,NYQ,USD,975681000.0,0.0,2000-12-01,2024-12-31,Ticker metadata only; permanent historical identity unverified,
FLS,https://query1.finance.yahoo.com/v8/finance/chart/FLS?period1=946684800&period2=1735689600&interval=1d&events=div%2Csplits,available,6289,2026-09-10T13:54:25.095430+00:00,8e2dd058dc4ea82614e2978c5351c58d93d2ed7775298332a23ee86f1227e209,FLS,Flowserve Corporation,Flowserve Corporation,EQUITY,NYQ,USD,322151400.0,0.0,2000-01-03,2024-12-31,Ticker metadata only; permanent historical identity unverified,
FLT,https://query1.finance.yahoo.com/v8/finance/chart/FLT?period1=946684800&period2=1735689600&interval=1d&events=div%2Csplits,failed,0,2026-09-10T13:54:25.277271+00:00,,,,,,,,,,,,,HTTPError: HTTP Error 404: Not Found
FLTWQ,https://query1.finance.yahoo.com/v8/finance/chart/FLTWQ?period1=946684800&period2=1735689600&interval=1d&events=div%2Csplits,failed,0,2026-09-10T13:54:25.350450+00:00,,,,,,,,,,,,,HTTPError: HTTP Error 404: Not Found
FMC,https://query1.finance.yahoo.com/v8/finance/chart/FMC?period1=946684800&period2=1735689600&interval=1d&events=div%2Csplits,available,6289,2026-09-10T13:54:25.358091+00:00,e0892a93cff824df0a37f12104db16498ea01944b51f723e76ec1628205122a6,FMC,FMC Corporation,FMC Corporation,EQUITY,NYQ,USD,322151400.0,0.0,2000-01-03,2024-12-31,Ticker metadata only; permanent historical identity unverified,
FMCC,https://query1.finance.yahoo.com/v8/finance/chart/FMCC?period1=946684800&period2=1735689600&interval=1d&events=div%2Csplits,available,6289,2026-09-10T13:54:25.401841+00:00,b4e63696be211b6adf10b8f513dd3d2871cfb1c84f2845966c633c47c06fbd1c,FMCC,Federal Home Loan Mortgage Corporation,Freddie Mac,EQUITY,OQB,USD,597076200.0,0.0,2000-01-03,2024-12-31,Ticker metadata only; permanent historical identity unverified,
FMY,https://query1.finance.yahoo.com/v8/finance/chart/FMY?period1=946684800&period2=1735689600&interval=1d&events=div%2Csplits,available,4933,2026-09-10T13:54:25.413357+00:00,8c44d731c54f48726d5bff3ae5a853cc3783544617e061efb8a5a84737f2e4a3,FMY,First Trust Mortgage Income Fund,First Trust Motgage Income Fund,EQUITY,NYQ,USD,1117114200.0,0.0,2005-05-26,2024-12-31,Ticker metadata only; permanent historical identity unverified,
FNMA,https://query1.finance.yahoo.com/v8/finance/chart/FNMA?period1=946684800&period2=1735689600&interval=1d&events=div%2Csplits,available,6289,2026-09-10T13:54:25.666379+00:00,1a5f1aa5324900ed3978858d6149724a07dba8590f76a3995fc75b4c60cdb540,FNMA,Federal National Mortgage Association,Fannie Mae,EQUITY,OQB,USD,221149800.0,0.0,2000-01-03,2024-12-31,Ticker metadata only; permanent historical identity unverified,
FOSL,https://query1.finance.yahoo.com/v8/finance/chart/FOSL?period1=946684800&period2=1735689600&interval=1d&events=div%2Csplits,available,6289,2026-09-10T13:54:25.708537+00:00,285cde3f900e378ad2c217ec6201abda8a2dcb9bd5c8cc4ba7ec38052218f5c4,FOSL,"Fossil Group, Inc.","Fossil Group, Inc.",EQUITY,NMS,USD,734275800.0,0.0,2000-01-03,2024-12-31,Ticker metadata only; permanent historical identity unverified,
FOX,https://query1.finance.yahoo.com/v8/finance/chart/FOX?period1=946684800&period2=1735689600&interval=1d&events=div%2Csplits,available,1462,2026-09-10T13:54:25.730779+00:00,6dfaebb997698b4a224bc9158410a9ef73b3bc2a9b496266ab284311761b8024,FOX,Fox Corporation,Fox Corporation,EQUITY,NMS,USD,1552483800.0,0.0,2019-03-13,2024-12-31,Ticker metadata only; permanent historical identity unverified,
FOXA,https://query1.finance.yahoo.com/v8/finance/chart/FOXA?period1=946684800&period2=1735689600&interval=1d&events=div%2Csplits,available,1463,2026-09-10T13:54:25.900331+00:00,2fc07708d3a225a55f1c1aa8bbc4f2281155b0fef6fdeb00579ff68849f52f49,FOXA,Fox Corporation,Fox Corporation,EQUITY,NMS,USD,1552397400.0,0.0,2019-03-12,2024-12-31,Ticker metadata only; permanent historical identity unverified,
FPC,https://query1.finance.yahoo.com/v8/finance/chart/FPC?period1=946684800&period2=1735689600&interval=1d&events=div%2Csplits,failed,0,2026-09-10T13:54:25.990753+00:00,ebe6ef708c81a3af81fcd13cf5e892d57fb92951a3055fbe69e24d30f28fc35b,FPC,,,MUTUALFUND,YHD,,1462368600.0,,,,,ValueError: Constituent request did not resolve to an equity
FRC,https://query1.finance.yahoo.com/v8/finance/chart/FRC?period1=946684800&period2=1735689600&interval=1d&events=div%2Csplits,failed,0,2026-09-10T13:54:26.109514+00:00,,,,,,,,,,,,,HTTPError: HTTP Error 404: Not Found
FRO,https://query1.finance.yahoo.com/v8/finance/chart/FRO?period1=946684800&period2=1735689600&interval=1d&events=div%2Csplits,available,5888,2026-09-10T13:54:26.123239+00:00,090a29355f8a3d66083a33bb5973082f9d220cc0bd183064236592e1f52886d6,FRO,Frontline plc,Frontline Plc,EQUITY,NYQ,USD,997104600.0,0.0,2001-08-06,2024-12-31,Ticker metadata only; permanent historical identity unverified,
FRT,https://query1.finance.yahoo.com/v8/finance/chart/FRT?period1=946684800&period2=1735689600&interval=1d&events=div%2Csplits,available,6289,2026-09-10T13:54:26.173508+00:00,974b61942262ccf527e6431b5860edd77de02575264a3cb21f12a1309129c59c,FRT,Federal Realty Investment Trust,Federal Realty Investment Trust,EQUITY,NYQ,USD,105283800.0,0.0,2000-01-03,2024-12-31,Ticker metadata only; permanent historical identity unverified,
FRX,https://query1.finance.yahoo.com/v8/finance/chart/FRX?period1=946684800&period2=1735689600&interval=1d&events=div%2Csplits,failed,0,2026-09-10T13:54:26.181078+00:00,,,,,,,,,,,,,HTTPError: HTTP Error 404: Not Found
FSH,https://query1.finance.yahoo.com/v8/finance/chart/FSH?period1=946684800&period2=1735689600&interval=1d&events=div%2Csplits,failed,0,2026-09-10T13:54:26.258861+00:00,e5985658977145bea73daa38a7dfe1013db48fb2b44e8a03988940e96b547a9a,FSH,,1152656,MUTUALFUND,YHD,,1196173800.0,,,,,ValueError: Constituent request did not resolve to an equity
FSL,https://query1.finance.yahoo.com/v8/finance/chart/FSL?period1=946684800&period2=1735689600&interval=1d&events=div%2Csplits,failed,0,2026-09-10T13:54:26.408422+00:00,ea79c959a0eab57f4569a732db3de0209ecec177b28ddc89592ec8b50e51f8d6,FSL,,1793264,MUTUALFUND,YHD,,,,,,,ValueError: Constituent request did not resolve to an equity
FSLR,https://query1.finance.yahoo.com/v8/finance/chart/FSLR?period1=946684800&period2=1735689600&interval=1d&events=div%2Csplits,available,4559,2026-09-10T13:54:26.438161+00:00,cec30adb3592bf5fccaad312bb02bc1c2821b1615c32f162af977ff1b6f0e330,FSLR,"First Solar, Inc.","First Solar, Inc.",EQUITY,NMS,USD,1163773800.0,0.0,2006-11-17,2024-12-31,Ticker metadata only; permanent historical identity unverified,
FTI,https://query1.finance.yahoo.com/v8/finance/chart/FTI?period1=946684800&period2=1735689600&interval=1d&events=div%2Csplits,available,5923,2026-09-10T13:54:26.480256+00:00,0a7dfc4f2f49e091d8ddcf675d3ef9180868ec9d30dda1da05e5d0d449c62986,FTI,TechnipFMC plc,TechnipFMC plc,EQUITY,NYQ,USD,992611800.0,0.0,2001-06-15,2024-12-31,Ticker metadata only; permanent historical identity unverified,
FTL-A,https://query1.finance.yahoo.com/v8/finance/chart/FTL-A?period1=946684800&period2=1735689600&interval=1d&events=div%2Csplits,failed,0,2026-09-10T13:54:26.513653+00:00,,,,,,,,,,,,,HTTPError: HTTP Error 404: Not Found
FTNT,https://query1.finance.yahoo.com/v8/finance/chart/FTNT?period1=946684800&period2=1735689600&interval=1d&events=div%2Csplits,available,3804,2026-09-10T13:54:26.589008+00:00,7c30a9725000a58fabad3b6adbd64bc0cfee4600a6de77e3563a8ec2f7fc925b,FTNT,"Fortinet, Inc.","Fortinet, Inc.",EQUITY,NMS,USD,1258554600.0,0.0,2009-11-18,2024-12-31,Ticker metadata only; permanent historical identity unverified,
FTR,https://query1.finance.yahoo.com/v8/finance/chart/FTR?period1=946684800&period2=1735689600&interval=1d&events=div%2Csplits,failed,0,2026-09-10T13:54:26.664854+00:00,,,,,,,,,,,,,HTTPError: HTTP Error 404: Not Found
FTV,https://query1.finance.yahoo.com/v8/finance/chart/FTV?period1=946684800&period2=1735689600&interval=1d&events=div%2Csplits,available,2138,2026-09-10T13:54:26.759963+00:00,d093b0fdc01e090005146fe23ae166b1c13cbf783b07b13721bfc2fc9aa1098c,FTV,Fortive Corporation,Fortive Corporation,EQUITY,NYQ,USD,1467725400.0,0.0,2016-07-05,2024-12-31,Ticker metadata only; permanent historical identity unverified,
FWLT,https://query1.finance.yahoo.com/v8/finance/chart/FWLT?period1=946684800&period2=1735689600&interval=1d&events=div%2Csplits,failed,0,2026-09-10T13:54:26.764575+00:00,0482104ed7ff8763448667493905407fe14a5bf6a23dd05535a3514790c248eb,FWLT,,,MUTUALFUND,YHD,,,,,,,ValueError: Constituent request did not resolve to an equity
G,https://query1.finance.yahoo.com/v8/finance/chart/G?period1=946684800&period2=1735689600&interval=1d&events=div%2Csplits,available,4384,2026-09-10T13:54:26.780735+00:00,7a094a4a17bf40b1770fe0b04e56e328fbe95509a02a72459c2e0009a4020061,G,Genpact Limited,Genpact Limited,EQUITY,NYQ,USD,1186061400.0,0.0,2007-08-02,2024-12-31,Ticker metadata only; permanent historical identity unverified,
GAPTQ,https://query1.finance.yahoo.com/v8/finance/chart/GAPTQ?period1=946684800&period2=1735689600&interval=1d&events=div%2Csplits,failed,0,2026-09-10T13:54:26.843655+00:00,e6f0b92527cbd913e43ccd0e99dfc0da75cff262d787d542658827a97ed010db,GAPTQ,,,MUTUALFUND,YHD,,,,,,,ValueError: Constituent request did not resolve to an equity
GAS,https://query1.finance.yahoo.com/v8/finance/chart/GAS?period1=946684800&period2=1735689600&interval=1d&events=div%2Csplits,failed,0,2026-09-10T13:54:26.941591+00:00,27a4e8702c32a1dc2e619bb0a638d4ba1c4e229320b8513f8347b731ccc87812,GAS,,330431,MUTUALFUND,YHD,,1337607000.0,,,,,ValueError: Constituent request did not resolve to an equity
GD,https://query1.finance.yahoo.com/v8/finance/chart/GD?period1=946684800&period2=1735689600&interval=1d&events=div%2Csplits,available,6289,2026-09-10T13:54:26.969211+00:00,36e4c06e0cef70f5716830ad2a6a8f0d6292ad86933d6fd2fee0888be5d2c841,GD,General Dynamics Corporation,General Dynamics Corporation,EQUITY,NYQ,USD,-252322200.0,0.0,2000-01-03,2024-12-31,Ticker metadata only; permanent historical identity unverified,
GDDY,https://query1.finance.yahoo.com/v8/finance/chart/GDDY?period1=946684800&period2=1735689600&interval=1d&events=div%2Csplits,available,2456,2026-09-10T13:54:27.021830+00:00,3ebdff30827fd85c125326a7fc19cca5b9e28b9fba058273a7b27519cf9b4aa4,GDDY,GoDaddy Inc.,GoDaddy Inc.,EQUITY,NYQ,USD,1427808600.0,0.0,2015-03-31,2024-12-31,Ticker metadata only; permanent historical identity unverified,
GDT,https://query1.finance.yahoo.com/v8/finance/chart/GDT?period1=946684800&period2=1735689600&interval=1d&events=div%2Csplits,failed,0,2026-09-10T13:54:27.022847+00:00,,,,,,,,,,,,,HTTPError: HTTP Error 400: Bad Request
GDW,https://query1.finance.yahoo.com/v8/finance/chart/GDW?period1=946684800&period2=1735689600&interval=1d&events=div%2Csplits,failed,0,2026-09-10T13:54:27.076623+00:00,fe6386aaadaa0c3561d02c587011076a81dcc20e87a232c8a709742add334a3d,GDW,,1358434,MUTUALFUND,YHD,,1046874600.0,,,,,ValueError: Constituent request did not resolve to an equity
GE,https://query1.finance.yahoo.com/v8/finance/chart/GE?period1=946684800&period2=1735689600&interval=1d&events=div%2Csplits,available,6289,2026-09-10T13:54:27.182165+00:00,3368508d2293d48058eb48feb31ef1843d1b09b45f0e22ef378c76d309e58caa,GE,GE Aerospace,GE Aerospace,EQUITY,NYQ,USD,-252322200.0,0.0,2000-01-03,2024-12-31,Ticker metadata only; permanent historical identity unverified,
GEHC,https://query1.finance.yahoo.com/v8/finance/chart/GEHC?period1=946684800&period2=1735689600&interval=1d&events=div%2Csplits,available,513,2026-09-10T13:54:27.245847+00:00,be4068c2aad1a72fe8c9495e10ba25ad6f2a16b85e27da9122980a5f22a5d6ab,GEHC,GE HealthCare Technologies Inc.,GE HealthCare Technologies Inc.,EQUITY,NMS,USD,1671114600.0,0.0,2022-12-15,2024-12-31,Ticker metadata only; permanent historical identity unverified,
GEN,https://query1.finance.yahoo.com/v8/finance/chart/GEN?period1=946684800&period2=1735689600&interval=1d&events=div%2Csplits,available,6289,2026-09-10T13:54:27.338444+00:00,9d656f99a928e046683a5c25a7d5c18eb3a37cf8a025a47630392a9919fa88e2,GEN,Gen Digital Inc.,Gen Digital Inc.,EQUITY,NMS,USD,614611800.0,0.0,2000-01-03,2024-12-31,Ticker metadata only; permanent historical identity unverified,
GENZ,https://query1.finance.yahoo.com/v8/finance/chart/GENZ?period1=946684800&period2=1735689600&interval=1d&events=div%2Csplits,available,4264,2026-09-10T13:54:27.368759+00:00,f7ff7402504037b47418a9e4edbc1709550389ceddda33917e2648af6ec8e87f,GENZ,VanEck Digital Native Economy ETF,VanEck Digital Native Economy E,EQUITY,NGM,USD,1201185000.0,0.0,2008-01-24,2024-12-31,Ticker metadata only; permanent historical identity unverified,
GEV,https://query1.finance.yahoo.com/v8/finance/chart/GEV?period1=946684800&period2=1735689600&interval=1d&events=div%2Csplits,available,193,2026-09-10T13:54:27.518499+00:00,cfaa43d958d8780387b129905f0f1fed44b25d6f23c36e946a3ca774dbd4c138,GEV,GE Vernova Inc.,GE Vernova Inc.,EQUITY,NYQ,USD,1711546200.0,0.0,2024-03-27,2024-12-31,Ticker metadata only; permanent historical identity unverified,
GFS-A,https://query1.finance.yahoo.com/v8/finance/chart/GFS-A?period1=946684800&period2=1735689600&interval=1d&events=div%2Csplits,failed,0,2026-09-10T13:54:27.581849+00:00,,,,,,,,,,,,,HTTPError: HTTP Error 404: Not Found
GGP,https://query1.finance.yahoo.com/v8/finance/chart/GGP?period1=946684800&period2=1735689600&interval=1d&events=div%2Csplits,failed,0,2026-09-10T13:54:27.619438+00:00,9b9baa0bdf21e3b6cfb5a2fc126d3d6f2327fe275ecb3b77bc3d151c0f2d61f7,GGP,GGP Inc.,1059525,MUTUALFUND,YHD,0.5,,,,,,ValueError: Constituent request did not resolve to an equity
GHC,https://query1.finance.yahoo.com/v8/finance/chart/GHC?period1=946684800&period2=1735689600&interval=1d&events=div%2Csplits,available,6289,2026-09-10T13:54:27.643740+00:00,6784739773e6b5b401540c9b8681c1764150081e1b7f159973422da33faba8d4,GHC,Graham Holdings Company,Graham Holdings Company,EQUITY,NYQ,USD,99153000.0,0.0,2000-01-03,2024-12-31,Ticker metadata only; permanent historical identity unverified,
GIDL,https://query1.finance.yahoo.com/v8/finance/chart/GIDL?period1=946684800&period2=1735689600&interval=1d&events=div%2Csplits,failed,0,2026-09-10T13:54:27.647200+00:00,,,,,,,,,,,,,HTTPError: HTTP Error 404: Not Found
GILD,https://query1.finance.yahoo.com/v8/finance/chart/GILD?period1=946684800&period2=1735689600&interval=1d&events=div%2Csplits,available,6289,2026-09-10T13:54:27.704826+00:00,c62cc2be29e9bb796f4967d7487a00825f24caa2c579253e17f1327a5f6a1a3d,GILD,"Gilead Sciences, Inc.","Gilead Sciences, Inc.",EQUITY,NMS,USD,696090600.0,0.0,2000-01-03,2024-12-31,Ticker metadata only; permanent historical identity unverified,
GIS,https://query1.finance.yahoo.com/v8/finance/chart/GIS?period1=946684800&period2=1735689600&interval=1d&events=div%2Csplits,available,6289,2026-09-10T13:54:27.721285+00:00,d3842f2b63e909c81efb313a17b19ea14aa2250d4e4a4541ed9ab6a0d14afcb2,GIS,"General Mills, Inc.","General Mills, Inc.",EQUITY,NYQ,USD,322151400.0,0.0,2000-01-03,2024-12-31,Ticker metadata only; permanent historical identity unverified,
GL,https://query1.finance.yahoo.com/v8/finance/chart/GL?period1=946684800&period2=1735689600&interval=1d&events=div%2Csplits,available,6289,2026-09-10T13:54:27.974408+00:00,5ebec27559d2340847f7e9108da8ed385ca3b35b6584d3e7d7e5a5c6f9ed95c3,GL,Globe Life Inc.,Globe Life Inc.,EQUITY,NYQ,USD,339255000.0,0.0,2000-01-03,2024-12-31,Ticker metadata only; permanent historical identity unverified,
GLD,https://query1.finance.yahoo.com/v8/finance/chart/GLD?period1=946684800&period2=1735689600&interval=1d&events=div%2Csplits,failed,0,2026-09-10T13:54:27.978252+00:00,1558bb7f765c47818df5135bda296ac3b55d0674f9b5c743480ea70164a17aa5,GLD,SPDR Gold Shares,SPDR Gold Shares,ETF,PCX,USD,1100788200.0,,,,,ValueError: Constituent request did not resolve to an equity
GLK,https://query1.finance.yahoo.com/v8/finance/chart/GLK?period1=946684800&period2=1735689600&interval=1d&events=div%2Csplits,failed,0,2026-09-10T13:54:28.001044+00:00,73dc31d2a091c198350d571e8e0d9aab97be45fa9b09f0f4b311f5726e80db40,GLK,,930046,MUTUALFUND,YHD,,1075473000.0,,,,,ValueError: Constituent request did not resolve to an equity
GLW,https://query1.finance.yahoo.com/v8/finance/chart/GLW?period1=946684800&period2=1735689600&interval=1d&events=div%2Csplits,available,6289,2026-09-10T13:54:28.162825+00:00,66c82bf923b5ab8bdf1993886c1afcba4ea9b5c805a2c394aa1941b7bca44a9e,GLW,Corning Incorporated,Corning Incorporated,EQUITY,NYQ,USD,378657000.0,0.0,2000-01-03,2024-12-31,Ticker metadata only; permanent historical identity unverified,
GM,https://query1.finance.yahoo.com/v8/finance/chart/GM?period1=946684800&period2=1735689600&interval=1d&events=div%2Csplits,available,3552,2026-09-10T13:54:28.180947+00:00,450c6828de099440ef1be128c8bf9a87c765f8bbd329ff4b1c83a368989101fe,GM,General Motors Company,General Motors Company,EQUITY,NYQ,USD,1290090600.0,0.0,2010-11-18,2024-12-31,Ticker metadata only; permanent historical identity unverified,
GMCR,https://query1.finance.yahoo.com/v8/finance/chart/GMCR?period1=946684800&period2=1735689600&interval=1d&events=div%2Csplits,failed,0,2026-09-10T13:54:28.270341+00:00,7b4ade3063278a21def8c30d442e517b053e18bebf8ac22b8fae75acd46139db,GMCR,,26885,MUTUALFUND,YHD,,,,,,,ValueError: Constituent request did not resolve to an equity
GME,https://query1.finance.yahoo.com/v8/finance/chart/GME?period1=946684800&period2=1735689600&interval=1d&events=div%2Csplits,available,5760,2026-09-10T13:54:28.335582+00:00,2be5bf5f59c81bdd035298130408f94ef3a9430797a43922dd0f81cc27e5428c,GME,GameStop Corp.,GameStop Corporation,EQUITY,NYQ,USD,1013610600.0,0.0,2002-02-13,2024-12-31,Ticker metadata only; permanent historical identity unverified,
GNRC,https://query1.finance.yahoo.com/v8/finance/chart/GNRC?period1=946684800&period2=1735689600&interval=1d&events=div%2Csplits,available,3747,2026-09-10T13:54:28.417891+00:00,25d0441fc2c0348bf44fabdb9eea05e26076830eb71a1dddbe698d4efba58814,GNRC,Generac Holdings Inc.,Generac Holdlings Inc.,EQUITY,NYQ,USD,1265898600.0,0.0,2010-02-11,2024-12-31,Ticker metadata only; permanent historical identity unverified,
GNT,https://query1.finance.yahoo.com/v8/finance/chart/GNT?period1=946684800&period2=1735689600&interval=1d&events=div%2Csplits,available,3505,2026-09-10T13:54:28.442160+00:00,f92eeeb0aa40b1681e96284701749f9d44d3d5cb949404a0bdf2cb13dd666553,GNT,"GAMCO Natural Resources, Gold & Income Trust","GAMCO Natural Resources, Gold &",EQUITY,NYQ,USD,1296138600.0,0.0,2011-01-27,2024-12-31,Ticker metadata only; permanent historical identity unverified,
GNW,https://query1.finance.yahoo.com/v8/finance/chart/GNW?period1=946684800&period2=1735689600&interval=1d&events=div%2Csplits,available,5186,2026-09-10T13:54:28.539240+00:00,f9dd1157a8b0e52d9148b378d2a1fa711f3a7c5548a8ce888287ff0b2daf8e31,GNW,"Genworth Financial, Inc.",Genworth Financial Inc,EQUITY,NYQ,USD,1085491800.0,0.0,2004-05-25,2024-12-31,Ticker metadata only; permanent historical identity unverified,
GOOG,https://query1.finance.yahoo.com/v8/finance/chart/GOOG?period1=946684800&period2=1735689600&interval=1d&events=div%2Csplits,available,5127,2026-09-10T13:54:28.671797+00:00,f515884670e12230dee048ea0aa5ebebe253b25c6469cd72cb10aba97fa2c510,GOOG,Alphabet Inc.,Alphabet Inc.,EQUITY,NMS,USD,1092922200.0,0.0,2004-08-19,2024-12-31,Ticker metadata only; permanent historical identity unverified,
GOOGL,https://query1.finance.yahoo.com/v8/finance/chart/GOOGL?period1=946684800&period2=1735689600&interval=1d&events=div%2Csplits,available,5127,2026-09-10T13:54:28.700181+00:00,7b72fcd157fbc58429bfb6f860d8f431e6a50543fc17ebd3f65bccadfba70688,GOOGL,Alphabet Inc.,Alphabet Inc.,EQUITY,NMS,USD,1092922200.0,0.0,2004-08-19,2024-12-31,Ticker metadata only; permanent historical identity unverified,
GP,https://query1.finance.yahoo.com/v8/finance/chart/GP?period1=946684800&period2=1735689600&interval=1d&events=div%2Csplits,available,1092,2026-09-10T13:54:28.811688+00:00,163354b2df9de6cf684613675e6f55ed084cc54dceb743f5c1393478f50cbdb7,GP,GreenPower Motor Company Inc.,GreenPower Motor Company Inc.,EQUITY,NCM,USD,1598621400.0,0.0,2020-08-28,2024-12-31,Ticker metadata only; permanent historical identity unverified,
GPC,https://query1.finance.yahoo.com/v8/finance/chart/GPC?period1=946684800&period2=1735689600&interval=1d&events=div%2Csplits,available,6289,2026-09-10T13:54:28.876978+00:00,8d116631c11e4ee12f10f0aba11bc6ac0df0eaf585b39d814ebac65686645b88,GPC,Genuine Parts Company,Genuine Parts Company,EQUITY,NYQ,USD,322151400.0,0.0,2000-01-03,2024-12-31,Ticker metadata only; permanent historical identity unverified,
GPN,https://query1.finance.yahoo.com/v8/finance/chart/GPN?period1=946684800&period2=1735689600&interval=1d&events=div%2Csplits,available,6028,2026-09-10T13:54:28.934600+00:00,9bc6cdeb5637c62c9f64658fbb1ad746c1d21511600e2806fc71d2ce562757f6,GPN,Global Payments Inc.,Global Payments Inc.,EQUITY,NYQ,USD,979655400.0,0.0,2001-01-16,2024-12-31,Ticker metadata only; permanent historical identity unverified,
GPS,https://query1.finance.yahoo.com/v8/finance/chart/GPS?period1=946684800&period2=1735689600&interval=1d&events=div%2Csplits,failed,0,2026-09-10T13:54:28.941355+00:00,,,,,,,,,,,,,HTTPError: HTTP Error 404: Not Found
GPU,https://query1.finance.yahoo.com/v8/finance/chart/GPU?period1=946684800&period2=1735689600&interval=1d&events=div%2Csplits,failed,0,2026-09-10T13:54:29.020429+00:00,2448ce1ac6bb3ca4adb56f03953267d20e80139a5e763017308b48c343e224ef,GPU,,19328,MUTUALFUND,YHD,,,,,,,ValueError: Constituent request did not resolve to an equity
GR,https://query1.finance.yahoo.com/v8/finance/chart/GR?period1=946684800&period2=1735689600&interval=1d&events=div%2Csplits,failed,0,2026-09-10T13:54:29.092882+00:00,959252f38965f3cf575f9d868e75d8fc68c4bb95f2b6f9c0fe16fe4ed24dc56c,GR,,1040989,MUTUALFUND,YHD,,978445800.0,,,,,ValueError: Constituent request did not resolve to an equity
GRA,https://query1.finance.yahoo.com/v8/finance/chart/GRA?period1=946684800&period2=1735689600&interval=1d&events=div%2Csplits,failed,0,2026-09-10T13:54:29.180686+00:00,,,,,,,,,,,,,HTTPError: HTTP Error 404: Not Found
GRMN,https://query1.finance.yahoo.com/v8/finance/chart/GRMN?period1=946684800&period2=1735689600&interval=1d&events=div%2Csplits,available,6052,2026-09-10T13:54:29.205090+00:00,5845369d910847ebb08392d94fca21912c0e92f615628b8ed33b0f65038b90fc,GRMN,Garmin Ltd.,Garmin Ltd.,EQUITY,NYQ,USD,976285800.0,0.0,2000-12-08,2024-12-31,Ticker metadata only; permanent historical identity unverified,
GRN,https://query1.finance.yahoo.com/v8/finance/chart/GRN?period1=946684800&period2=1735689600&interval=1d&events=div%2Csplits,failed,0,2026-09-10T13:54:29.251396+00:00,0aa525210385434324334a7613d480c8265831139ed1b7b253e3483e437caae0,GRN,iPath Series B Carbon ETN,iPath Series B Carbon Exchange-,ETF,PCX,USD,1568813400.0,,,,,ValueError: Constituent request did not resolve to an equity
GS,https://query1.finance.yahoo.com/v8/finance/chart/GS?period1=946684800&period2=1735689600&interval=1d&events=div%2Csplits,available,6289,2026-09-10T13:54:29.257504+00:00,107d9f61c4b63b89a34b41bb44ad6583ac9cd585ae7ee4a5d8888253a5a8e818,GS,"The Goldman Sachs Group, Inc.","Goldman Sachs Group, Inc. (The)",EQUITY,NYQ,USD,925824600.0,0.0,2000-01-03,2024-12-31,Ticker metadata only; permanent historical identity unverified,
GSX,https://query1.finance.yahoo.com/v8/finance/chart/GSX?period1=946684800&period2=1735689600&interval=1d&events=div%2Csplits,failed,0,2026-09-10T13:54:29.379524+00:00,,,,,,,,,,,,,HTTPError: HTTP Error 400: Bad Request
GT,https://query1.finance.yahoo.com/v8/finance/chart/GT?period1=946684800&period2=1735689600&interval=1d&events=div%2Csplits,available,6289,2026-09-10T13:54:29.462252+00:00,1fac2d79cce53b52b765a469fb145fbb61db2a0b0ba25f048ee8cb382de79946,GT,The Goodyear Tire & Rubber Company,The Goodyear Tire & Rubber Comp,EQUITY,NMS,USD,-252322200.0,0.0,2000-01-03,2024-12-31,Ticker metadata only; permanent historical identity unverified,
GTE,https://query1.finance.yahoo.com/v8/finance/chart/GTE?period1=946684800&period2=1735689600&interval=1d&events=div%2Csplits,available,4788,2026-09-10T13:54:29.474546+00:00,db641feb9fac6a9f014df76f47eada64d135e87ba57ada83642a67261a4dad67,GTE,Gran Tierra Energy Inc.,Gran Tierra Energy Inc.,EQUITY,ASE,USD,1135175400.0,0.0,2005-12-21,2024-12-31,Ticker metadata only; permanent historical identity unverified,
GTW,https://query1.finance.yahoo.com/v8/finance/chart/GTW?period1=946684800&period2=1735689600&interval=1d&events=div%2Csplits,failed,0,2026-09-10T13:54:29.519688+00:00,1ead0bf5012ad05255f984e9baafb59699c9b93bd17d21f47d32fa89e524a9f8,GTW,,4072062,MUTUALFUND,YHD,,,,,,,ValueError: Constituent request did not resolve to an equity
GWF,https://query1.finance.yahoo.com/v8/finance/chart/GWF?period1=946684800&period2=1735689600&interval=1d&events=div%2Csplits,failed,0,2026-09-10T13:54:29.587985+00:00,490bddc215a7647653761a4168654d36c56b5b6002db9eafb63c6d9d498279c2,GWF,,12876,MUTUALFUND,YHD,,,,,,,ValueError: Constituent request did not resolve to an equity
GWW,https://query1.finance.yahoo.com/v8/finance/chart/GWW?period1=946684800&period2=1735689600&interval=1d&events=div%2Csplits,available,6289,2026-09-10T13:54:29.682898+00:00,6b2982dc3c3d71c7ddfd00cbfaffe2fdf3f8afafe001bdb773ee32873a5c1447,GWW,"W.W. Grainger, Inc.","W.W. Grainger, Inc.",EQUITY,NYQ,USD,99153000.0,0.0,2000-01-03,2024-12-31,Ticker metadata only; permanent historical identity unverified,
GX,https://query1.finance.yahoo.com/v8/finance/chart/GX?period1=946684800&period2=1735689600&interval=1d&events=div%2Csplits,failed,0,2026-09-10T13:54:29.683898+00:00,188b0d35391c3e3d8188a81fc48f73b41583bcadc5528bd710bd12f1aac6ae4d,GX,,,MUTUALFUND,YHD,,1147699800.0,,,,,ValueError: Constituent request did not resolve to an equity
H,https://query1.finance.yahoo.com/v8/finance/chart/H?period1=946684800&period2=1735689600&interval=1d&events=div%2Csplits,available,3813,2026-09-10T13:54:29.764510+00:00,f86524de01043ad9bfa6e63ca3148f1ad90a9ab6e62fde84c44f80fa7fc731b6,H,Hyatt Hotels Corporation,Hyatt Hotels Corporation,EQUITY,NYQ,USD,1257431400.0,0.0,2009-11-05,2024-12-31,Ticker metadata only; permanent historical identity unverified,
HAL,https://query1.finance.yahoo.com/v8/finance/chart/HAL?period1=946684800&period2=1735689600&interval=1d&events=div%2Csplits,available,6289,2026-09-10T13:54:29.766512+00:00,2a48965e2859cc486c20bf727061350a8e6163e95ea197450b6b7b083db1ac07,HAL,Halliburton Company,Halliburton Company,EQUITY,NYQ,USD,76253400.0,0.0,2000-01-03,2024-12-31,Ticker metadata only; permanent historical identity unverified,
HAR,https://query1.finance.yahoo.com/v8/finance/chart/HAR?period1=946684800&period2=1735689600&interval=1d&events=div%2Csplits,failed,0,2026-09-10T13:54:29.957307+00:00,eb2de6e420ab1b41ce3b3ca7fc2bcd1dfc4dc19f4219d7aea459de76b4fa506f,HAR,,906601,MUTUALFUND,YHD,,1358433000.0,,,,,ValueError: Constituent request did not resolve to an equity
HAS,https://query1.finance.yahoo.com/v8/finance/chart/HAS?period1=946684800&period2=1735689600&interval=1d&events=div%2Csplits,available,6289,2026-09-10T13:54:29.972041+00:00,b878a8c431465dac3116d06f201c07bc526e49f517d2e04970de012fac57b590,HAS,"Hasbro, Inc.","Hasbro, Inc.",EQUITY,NMS,USD,322151400.0,0.0,2000-01-03,2024-12-31,Ticker metadata only; permanent historical identity unverified,
HBAN,https://query1.finance.yahoo.com/v8/finance/chart/HBAN?period1=946684800&period2=1735689600&interval=1d&events=div%2Csplits,available,6289,2026-09-10T13:54:30.038526+00:00,c71158a116ae7acf416e6083e02f1bb707b0728bfe0807af797a2d07187ee672,HBAN,Huntington Bancshares Incorporated,Huntington Bancshares Incorpora,EQUITY,NMS,USD,322151400.0,0.0,2000-01-03,2024-12-31,Ticker metadata only; permanent historical identity unverified,
HBI,https://query1.finance.yahoo.com/v8/finance/chart/HBI?period1=946684800&period2=1735689600&interval=1d&events=div%2Csplits,failed,0,2026-09-10T13:54:30.100125+00:00,,,,,,,,,,,,,HTTPError: HTTP Error 404: Not Found
HBOC,https://query1.finance.yahoo.com/v8/finance/chart/HBOC?period1=946684800&period2=1735689600&interval=1d&events=div%2Csplits,failed,0,2026-09-10T13:54:30.171446+00:00,1235d3ac60ecec8b43d69c243c13c3b57b8f6d9a850630ac3a1bf4c425e6d93e,HBOC,,,MUTUALFUND,YHD,,,,,,,ValueError: Constituent request did not resolve to an equity
HCA,https://query1.finance.yahoo.com/v8/finance/chart/HCA?period1=946684800&period2=1735689600&interval=1d&events=div%2Csplits,available,3476,2026-09-10T13:54:30.228458+00:00,341478481d42e86fda870becf58f7ef7a737b121b98f272e77541df9cf9928e5,HCA,"HCA Healthcare, Inc.","HCA Healthcare, Inc.",EQUITY,NYQ,USD,1299767400.0,0.0,2011-03-10,2024-12-31,Ticker metadata only; permanent historical identity unverified,
HCBK,https://query1.finance.yahoo.com/v8/finance/chart/HCBK?period1=946684800&period2=1735689600&interval=1d&events=div%2Csplits,failed,0,2026-09-10T13:54:30.277892+00:00,90622f9146a1c614f2fa8d66140910df2fceddbd88cdf070f600d6a635c83fc5,HCBK,,382084,MUTUALFUND,YHD,,,,,,,ValueError: Constituent request did not resolve to an equity
HCP,https://query1.finance.yahoo.com/v8/finance/chart/HCP?period1=946684800&period2=1735689600&interval=1d&events=div%2Csplits,failed,0,2026-09-10T13:54:30.333737+00:00,,,,,,,,,,,,,HTTPError: HTTP Error 404: Not Found
HCR,https://query1.finance.yahoo.com/v8/finance/chart/HCR?period1=946684800&period2=1735689600&interval=1d&events=div%2Csplits,failed,0,2026-09-10T13:54:30.347899+00:00,,,,,,,,,,,,,HTTPError: HTTP Error 404: Not Found
HD,https://query1.finance.yahoo.com/v8/finance/chart/HD?period1=946684800&period2=1735689600&interval=1d&events=div%2Csplits,available,6289,2026-09-10T13:54:30.398579+00:00,ff4ae4adcdb3dece334d3b0e17067c5d3d5744186cf05c6ff1a1dbce379052db,HD,"The Home Depot, Inc.","Home Depot, Inc. (The)",EQUITY,NYQ,USD,370013400.0,0.0,2000-01-03,2024-12-31,Ticker metadata only; permanent historical identity unverified,
HDLM,https://query1.finance.yahoo.com/v8/finance/chart/HDLM?period1=946684800&period2=1735689600&interval=1d&events=div%2Csplits,failed,0,2026-09-10T13:54:30.401625+00:00,,,,,,,,,,,,,HTTPError: HTTP Error 404: Not Found
HES,https://query1.finance.yahoo.com/v8/finance/chart/HES?period1=946684800&period2=1735689600&interval=1d&events=div%2Csplits,failed,0,2026-09-10T13:54:30.466198+00:00,,,,,,,,,,,,,HTTPError: HTTP Error 404: Not Found
HET,https://query1.finance.yahoo.com/v8/finance/chart/HET?period1=946684800&period2=1735689600&interval=1d&events=div%2Csplits,failed,0,2026-09-10T13:54:30.488330+00:00,3ff09d30765d8e4b56996350b2efa751eacb87e468666100769e297728232a6c,HET,,1521246,MUTUALFUND,YHD,,1198852200.0,,,,,ValueError: Constituent request did not resolve to an equity
HFC,https://query1.finance.yahoo.com/v8/finance/chart/HFC?period1=946684800&period2=1735689600&interval=1d&events=div%2Csplits,failed,0,2026-09-10T13:54:30.525569+00:00,,,,,,,,,,,,,HTTPError: HTTP Error 404: Not Found
HFS,https://query1.finance.yahoo.com/v8/finance/chart/HFS?period1=946684800&period2=1735689600&interval=1d&events=div%2Csplits,failed,0,2026-09-10T13:54:30.594016+00:00,17c4488d1d1aa7ae2552d15fdfca4ba02d4c43ed92c7767762336b209369cf61,HFS,,,ECNQUOTE,NMS,,,,,,,ValueError: Constituent request did not resolve to an equity
HI,https://query1.finance.yahoo.com/v8/finance/chart/HI?period1=946684800&period2=1735689600&interval=1d&events=div%2Csplits,failed,0,2026-09-10T13:54:30.606255+00:00,,,,,,,,,,,,,HTTPError: HTTP Error 404: Not Found
HIG,https://query1.finance.yahoo.com/v8/finance/chart/HIG?period1=946684800&period2=1735689600&interval=1d&events=div%2Csplits,available,6289,2026-09-10T13:54:30.692358+00:00,a95994f098431154b9dc4b721be9aef5ee0cec6846743a323cc43d77c6de9df9,HIG,"The Hartford Insurance Group, Inc.","The Hartford Insurance Group, I",EQUITY,NYQ,USD,819037800.0,0.0,2000-01-03,2024-12-31,Ticker metadata only; permanent historical identity unverified,
HII,https://query1.finance.yahoo.com/v8/finance/chart/HII?period1=946684800&period2=1735689600&interval=1d&events=div%2Csplits,available,3468,2026-09-10T13:54:30.696361+00:00,6e2c3c75eca024579bb17df831ecf6208d188baf44106aa6a17e744b483dcc86,HII,"Huntington Ingalls Industries, Inc.","Huntington Ingalls Industries, ",EQUITY,NYQ,USD,1300800600.0,0.0,2011-03-22,2024-12-31,Ticker metadata only; permanent historical identity unverified,
HLT,https://query1.finance.yahoo.com/v8/finance/chart/HLT?period1=946684800&period2=1735689600&interval=1d&events=div%2Csplits,available,2781,2026-09-10T13:54:30.725757+00:00,7606a3a771af613f39c06ea992513ce1637131e7fecdd554232b872eda328cfe,HLT,Hilton Worldwide Holdings Inc.,Hilton Worldwide Holdings Inc.,EQUITY,NYQ,USD,1386858600.0,0.0,2013-12-12,2024-12-31,Ticker metadata only; permanent historical identity unverified,
HM,https://query1.finance.yahoo.com/v8/finance/chart/HM?period1=946684800&period2=1735689600&interval=1d&events=div%2Csplits,failed,0,2026-09-10T13:54:30.869006+00:00,e175d282f2bd406fec80fb72bf56d6556d901e2607ca7962600ecfe808c8b7e4,HM,,,MUTUALFUND,YHD,,1356100200.0,,,,,ValueError: Constituent request did not resolve to an equity
HMA,https://query1.finance.yahoo.com/v8/finance/chart/HMA?period1=946684800&period2=1735689600&interval=1d&events=div%2Csplits,failed,0,2026-09-10T13:54:30.920741+00:00,,,,,,,,,,,,,HTTPError: HTTP Error 404: Not Found
HNZ,https://query1.finance.yahoo.com/v8/finance/chart/HNZ?period1=946684800&period2=1735689600&interval=1d&events=div%2Csplits,failed,0,2026-09-10T13:54:30.954287+00:00,4ae802a57929674ea264df346d1bddf6cd31723c86fe1a4f9bfdc65f68efc8ee,HNZ,,1236644,MUTUALFUND,YHD,,76253400.0,,,,,ValueError: Constituent request did not resolve to an equity
HOG,https://query1.finance.yahoo.com/v8/finance/chart/HOG?period1=946684800&period2=1735689600&interval=1d&events=div%2Csplits,available,6289,2026-09-10T13:54:31.011866+00:00,ef66953d768677a699086ce3bfcaf65dc5e78dbe660803823f5806e92939a64e,HOG,"Harley-Davidson, Inc.","Harley-Davidson, Inc.",EQUITY,NYQ,USD,521213400.0,0.0,2000-01-03,2024-12-31,Ticker metadata only; permanent historical identity unverified,
HOLX,https://query1.finance.yahoo.com/v8/finance/chart/HOLX?period1=946684800&period2=1735689600&interval=1d&events=div%2Csplits,failed,0,2026-09-10T13:54:31.033200+00:00,,,,,,,,,,,,,HTTPError: HTTP Error 404: Not Found
HON,https://query1.finance.yahoo.com/v8/finance/chart/HON?period1=946684800&period2=1735689600&interval=1d&events=div%2Csplits,available,6289,2026-09-10T13:54:31.066161+00:00,09ccdaddd795e494537e1902280a4169eed218717de2a6a7079550d33b01bc8a,HON,Honeywell International Inc.,Honeywell International Inc.,EQUITY,NMS,USD,-252322200.0,0.0,2000-01-03,2024-12-31,Ticker metadata only; permanent historical identity unverified,
HONA,https://query1.finance.yahoo.com/v8/finance/chart/HONA?period1=946684800&period2=1735689600&interval=1d&events=div%2Csplits,failed,0,2026-09-10T13:54:31.099495+00:00,,,,,,,,,,,,,HTTPError: HTTP Error 400: Bad Request
HOOD,https://query1.finance.yahoo.com/v8/finance/chart/HOOD?period1=946684800&period2=1735689600&interval=1d&events=div%2Csplits,available,862,2026-09-10T13:54:31.156902+00:00,1795b4d0622553761d79ff9c9f0a6b31b9c1f71ad1edc62624c9ef5fff016006,HOOD,"Robinhood Markets, Inc.","Robinhood Markets, Inc.",EQUITY,NMS,USD,1627565400.0,0.0,2021-07-29,2024-12-31,Ticker metadata only; permanent historical identity unverified,
HOT,https://query1.finance.yahoo.com/v8/finance/chart/HOT?period1=946684800&period2=1735689600&interval=1d&events=div%2Csplits,failed,0,2026-09-10T13:54:31.256736+00:00,84c1a2d16a8f827271cfb90bf3a1bdbbf126e146d0327360d5672277e3857518,HOT,,1659453,MUTUALFUND,YHD,,1311255000.0,,,,,ValueError: Constituent request did not resolve to an equity
HP,https://query1.finance.yahoo.com/v8/finance/chart/HP?period1=946684800&period2=1735689600&interval=1d&events=div%2Csplits,available,6289,2026-09-10T13:54:31.415185+00:00,84119ee3f247881a04c8df4c5aa0d4b0af6f6e7b774c2b103cea6717618b4f9e,HP,"Helmerich & Payne, Inc.","Helmerich & Payne, Inc.",EQUITY,NYQ,USD,340464600.0,0.0,2000-01-03,2024-12-31,Ticker metadata only; permanent historical identity unverified,
HPC,https://query1.finance.yahoo.com/v8/finance/chart/HPC?period1=946684800&period2=1735689600&interval=1d&events=div%2Csplits,failed,0,2026-09-10T13:54:31.417582+00:00,c184b1e0e017dab8c0a25a2e735d0ececfe8d48daf12e2ee5ac0014a96825335,HPC,,641804,MUTUALFUND,YHD,,1185802200.0,,,,,ValueError: Constituent request did not resolve to an equity
HPE,https://query1.finance.yahoo.com/v8/finance/chart/HPE?period1=946684800&period2=1735689600&interval=1d&events=div%2Csplits,available,2316,2026-09-10T13:54:31.531440+00:00,a62bdcda2d90d4df6a35641674540d3c835aafcdbbc1ae03ef85a88018b54b5e,HPE,Hewlett Packard Enterprise Company,Hewlett Packard Enterprise Comp,EQUITY,NYQ,USD,1445261400.0,0.0,2015-10-19,2024-12-31,Ticker metadata only; permanent historical identity unverified,
HPH,https://query1.finance.yahoo.com/v8/finance/chart/HPH?period1=946684800&period2=1735689600&interval=1d&events=div%2Csplits,failed,0,2026-09-10T13:54:31.694921+00:00,,,,,,,,,,,,,HTTPError: HTTP Error 404: Not Found
HPQ,https://query1.finance.yahoo.com/v8/finance/chart/HPQ?period1=946684800&period2=1735689600&interval=1d&events=div%2Csplits,available,6289,2026-09-10T13:54:31.705113+00:00,ffc08fad844c5733792ce100d4c4ea22eb27118d6d4bc548c9afb3dcbe4d1105,HPQ,HP Inc.,HP Inc.,EQUITY,NYQ,USD,-252322200.0,0.0,2000-01-03,2024-12-31,Ticker metadata only; permanent historical identity unverified,
HRB,https://query1.finance.yahoo.com/v8/finance/chart/HRB?period1=946684800&period2=1735689600&interval=1d&events=div%2Csplits,available,6289,2026-09-10T13:54:31.763065+00:00,88a33dae1c2a945dcb011bf894a81d6055d77a29136551a0ab71cefa4ed2a151,HRB,"H&R Block, Inc.","H&R Block, Inc.",EQUITY,NYQ,USD,99153000.0,0.0,2000-01-03,2024-12-31,Ticker metadata only; permanent historical identity unverified,
HRL,https://query1.finance.yahoo.com/v8/finance/chart/HRL?period1=946684800&period2=1735689600&interval=1d&events=div%2Csplits,available,6289,2026-09-10T13:54:32.024762+00:00,fd96f88122fed8b55b397d2a56e4615398da535b2c960c75c2f44fab6550871c,HRL,Hormel Foods Corporation,Hormel Foods Corporation,EQUITY,NYQ,USD,322151400.0,0.0,2000-01-03,2024-12-31,Ticker metadata only; permanent historical identity unverified,
HRS,https://query1.finance.yahoo.com/v8/finance/chart/HRS?period1=946684800&period2=1735689600&interval=1d&events=div%2Csplits,failed,0,2026-09-10T13:54:32.050926+00:00,,,,,,,,,,,,,HTTPError: HTTP Error 404: Not Found
HSH,https://query1.finance.yahoo.com/v8/finance/chart/HSH?period1=946684800&period2=1735689600&interval=1d&events=div%2Csplits,failed,0,2026-09-10T13:54:32.104542+00:00,4d37e865ecdf7f800ef7598f90990571319bb61cab6a3930a44fec3ca8ac9039,HSH,,,MUTUALFUND,YHD,,,,,,,ValueError: Constituent request did not resolve to an equity
HSIC,https://query1.finance.yahoo.com/v8/finance/chart/HSIC?period1=946684800&period2=1735689600&interval=1d&events=div%2Csplits,available,6289,2026-09-10T13:54:32.109838+00:00,749432f8c24fb64c9a3725c8c22f3a2d5639e90b23e5938db8cf0fdbdf6fabd9,HSIC,"Henry Schein, Inc.","Henry Schein, Inc.",EQUITY,NMS,USD,815409000.0,0.0,2000-01-03,2024-12-31,Ticker metadata only; permanent historical identity unverified,
HSP,https://query1.finance.yahoo.com/v8/finance/chart/HSP?period1=946684800&period2=1735689600&interval=1d&events=div%2Csplits,failed,0,2026-09-10T13:54:32.188411+00:00,2a05501d50d49d382732ee6612335e823e652d818a004fd371a5fca31dc97501,HSP,,808105,MUTUALFUND,YHD,,,,,,,ValueError: Constituent request did not resolve to an equity
HST,https://query1.finance.yahoo.com/v8/finance/chart/HST?period1=946684800&period2=1735689600&interval=1d&events=div%2Csplits,available,6289,2026-09-10T13:54:32.273791+00:00,72bd7d2030bcc6f6edc901a7f0a8ad25d056024ca550ef3541f5d4c0775697b6,HST,"Host Hotels & Resorts, Inc.","Host Hotels & Resorts, Inc.",EQUITY,NMS,USD,322151400.0,0.0,2000-01-03,2024-12-31,Ticker metadata only; permanent historical identity unverified,
HSY,https://query1.finance.yahoo.com/v8/finance/chart/HSY?period1=946684800&period2=1735689600&interval=1d&events=div%2Csplits,available,6289,2026-09-10T13:54:32.349027+00:00,fa3e49ce90aa9e387bad8b15616fac85cbdfca80eccbb35ed5a3083bf5ea17e8,HSY,The Hershey Company,The Hershey Company,EQUITY,NYQ,USD,322151400.0,0.0,2000-01-03,2024-12-31,Ticker metadata only; permanent historical identity unverified,
HUBB,https://query1.finance.yahoo.com/v8/finance/chart/HUBB?period1=946684800&period2=1735689600&interval=1d&events=div%2Csplits,available,6289,2026-09-10T13:54:32.373919+00:00,9839755b21a1a5323fe67c89576f1e4ebf1950412aecff3a1a06a8b5b5d0ed47,HUBB,Hubbell Incorporated,Hubbell Inc,EQUITY,NYQ,USD,76599000.0,0.0,2000-01-03,2024-12-31,Ticker metadata only; permanent historical identity unverified,
HUM,https://query1.finance.yahoo.com/v8/finance/chart/HUM?period1=946684800&period2=1735689600&interval=1d&events=div%2Csplits,available,6289,2026-09-10T13:54:32.528703+00:00,b28fd11799080c3e2e4fff794568edbbf94dde30958d8b9a441a5d69b3805fcc,HUM,Humana Inc.,Humana Inc.,EQUITY,NYQ,USD,378657000.0,0.0,2000-01-03,2024-12-31,Ticker metadata only; permanent historical identity unverified,
HWM,https://query1.finance.yahoo.com/v8/finance/chart/HWM?period1=946684800&period2=1735689600&interval=1d&events=div%2Csplits,available,2054,2026-09-10T13:54:32.653271+00:00,3abcf8466bd698c8a0d0eeee4eb37a5a7e6f535d7af4089258656eae3ed400f6,HWM,Howmet Aerospace Inc.,Howmet Aerospace Inc.,EQUITY,NYQ,USD,1478007000.0,0.0,2016-11-01,2024-12-31,Ticker metadata only; permanent historical identity unverified,
I,https://query1.finance.yahoo.com/v8/finance/chart/I?period1=946684800&period2=1735689600&interval=1d&events=div%2Csplits,failed,0,2026-09-10T13:54:32.812888+00:00,,,,,,,,,,,,,HTTPError: HTTP Error 404: Not Found
IAC,https://query1.finance.yahoo.com/v8/finance/chart/IAC?period1=946684800&period2=1735689600&interval=1d&events=div%2Csplits,failed,0,2026-09-10T13:54:32.850706+00:00,,,,,,,,,,,,,HTTPError: HTTP Error 404: Not Found
IBKR,https://query1.finance.yahoo.com/v8/finance/chart/IBKR?period1=946684800&period2=1735689600&interval=1d&events=div%2Csplits,available,4446,2026-09-10T13:54:32.872118+00:00,3cb6a9b43500851f85f8b6635c900213774827cb67c058a1b821c8015feeb5db,IBKR,"Interactive Brokers Group, Inc.","Interactive Brokers Group, Inc.",EQUITY,NMS,USD,1178285400.0,0.0,2007-05-04,2024-12-31,Ticker metadata only; permanent historical identity unverified,
IBM,https://query1.finance.yahoo.com/v8/finance/chart/IBM?period1=946684800&period2=1735689600&interval=1d&events=div%2Csplits,available,6289,2026-09-10T13:54:32.937626+00:00,fba9a82203df5aa5320bfa6cd91b75426dc51867f76e21c570cdb35a8841d6f8,IBM,International Business Machines Corporation,International Business Machines,EQUITY,NYQ,USD,-252322200.0,0.0,2000-01-03,2024-12-31,Ticker metadata only; permanent historical identity unverified,
ICE,https://query1.finance.yahoo.com/v8/finance/chart/ICE?period1=946684800&period2=1735689600&interval=1d&events=div%2Csplits,available,4812,2026-09-10T13:54:32.943791+00:00,9b7641c1b9daca0a96e92538c498d592ce47b2e89bfb85f85923bf02055f2e1d,ICE,"Intercontinental Exchange, Inc.",Intercontinental Exchange Inc.,EQUITY,NYQ,USD,1132151400.0,0.0,2005-11-16,2024-12-31,Ticker metadata only; permanent historical identity unverified,
IDXX,https://query1.finance.yahoo.com/v8/finance/chart/IDXX?period1=946684800&period2=1735689600&interval=1d&events=div%2Csplits,available,6289,2026-09-10T13:54:33.088719+00:00,0730bc24aab74adcb23c96ca2eabeb32308274682b446119cab966d2929197b7,IDXX,"IDEXX Laboratories, Inc.","IDEXX Laboratories, Inc.",EQUITY,NMS,USD,677511000.0,0.0,2000-01-03,2024-12-31,Ticker metadata only; permanent historical identity unverified,
IEX,https://query1.finance.yahoo.com/v8/finance/chart/IEX?period1=946684800&period2=1735689600&interval=1d&events=div%2Csplits,available,6289,2026-09-10T13:54:33.156293+00:00,92aa69afef3a0155a5b02e1e8d859bb3cbd762d6a5f128e5f319ef72cb49771c,IEX,IDEX Corporation,IDEX Corporation,EQUITY,NYQ,USD,612797400.0,0.0,2000-01-03,2024-12-31,Ticker metadata only; permanent historical identity unverified,
IFF,https://query1.finance.yahoo.com/v8/finance/chart/IFF?period1=946684800&period2=1735689600&interval=1d&events=div%2Csplits,available,6289,2026-09-10T13:54:33.255034+00:00,2e5c05dd925b3a287320e3e5a3eeda065fa1ba750feb905ab5dd3e17ab7a255b,IFF,International Flavors & Fragrances Inc.,International Flavors & Fragran,EQUITY,NYQ,USD,156522600.0,0.0,2000-01-03,2024-12-31,Ticker metadata only; permanent historical identity unverified,
IGT,https://query1.finance.yahoo.com/v8/finance/chart/IGT?period1=946684800&period2=1735689600&interval=1d&events=div%2Csplits,failed,0,2026-09-10T13:54:33.309491+00:00,,,,,,,,,,,,,HTTPError: HTTP Error 404: Not Found
IKN,https://query1.finance.yahoo.com/v8/finance/chart/IKN?period1=946684800&period2=1735689600&interval=1d&events=div%2Csplits,failed,0,2026-09-10T13:54:33.391774+00:00,37c572bd947f8f533868d9a1090c0a4295e76154bc4802c8f5ebb0f775cb2b25,IKN,,444149,MUTUALFUND,YHD,,,,,,,ValueError: Constituent request did not resolve to an equity
ILMN,https://query1.finance.yahoo.com/v8/finance/chart/ILMN?period1=946684800&period2=1735689600&interval=1d&events=div%2Csplits,available,6145,2026-09-10T13:54:33.435571+00:00,e97a7172b31aa26fa299d4de95f148653a65d6df40fe4b10462aed393608c3e4,ILMN,"Illumina, Inc.","Illumina, Inc.",EQUITY,NMS,USD,964791000.0,0.0,2000-07-28,2024-12-31,Ticker metadata only; permanent historical identity unverified,
IMNX,https://query1.finance.yahoo.com/v8/finance/chart/IMNX?period1=946684800&period2=1735689600&interval=1d&events=div%2Csplits,failed,0,2026-09-10T13:54:33.509978+00:00,326143f1410d31d454bd9b4e4d3156f7388ad50fd5dbee1be659e5430c33c718,IMNX,,,MUTUALFUND,YHD,,,,,,,ValueError: Constituent request did not resolve to an equity
INCLF,https://query1.finance.yahoo.com/v8/finance/chart/INCLF?period1=946684800&period2=1735689600&interval=1d&events=div%2Csplits,failed,0,2026-09-10T13:54:33.592301+00:00,,,,,,,,,,,,,HTTPError: HTTP Error 404: Not Found
INCY,https://query1.finance.yahoo.com/v8/finance/chart/INCY?period1=946684800&period2=1735689600&interval=1d&events=div%2Csplits,available,6289,2026-09-10T13:54:33.595325+00:00,7cdcd7e11d42826835bcb1dbebd29f2da8286cb80acbd4b61cb6cb13db85db15,INCY,Incyte Corporation,Incyte Corporation,EQUITY,NMS,USD,752423400.0,0.0,2000-01-03,2024-12-31,Ticker metadata only; permanent historical identity unverified,
INFO,https://query1.finance.yahoo.com/v8/finance/chart/INFO?period1=946684800&period2=1735689600&interval=1d&events=div%2Csplits,failed,0,2026-09-10T13:54:33.690322+00:00,7517bed353492a247afaeea9d3563b85a3246f9e5dda3333242ab2290055bc1f,INFO,Harbor PanAgora Dynamic Large Cap Core ETF,Harbor PanAgora Dynamic Large C,ETF,NYQ,USD,1728567000.0,,,,,ValueError: Constituent request did not resolve to an equity
INGR,https://query1.finance.yahoo.com/v8/finance/chart/INGR?period1=946684800&period2=1735689600&interval=1d&events=div%2Csplits,available,6289,2026-09-10T13:54:33.737729+00:00,47e5b8a080a8f9657232722238ac7e1fd1b03d08ce21072876475011b6f9bfb4,INGR,Ingredion Incorporated,Ingredion Incorporated,EQUITY,NYQ,USD,881850600.0,0.0,2000-01-03,2024-12-31,Ticker metadata only; permanent historical identity unverified,
INTC,https://query1.finance.yahoo.com/v8/finance/chart/INTC?period1=946684800&period2=1735689600&interval=1d&events=div%2Csplits,available,6289,2026-09-10T13:54:33.798442+00:00,965278640c6cceec35b612c17d4e3015bb8cdaa4873a8f48dfe6162a3592a4e7,INTC,Intel Corporation,Intel Corporation,EQUITY,NMS,USD,322151400.0,0.0,2000-01-03,2024-12-31,Ticker metadata only; permanent historical identity unverified,
INTU,https://query1.finance.yahoo.com/v8/finance/chart/INTU?period1=946684800&period2=1735689600&interval=1d&events=div%2Csplits,available,6289,2026-09-10T13:54:33.833434+00:00,68434e1f3f9d4a996d6d8c86675dcd9288fca9a75af8078e74c580d7225c0a2a,INTU,Intuit Inc.,Intuit Inc.,EQUITY,NMS,USD,731946600.0,0.0,2000-01-03,2024-12-31,Ticker metadata only; permanent historical identity unverified,
INVH,https://query1.finance.yahoo.com/v8/finance/chart/INVH?period1=946684800&period2=1735689600&interval=1d&events=div%2Csplits,available,1992,2026-09-10T13:54:34.063721+00:00,e10f8064a062b805490338c473633b3b70ebd779cec09dc194e66faf610c8d3e,INVH,Invitation Homes Inc.,Invitation Homes Inc.,EQUITY,NYQ,USD,1485959400.0,0.0,2017-02-01,2024-12-31,Ticker metadata only; permanent historical identity unverified,
IP,https://query1.finance.yahoo.com/v8/finance/chart/IP?period1=946684800&period2=1735689600&interval=1d&events=div%2Csplits,available,6289,2026-09-10T13:54:34.138794+00:00,e15d9459992a61b937f31f6a8e3c0fdf675689e51256c9e1829121ae69bc0bd0,IP,International Paper Company,International Paper Company,EQUITY,NYQ,USD,-252322200.0,0.0,2000-01-03,2024-12-31,Ticker metadata only; permanent historical identity unverified,
IPG,https://query1.finance.yahoo.com/v8/finance/chart/IPG?period1=946684800&period2=1735689600&interval=1d&events=div%2Csplits,failed,0,2026-09-10T13:54:34.158036+00:00,,,,,,,,,,,,,HTTPError: HTTP Error 404: Not Found
IPGP,https://query1.finance.yahoo.com/v8/finance/chart/IPGP?period1=946684800&period2=1735689600&interval=1d&events=div%2Csplits,available,4542,2026-09-10T13:54:34.228367+00:00,2caea8265a96efb5d099d29e22d7038bd0475acb137c94330b088c8bce3269f0,IPGP,IPG Photonics Corporation,IPG Photonics Corporation,EQUITY,NMS,USD,1166020200.0,0.0,2006-12-13,2024-12-31,Ticker metadata only; permanent historical identity unverified,
IQV,https://query1.finance.yahoo.com/v8/finance/chart/IQV?period1=946684800&period2=1735689600&interval=1d&events=div%2Csplits,available,2932,2026-09-10T13:54:34.234494+00:00,06c79c444a267f7f9ac432f01dbf600a67cbfdb9c4c6c261d7798c51ff7baecf,IQV,IQVIA Holdings Inc.,"IQVIA Holdings, Inc.",EQUITY,NYQ,USD,1368106200.0,0.0,2013-05-09,2024-12-31,Ticker metadata only; permanent historical identity unverified,
IR,https://query1.finance.yahoo.com/v8/finance/chart/IR?period1=946684800&period2=1735689600&interval=1d&events=div%2Csplits,available,1922,2026-09-10T13:54:34.422590+00:00,93d7447fc6656c549caa5ce2d1ed8ad7334fe1b6b6b5b774b18a4f3444ba5be4,IR,Ingersoll Rand Inc.,Ingersoll Rand Inc.,EQUITY,NYQ,USD,1494595800.0,0.0,2017-05-12,2024-12-31,Ticker metadata only; permanent historical identity unverified,
IRM,https://query1.finance.yahoo.com/v8/finance/chart/IRM?period1=946684800&period2=1735689600&interval=1d&events=div%2Csplits,available,6289,2026-09-10T13:54:34.478016+00:00,a5402e4ea8d54459a09575e10bdc9845551fe1ff03832d6b9cee92db8f80d085,IRM,Iron Mountain Incorporated,Iron Mountain Incorporated (Del,EQUITY,NYQ,USD,823185000.0,0.0,2000-01-03,2024-12-31,Ticker metadata only; permanent historical identity unverified,
ISRG,https://query1.finance.yahoo.com/v8/finance/chart/ISRG?period1=946684800&period2=1735689600&interval=1d&events=div%2Csplits,available,6174,2026-09-10T13:54:34.565726+00:00,3c735b8832c5463e69aa3c9b96a36dbc15030aaac38b10d054fb886c12057770,ISRG,"Intuitive Surgical, Inc.","Intuitive Surgical, Inc.",EQUITY,NMS,USD,961162200.0,0.0,2000-06-16,2024-12-31,Ticker metadata only; permanent historical identity unverified,
IT,https://query1.finance.yahoo.com/v8/finance/chart/IT?period1=946684800&period2=1735689600&interval=1d&events=div%2Csplits,available,6289,2026-09-10T13:54:34.709423+00:00,3abb7ee7b9ef43804c0d8767428d1954e1003b8253b6542511826287c33264a9,IT,"Gartner, Inc.","Gartner, Inc.",EQUITY,NYQ,USD,749827800.0,0.0,2000-01-03,2024-12-31,Ticker metadata only; permanent historical identity unverified,
ITT,https://query1.finance.yahoo.com/v8/finance/chart/ITT?period1=946684800&period2=1735689600&interval=1d&events=div%2Csplits,available,6289,2026-09-10T13:54:34.771062+00:00,aa5678cfd2ac10d6bbf366520001fe4a5e5a91cb45120e467fee851ff9e74b41,ITT,ITT Inc.,ITT Inc.,EQUITY,NYQ,USD,819037800.0,0.0,2000-01-03,2024-12-31,Ticker metadata only; permanent historical identity unverified,
ITW,https://query1.finance.yahoo.com/v8/finance/chart/ITW?period1=946684800&period2=1735689600&interval=1d&events=div%2Csplits,available,6289,2026-09-10T13:54:34.827283+00:00,e775866f90b31283b6bf4ecd515bf315ef24e46cd08fb82bd999f8acbc06a05a,ITW,Illinois Tool Works Inc.,Illinois Tool Works Inc.,EQUITY,NYQ,USD,100881000.0,0.0,2000-01-03,2024-12-31,Ticker metadata only; permanent historical identity unverified,
IVZ,https://query1.finance.yahoo.com/v8/finance/chart/IVZ?period1=946684800&period2=1735689600&interval=1d&events=div%2Csplits,available,6289,2026-09-10T13:54:34.973653+00:00,e5838032aeb4b4a06111c5116cbf31077d598b4b79e96f528149750ff236bc08,IVZ,Invesco Ltd.,Invesco Ltd,EQUITY,NYQ,USD,809357400.0,0.0,2000-01-03,2024-12-31,Ticker metadata only; permanent historical identity unverified,
J,https://query1.finance.yahoo.com/v8/finance/chart/J?period1=946684800&period2=1735689600&interval=1d&events=div%2Csplits,available,6289,2026-09-10T13:54:35.058465+00:00,126129170bdb2f37fa7b62b5ced9bf43b5fe7838e0a268f04b908996d025d380,J,Jacobs Solutions Inc.,Jacobs Solutions Inc.,EQUITY,NYQ,USD,322151400.0,0.0,2000-01-03,2024-12-31,Ticker metadata only; permanent historical identity unverified,
JAVA,https://query1.finance.yahoo.com/v8/finance/chart/JAVA?period1=946684800&period2=1735689600&interval=1d&events=div%2Csplits,failed,0,2026-09-10T13:54:35.167511+00:00,34c9cdbd67791afc70baf6d793fc7a4a35abc8ba192b6bc28c37ed04bb0bdef7,JAVA,JPMorgan Active Value ETF,JPMorgan Active Value ETF,ETF,PCX,USD,1633440600.0,,,,,ValueError: Constituent request did not resolve to an equity
JBHT,https://query1.finance.yahoo.com/v8/finance/chart/JBHT?period1=946684800&period2=1735689600&interval=1d&events=div%2Csplits,available,6289,2026-09-10T13:54:35.243010+00:00,d68345af2643cc925202fe34ad8d9a1272e70f76c3bcf16be8bea60a7e9e8f71,JBHT,"J.B. Hunt Transport Services, Inc.","J.B. Hunt Transport Services, I",EQUITY,NMS,USD,438359400.0,0.0,2000-01-03,2024-12-31,Ticker metadata only; permanent historical identity unverified,
JBL,https://query1.finance.yahoo.com/v8/finance/chart/JBL?period1=946684800&period2=1735689600&interval=1d&events=div%2Csplits,available,6289,2026-09-10T13:54:35.319418+00:00,0fb2ddeeed8cd21c7f8ca086830c37c6dbde33ebc2651d478de256904a6fcd11,JBL,Jabil Inc.,Jabil Inc.,EQUITY,NYQ,USD,736435800.0,0.0,2000-01-03,2024-12-31,Ticker metadata only; permanent historical identity unverified,
JCI,https://query1.finance.yahoo.com/v8/finance/chart/JCI?period1=946684800&period2=1735689600&interval=1d&events=div%2Csplits,available,6289,2026-09-10T13:54:35.331200+00:00,89026f2decf7cbea7297e15c8a3759d54011d3292952165810a9a73705c3381b,JCI,Johnson Controls International plc,Johnson Controls International ,EQUITY,NYQ,USD,559834200.0,0.0,2000-01-03,2024-12-31,Ticker metadata only; permanent historical identity unverified,
JCP,https://query1.finance.yahoo.com/v8/finance/chart/JCP?period1=946684800&period2=1735689600&interval=1d&events=div%2Csplits,failed,0,2026-09-10T13:54:35.532171+00:00,,,,,,,,,,,,,HTTPError: HTTP Error 404: Not Found
JEC,https://query1.finance.yahoo.com/v8/finance/chart/JEC?period1=946684800&period2=1735689600&interval=1d&events=div%2Csplits,failed,0,2026-09-10T13:54:35.584041+00:00,,,,,,,,,,,,,HTTPError: HTTP Error 404: Not Found
JEF,https://query1.finance.yahoo.com/v8/finance/chart/JEF?period1=946684800&period2=1735689600&interval=1d&events=div%2Csplits,available,6289,2026-09-10T13:54:35.641176+00:00,fdc74364fca014a75b13335b8ab34b94c5e274ada3062f5044cdb89eb21a7859,JEF,Jefferies Financial Group Inc.,Jefferies Financial Group Inc.,EQUITY,NYQ,USD,322151400.0,0.0,2000-01-03,2024-12-31,Ticker metadata only; permanent historical identity unverified,
JH,https://query1.finance.yahoo.com/v8/finance/chart/JH?period1=946684800&period2=1735689600&interval=1d&events=div%2Csplits,failed,0,2026-09-10T13:54:35.764917+00:00,b7fa00e8d60b2c7c1e0f2f9b45e220f4fba0181f2336d11176ea4ffdf51c23e2,JH,,163137,MUTUALFUND,YHD,,1516717800.0,,,,,ValueError: Constituent request did not resolve to an equity
JHF,https://query1.finance.yahoo.com/v8/finance/chart/JHF?period1=946684800&period2=1735689600&interval=1d&events=div%2Csplits,failed,0,2026-09-10T13:54:35.869495+00:00,0ecf2d8e657a1b5bf746aee083fa6c6fd5f3303214ee190d601268328f57c2fb,JHF,,,MUTUALFUND,YHD,,,,,,,ValueError: Constituent request did not resolve to an equity
JKHY,https://query1.finance.yahoo.com/v8/finance/chart/JKHY?period1=946684800&period2=1735689600&interval=1d&events=div%2Csplits,available,6289,2026-09-10T13:54:35.872137+00:00,b0c796800a643cc7d4e1984c4e4d23811fc9cf6c7cbffb6a3fd7747bfe8358e5,JKHY,"Jack Henry & Associates, Inc.","Jack Henry & Associates, Inc.",EQUITY,NMS,USD,501345000.0,0.0,2000-01-03,2024-12-31,Ticker metadata only; permanent historical identity unverified,
JNJ,https://query1.finance.yahoo.com/v8/finance/chart/JNJ?period1=946684800&period2=1735689600&interval=1d&events=div%2Csplits,available,6289,2026-09-10T13:54:35.924621+00:00,dc5983d665ea873da02e52ce8e48dc6784e5d80360d1330af598a9623d0deb40,JNJ,Johnson & Johnson,Johnson & Johnson,EQUITY,NYQ,USD,-252322200.0,0.0,2000-01-03,2024-12-31,Ticker metadata only; permanent historical identity unverified,
JNPR,https://query1.finance.yahoo.com/v8/finance/chart/JNPR?period1=946684800&period2=1735689600&interval=1d&events=div%2Csplits,failed,0,2026-09-10T13:54:35.965085+00:00,,,,,,,,,,,,,HTTPError: HTTP Error 404: Not Found
JNS,https://query1.finance.yahoo.com/v8/finance/chart/JNS?period1=946684800&period2=1735689600&interval=1d&events=div%2Csplits,failed,0,2026-09-10T13:54:36.032763+00:00,912bb53cc58150b10833679d6827b1409b5e8e943eb1c8980a2767e84fa63253,JNS,,1682288,MUTUALFUND,YHD,,,,,,,ValueError: Constituent request did not resolve to an equity
JNY,https://query1.finance.yahoo.com/v8/finance/chart/JNY?period1=946684800&period2=1735689600&interval=1d&events=div%2Csplits,failed,0,2026-09-10T13:54:36.105860+00:00,05bf746c07f7ae428ae373851d0ef51973735e955f20ffce0e878b31c9a7b631,JNY,,826889,MUTUALFUND,YHD,,674400600.0,,,,,ValueError: Constituent request did not resolve to an equity
JOS,https://query1.finance.yahoo.com/v8/finance/chart/JOS?period1=946684800&period2=1735689600&interval=1d&events=div%2Csplits,failed,0,2026-09-10T13:54:36.145880+00:00,bd9ea87af88e5db54697cca71cdbb947e4c6e7ecb6ee4836d61681dbf7097045,JOS,,,ECNQUOTE,NMS,,1063805400.0,,,,,ValueError: Constituent request did not resolve to an equity
JOY,https://query1.finance.yahoo.com/v8/finance/chart/JOY?period1=946684800&period2=1735689600&interval=1d&events=div%2Csplits,failed,0,2026-09-10T13:54:36.221811+00:00,c992adeb45efe5ae811e0512f82f10ea006ec818b426e59426668ca6052f6794,JOY,,Joy Global Inc.,MUTUALFUND,YHD,,,,,,,ValueError: Constituent request did not resolve to an equity
JP,https://query1.finance.yahoo.com/v8/finance/chart/JP?period1=946684800&period2=1735689600&interval=1d&events=div%2Csplits,failed,0,2026-09-10T13:54:36.221811+00:00,,,,,,,,,,,,,HTTPError: HTTP Error 404: Not Found
JPM,https://query1.finance.yahoo.com/v8/finance/chart/JPM?period1=946684800&period2=1735689600&interval=1d&events=div%2Csplits,available,6289,2026-09-10T13:54:36.228672+00:00,0556b2365ac2850fae439f549e552db571122485ed6567adcb44cde98aa109d8,JPM,JPMorgan Chase & Co.,JP Morgan Chase & Co.,EQUITY,NYQ,USD,322151400.0,0.0,2000-01-03,2024-12-31,Ticker metadata only; permanent historical identity unverified,
JWN,https://query1.finance.yahoo.com/v8/finance/chart/JWN?period1=946684800&period2=1735689600&interval=1d&events=div%2Csplits,failed,0,2026-09-10T13:54:36.308199+00:00,,,,,,,,,,,,,HTTPError: HTTP Error 404: Not Found
K,https://query1.finance.yahoo.com/v8/finance/chart/K?period1=946684800&period2=1735689600&interval=1d&events=div%2Csplits,failed,0,2026-09-10T13:54:36.313763+00:00,,,,,,,,,,,,,HTTPError: HTTP Error 404: Not Found
KATE,https://query1.finance.yahoo.com/v8/finance/chart/KATE?period1=946684800&period2=1735689600&interval=1d&events=div%2Csplits,failed,0,2026-09-10T13:54:36.375874+00:00,9b3a5e7c5f0bb8506beabd0c32f67dc7d24e7172474d943a8ada13f0713c7a2c,KATE,,Kate Spade & Company,MUTUALFUND,YHD,,,,,,,ValueError: Constituent request did not resolve to an equity
KBH,https://query1.finance.yahoo.com/v8/finance/chart/KBH?period1=946684800&period2=1735689600&interval=1d&events=div%2Csplits,available,6289,2026-09-10T13:54:36.392370+00:00,a761a219650548451518feff19e445765515a285b31574c8ce21370421959bdb,KBH,KB Home,KB Home,EQUITY,NYQ,USD,523287000.0,0.0,2000-01-03,2024-12-31,Ticker metadata only; permanent historical identity unverified,
KDP,https://query1.finance.yahoo.com/v8/finance/chart/KDP?period1=946684800&period2=1735689600&interval=1d&events=div%2Csplits,available,4192,2026-09-10T13:54:36.471796+00:00,71bc48034445cb3e9868024086e10f62b22f6a6b7ad13d077c207b5210ae0d8d,KDP,Keurig Dr Pepper Inc.,Keurig Dr Pepper Inc.,EQUITY,NMS,USD,1210167000.0,0.0,2008-05-07,2024-12-31,Ticker metadata only; permanent historical identity unverified,
KEY,https://query1.finance.yahoo.com/v8/finance/chart/KEY?period1=946684800&period2=1735689600&interval=1d&events=div%2Csplits,available,6289,2026-09-10T13:54:36.539743+00:00,474861c0aa305d83b1ba339aa496dff85fae53914400c56605f453cc9b4c6e56,KEY,KeyCorp,KeyCorp,EQUITY,NYQ,USD,563121000.0,0.0,2000-01-03,2024-12-31,Ticker metadata only; permanent historical identity unverified,
KEYS,https://query1.finance.yahoo.com/v8/finance/chart/KEYS?period1=946684800&period2=1735689600&interval=1d&events=div%2Csplits,available,2567,2026-09-10T13:54:36.667475+00:00,5f05d3b5e972392c72f74886b23e3c8f9d7a1daa1056df070209ecb7587c71ae,KEYS,"Keysight Technologies, Inc.",Keysight Technologies Inc.,EQUITY,NYQ,USD,1413811800.0,0.0,2014-10-20,2024-12-31,Ticker metadata only; permanent historical identity unverified,
KG,https://query1.finance.yahoo.com/v8/finance/chart/KG?period1=946684800&period2=1735689600&interval=1d&events=div%2Csplits,available,4193,2026-09-10T13:54:36.683163+00:00,abf81ab0315c4541045ff8a15b782b6979f9bf4e5191483db087d53060210598,KG,Kestrel Group Ltd,"Kestrel Group, Ltd.",EQUITY,NCM,USD,1210080600.0,0.0,2008-05-06,2024-12-31,Ticker metadata only; permanent historical identity unverified,
KHC,https://query1.finance.yahoo.com/v8/finance/chart/KHC?period1=946684800&period2=1735689600&interval=1d&events=div%2Csplits,available,2390,2026-09-10T13:54:36.812812+00:00,53efde17f741e2cba3e6b6a72eeb52bb171f5179c8a6608efa688d23f9320056,KHC,The Kraft Heinz Company,The Kraft Heinz Company,EQUITY,NMS,USD,1436189400.0,0.0,2015-07-06,2024-12-31,Ticker metadata only; permanent historical identity unverified,
KIM,https://query1.finance.yahoo.com/v8/finance/chart/KIM?period1=946684800&period2=1735689600&interval=1d&events=div%2Csplits,available,6289,2026-09-10T13:54:36.832180+00:00,36fbf0737e4c972fcffe7ccd8543fd6599dc964a95f0854c90eb357e489b5eea,KIM,Kimco Realty Corporation,Kimco Realty Corporation (HC),EQUITY,NYQ,USD,690820200.0,0.0,2000-01-03,2024-12-31,Ticker metadata only; permanent historical identity unverified,
KKR,https://query1.finance.yahoo.com/v8/finance/chart/KKR?period1=946684800&period2=1735689600&interval=1d&events=div%2Csplits,available,3641,2026-09-10T13:54:36.872426+00:00,4524ee5ba451b9574f12d429bece6419c68d75a66b68b651c02010245bad42a4,KKR,KKR & Co. Inc.,KKR & Co. Inc.,EQUITY,NYQ,USD,1279200600.0,0.0,2010-07-15,2024-12-31,Ticker metadata only; permanent historical identity unverified,
KLAC,https://query1.finance.yahoo.com/v8/finance/chart/KLAC?period1=946684800&period2=1735689600&interval=1d&events=div%2Csplits,available,6289,2026-09-10T13:54:36.986236+00:00,7ed8fc0334ef86b011d7a0cee0183691450e921e63720692a33b238ab9192cc1,KLAC,KLA Corporation,KLA Corporation,EQUITY,NMS,USD,339859800.0,0.0,2000-01-03,2024-12-31,Ticker metadata only; permanent historical identity unverified,
KM,https://query1.finance.yahoo.com/v8/finance/chart/KM?period1=946684800&period2=1735689600&interval=1d&events=div%2Csplits,failed,0,2026-09-10T13:54:37.142488+00:00,b45fba134cb15099d37ce18ad3717b67ef8e0b2bd38db466a6a7cf4359165c29,KM,,,MUTUALFUND,YHD,,1405344600.0,,,,,ValueError: Constituent request did not resolve to an equity
KMB,https://query1.finance.yahoo.com/v8/finance/chart/KMB?period1=946684800&period2=1735689600&interval=1d&events=div%2Csplits,available,6289,2026-09-10T13:54:37.184882+00:00,43ebbb4d18175f3492e0198775bba93ad05d8a3a29de21cdadc7de672bcfd6f0,KMB,Kimberly-Clark Corporation,Kimberly-Clark Corporation,EQUITY,NMS,USD,322151400.0,0.0,2000-01-03,2024-12-31,Ticker metadata only; permanent historical identity unverified,
KMG,https://query1.finance.yahoo.com/v8/finance/chart/KMG?period1=946684800&period2=1735689600&interval=1d&events=div%2Csplits,failed,0,2026-09-10T13:54:37.243369+00:00,02c48b0fc7cba920791ea79771b6e854f082233110ff94b778866fcff5ff7abc,KMG,"KMG Chemicals, Inc.",4868076,MUTUALFUND,YHD,,854461800.0,,,,,ValueError: Constituent request did not resolve to an equity
KMI,https://query1.finance.yahoo.com/v8/finance/chart/KMI?period1=946684800&period2=1735689600&interval=1d&events=div%2Csplits,available,3494,2026-09-10T13:54:37.252676+00:00,39b4207610f0a155eb5db2e21624aa3362ec90549043a0a65466af1e31b3f536,KMI,"Kinder Morgan, Inc.","Kinder Morgan, Inc.",EQUITY,NYQ,USD,1297434600.0,0.0,2011-02-11,2024-12-31,Ticker metadata only; permanent historical identity unverified,
KMX,https://query1.finance.yahoo.com/v8/finance/chart/KMX?period1=946684800&period2=1735689600&interval=1d&events=div%2Csplits,available,6289,2026-09-10T13:54:37.441180+00:00,70b12ccdc2a8ffdd336e9fefcafa5fc4003636625b535f10dd14f0a77be2c7f5,KMX,"CarMax, Inc.",CarMax Inc,EQUITY,NYQ,USD,855066600.0,0.0,2000-01-03,2024-12-31,Ticker metadata only; permanent historical identity unverified,
KO,https://query1.finance.yahoo.com/v8/finance/chart/KO?period1=946684800&period2=1735689600&interval=1d&events=div%2Csplits,available,6289,2026-09-10T13:54:37.469057+00:00,1eb24f99695faa8f900710e3c2b8802b6e17eafff6a1e03a27d5574797985262,KO,The Coca-Cola Company,Coca-Cola Company (The),EQUITY,NYQ,USD,-252322200.0,0.0,2000-01-03,2024-12-31,Ticker metadata only; permanent historical identity unverified,
KORS,https://query1.finance.yahoo.com/v8/finance/chart/KORS?period1=946684800&period2=1735689600&interval=1d&events=div%2Csplits,failed,0,2026-09-10T13:54:37.487745+00:00,a98d52b76b992177cd703fbcefd4908b76d9ab5579a829413736e1b7248d1298,KORS,Michael Kors Holdings Limited,CAPRI HLDGS LTD,MUTUALFUND,YHD,,,,,,,ValueError: Constituent request did not resolve to an equity
KR,https://query1.finance.yahoo.com/v8/finance/chart/KR?period1=946684800&period2=1735689600&interval=1d&events=div%2Csplits,available,6289,2026-09-10T13:54:37.564160+00:00,4e2ab599d26d5b8fde9b5af43ffe4985989bceb247c88444747d59c8863fe731,KR,The Kroger Co.,Kroger Company (The),EQUITY,NYQ,USD,-252322200.0,0.0,2000-01-03,2024-12-31,Ticker metadata only; permanent historical identity unverified,
KRB,https://query1.finance.yahoo.com/v8/finance/chart/KRB?period1=946684800&period2=1735689600&interval=1d&events=div%2Csplits,failed,0,2026-09-10T13:54:37.730448+00:00,42c50f304b4d924f84151e79df8bac6760b9fe8e99aa29cd91ff3edf0ee99afa,KRB,,7732274,MUTUALFUND,YHD,,1122643800.0,,,,,ValueError: Constituent request did not resolve to an equity
KRFT,https://query1.finance.yahoo.com/v8/finance/chart/KRFT?period1=946684800&period2=1735689600&interval=1d&events=div%2Csplits,failed,0,2026-09-10T13:54:37.805739+00:00,1accd083770dfab86c2a05695b57097c00697f99e6156c3b9220bb3e90a5030a,KRFT,,,MUTUALFUND,YHD,,,,,,,ValueError: Constituent request did not resolve to an equity
KRI,https://query1.finance.yahoo.com/v8/finance/chart/KRI?period1=946684800&period2=1735689600&interval=1d&events=div%2Csplits,failed,0,2026-09-10T13:54:37.810807+00:00,9a9a62347e0451a4b18060f682a1ac06c3ccb90c684b4a215b3e539c6408cd3f,KRI,,445461,MUTUALFUND,YHD,,1154525400.0,,,,,ValueError: Constituent request did not resolve to an equity
KSE,https://query1.finance.yahoo.com/v8/finance/chart/KSE?period1=946684800&period2=1735689600&interval=1d&events=div%2Csplits,failed,0,2026-09-10T13:54:37.856332+00:00,657bec093b806a534eadd1d6362af4d1d8902c8752caa263cc9ef294a9a678ea,KSE,,753928,MUTUALFUND,YHD,,1257431400.0,,,,,ValueError: Constituent request did not resolve to an equity
KSS,https://query1.finance.yahoo.com/v8/finance/chart/KSS?period1=946684800&period2=1735689600&interval=1d&events=div%2Csplits,available,6289,2026-09-10T13:54:37.901081+00:00,5459c58bc9a109258f6c35391b73f602c6acb840a6f7f3c903d20cbe0565fd2c,KSS,Kohl's Corporation,Kohl's Corporation,EQUITY,NYQ,USD,706282200.0,0.0,2000-01-03,2024-12-31,Ticker metadata only; permanent historical identity unverified,
KSU,https://query1.finance.yahoo.com/v8/finance/chart/KSU?period1=946684800&period2=1735689600&interval=1d&events=div%2Csplits,failed,0,2026-09-10T13:54:37.965126+00:00,,,,,,,,,,,,,HTTPError: HTTP Error 404: Not Found
KVUE,https://query1.finance.yahoo.com/v8/finance/chart/KVUE?period1=946684800&period2=1735689600&interval=1d&events=div%2Csplits,available,418,2026-09-10T13:54:37.970284+00:00,df5d7d278a328e3c8cc3a1f1b607354bd3fd29d73d35ae814bdc8483db1c1df0,KVUE,Kenvue Inc.,Kenvue Inc.,EQUITY,NYQ,USD,1683207000.0,0.0,2023-05-04,2024-12-31,Ticker metadata only; permanent historical identity unverified,
KWP,https://query1.finance.yahoo.com/v8/finance/chart/KWP?period1=946684800&period2=1735689600&interval=1d&events=div%2Csplits,failed,0,2026-09-10T13:54:38.034142+00:00,c80bf90fc138e63ac6febffe544f0d2e129fda25fa3d77e43dc9b01745bdc930,KWP,,,MUTUALFUND,YHD,,,,,,,ValueError: Constituent request did not resolve to an equity
L,https://query1.finance.yahoo.com/v8/finance/chart/L?period1=946684800&period2=1735689600&interval=1d&events=div%2Csplits,available,6289,2026-09-10T13:54:38.086426+00:00,fa64bb63e923c473c9bac43f12fac585686d99c26745e162239b96d8679d1dc1,L,Loews Corporation,Loews Corporation,EQUITY,NYQ,USD,322151400.0,0.0,2000-01-03,2024-12-31,Ticker metadata only; permanent historical identity unverified,
LB,https://query1.finance.yahoo.com/v8/finance/chart/LB?period1=946684800&period2=1735689600&interval=1d&events=div%2Csplits,available,129,2026-09-10T13:54:38.119943+00:00,679723a6e5aa79b9b91177de4e267e436cfdb9964cf88679f47f46ece4eda90b,LB,LandBridge Company LLC,LandBridge Company LLC,EQUITY,NYQ,USD,1719581400.0,0.0,2024-06-28,2024-12-31,Ticker metadata only; permanent historical identity unverified,
LDG,https://query1.finance.yahoo.com/v8/finance/chart/LDG?period1=946684800&period2=1735689600&interval=1d&events=div%2Csplits,failed,0,2026-09-10T13:54:38.222514+00:00,ade71612013540d2979641bb68becd271f9324bcefa43ab8a675b39db8d559b5,LDG,,459905,MUTUALFUND,YHD,,1439386200.0,,,,,ValueError: Constituent request did not resolve to an equity
LDOS,https://query1.finance.yahoo.com/v8/finance/chart/LDOS?period1=946684800&period2=1735689600&interval=1d&events=div%2Csplits,available,4582,2026-09-10T13:54:38.355798+00:00,83577985ca241853f5191f062b82fc723cce41ef17597734afaaf2dc01377119,LDOS,"Leidos Holdings, Inc.","Leidos Holdings, Inc.",EQUITY,NYQ,USD,1161091800.0,0.0,2006-10-17,2024-12-31,Ticker metadata only; permanent historical identity unverified,
LDW-B,https://query1.finance.yahoo.com/v8/finance/chart/LDW-B?period1=946684800&period2=1735689600&interval=1d&events=div%2Csplits,failed,0,2026-09-10T13:54:38.410572+00:00,,,,,,,,,,,,,HTTPError: HTTP Error 404: Not Found
LEG,https://query1.finance.yahoo.com/v8/finance/chart/LEG?period1=946684800&period2=1735689600&interval=1d&events=div%2Csplits,failed,0,2026-09-10T13:54:38.472504+00:00,,,,,,,,,,,,,HTTPError: HTTP Error 400: Bad Request
LEHMQ,https://query1.finance.yahoo.com/v8/finance/chart/LEHMQ?period1=946684800&period2=1735689600&interval=1d&events=div%2Csplits,failed,0,2026-09-10T13:54:38.575667+00:00,4c96ac38c7cbbeba75dc7a79659d840c5e7c1cf9e262225a4b1edf70bd77dea7,LEHMQ,,,MUTUALFUND,YHD,,,,,,,ValueError: Constituent request did not resolve to an equity
LEN,https://query1.finance.yahoo.com/v8/finance/chart/LEN?period1=946684800&period2=1735689600&interval=1d&events=div%2Csplits,available,6289,2026-09-10T13:54:38.580852+00:00,236fbecf95901115a8255f1bab82cbd34486390a1672ce9217098c9163e17684,LEN,Lennar Corporation,Lennar Corporation,EQUITY,NYQ,USD,322151400.0,0.0,2000-01-03,2024-12-31,Ticker metadata only; permanent historical identity unverified,
LH,https://query1.finance.yahoo.com/v8/finance/chart/LH?period1=946684800&period2=1735689600&interval=1d&events=div%2Csplits,available,6289,2026-09-10T13:54:38.645184+00:00,788efeca9865c31b5ef539084ab247b082c0c912ce2bf4b9d7dfb673f3d273cc,LH,Labcorp Holdings Inc.,Labcorp Holdings Inc.,EQUITY,NYQ,USD,638721000.0,0.0,2000-01-03,2024-12-31,Ticker metadata only; permanent historical identity unverified,
LHX,https://query1.finance.yahoo.com/v8/finance/chart/LHX?period1=946684800&period2=1735689600&interval=1d&events=div%2Csplits,available,6289,2026-09-10T13:54:38.780340+00:00,9fa766658cb9b10534f98e15fb3739d467ed14d5a5ab2a99030bbc5d44f48105,LHX,"L3Harris Technologies, Inc.","L3Harris Technologies, Inc.",EQUITY,NYQ,USD,378657000.0,0.0,2000-01-03,2024-12-31,Ticker metadata only; permanent historical identity unverified,
LIFE,https://query1.finance.yahoo.com/v8/finance/chart/LIFE?period1=946684800&period2=1735689600&interval=1d&events=div%2Csplits,failed,0,2026-09-10T13:54:38.901603+00:00,,,,,,,,,,,,,HTTPError: HTTP Error 400: Bad Request
LII,https://query1.finance.yahoo.com/v8/finance/chart/LII?period1=946684800&period2=1735689600&interval=1d&events=div%2Csplits,available,6289,2026-09-10T13:54:38.935482+00:00,5406dc2b16657e907563f83e5a4b7b1df4206945222a9512d5c7d7eb41040615,LII,Lennox International Inc.,"Lennox International, Inc.",EQUITY,NYQ,USD,933255000.0,0.0,2000-01-03,2024-12-31,Ticker metadata only; permanent historical identity unverified,
LIN,https://query1.finance.yahoo.com/v8/finance/chart/LIN?period1=946684800&period2=1735689600&interval=1d&events=div%2Csplits,available,6289,2026-09-10T13:54:38.997916+00:00,1bb3e1c6f7cf82efd34b4aee283d33c856eb8b3b0d0dea5758ab7bb507129c06,LIN,Linde plc,Linde plc,EQUITY,NMS,USD,708787800.0,0.0,2000-01-03,2024-12-31,Ticker metadata only; permanent historical identity unverified,
LITE,https://query1.finance.yahoo.com/v8/finance/chart/LITE?period1=946684800&period2=1735689600&interval=1d&events=div%2Csplits,available,2377,2026-09-10T13:54:39.040650+00:00,9d530dd63db8ca78f5c5e6f109d7e0c92439d537c156a176e90535e79ff6e680,LITE,Lumentum Holdings Inc.,Lumentum Holdings Inc.,EQUITY,NMS,USD,1437658200.0,0.0,2015-07-23,2024-12-31,Ticker metadata only; permanent historical identity unverified,
LKQ,https://query1.finance.yahoo.com/v8/finance/chart/LKQ?period1=946684800&period2=1735689600&interval=1d&events=div%2Csplits,available,5346,2026-09-10T13:54:39.215815+00:00,d2f314ae47d12c7b63a1d99244fa67596e10198a643db211b5758fae338e665c,LKQ,LKQ Corporation,LKQ Corporation,EQUITY,NMS,USD,1065447000.0,0.0,2003-10-06,2024-12-31,Ticker metadata only; permanent historical identity unverified,
LLL,https://query1.finance.yahoo.com/v8/finance/chart/LLL?period1=946684800&period2=1735689600&interval=1d&events=div%2Csplits,failed,0,2026-09-10T13:54:39.264289+00:00,,,,,,,,,,,,,HTTPError: HTTP Error 404: Not Found
LLTC,https://query1.finance.yahoo.com/v8/finance/chart/LLTC?period1=946684800&period2=1735689600&interval=1d&events=div%2Csplits,failed,0,2026-09-10T13:54:39.344962+00:00,7f96d4db34dcb28161ec92243361edf5f928ad2d0051a07b8ebacdf2571923c5,LLTC,,4104459,MUTUALFUND,YHD,,,,,,,ValueError: Constituent request did not resolve to an equity
LLX,https://query1.finance.yahoo.com/v8/finance/chart/LLX?period1=946684800&period2=1735689600&interval=1d&events=div%2Csplits,failed,0,2026-09-10T13:54:39.351650+00:00,c97029ea128d8556f228ed86a626a0659df14043276f32c0b22f5c18364de29c,LLX,,,ECNQUOTE,NMS,,,,,,,ValueError: Constituent request did not resolve to an equity
LLY,https://query1.finance.yahoo.com/v8/finance/chart/LLY?period1=946684800&period2=1735689600&interval=1d&events=div%2Csplits,available,6289,2026-09-10T13:54:39.427156+00:00,ca1a46d42c3b049497709b4b31833f24a6b95c2e6c816711d8e065641ff199a3,LLY,Eli Lilly and Company,Eli Lilly and Company,EQUITY,NYQ,USD,76253400.0,0.0,2000-01-03,2024-12-31,Ticker metadata only; permanent historical identity unverified,
LM,https://query1.finance.yahoo.com/v8/finance/chart/LM?period1=946684800&period2=1735689600&interval=1d&events=div%2Csplits,failed,0,2026-09-10T13:54:39.427156+00:00,,,,,,,,,,,,,HTTPError: HTTP Error 404: Not Found
LMT,https://query1.finance.yahoo.com/v8/finance/chart/LMT?period1=946684800&period2=1735689600&interval=1d&events=div%2Csplits,available,6289,2026-09-10T13:54:39.432412+00:00,83e6c0a0762bec1503f110c761c0a2af55f5790278fb006968573fa622de5210,LMT,Lockheed Martin Corporation,Lockheed Martin Corporation,EQUITY,NYQ,USD,-252322200.0,0.0,2000-01-03,2024-12-31,Ticker metadata only; permanent historical identity unverified,
LNC,https://query1.finance.yahoo.com/v8/finance/chart/LNC?period1=946684800&period2=1735689600&interval=1d&events=div%2Csplits,available,6289,2026-09-10T13:54:39.500538+00:00,6c5aa5475a0197ed0fd255415ab7cdc575ab7f4009ffa499e559aa5af5772cbe,LNC,Lincoln National Corporation,Lincoln National Corporation,EQUITY,NYQ,USD,322151400.0,0.0,2000-01-03,2024-12-31,Ticker metadata only; permanent historical identity unverified,
LNT,https://query1.finance.yahoo.com/v8/finance/chart/LNT?period1=946684800&period2=1735689600&interval=1d&events=div%2Csplits,available,6289,2026-09-10T13:54:39.726926+00:00,3eaaf7e6795bd690b9131088b5328328ef09631f2e2a49a6eb2ec01fbe035ac8,LNT,Alliant Energy Corporation,Alliant Energy Corporation,EQUITY,NMS,USD,99153000.0,0.0,2000-01-03,2024-12-31,Ticker metadata only; permanent historical identity unverified,
LO,https://query1.finance.yahoo.com/v8/finance/chart/LO?period1=946684800&period2=1735689600&interval=1d&events=div%2Csplits,failed,0,2026-09-10T13:54:39.784538+00:00,ec6a51a51268feefacd1fcb4bebcfae3b200cd65a917baa30148143ff01f7942,LO,,,MUTUALFUND,YHD,,,,,,,ValueError: Constituent request did not resolve to an equity
LOR,https://query1.finance.yahoo.com/v8/finance/chart/LOR?period1=946684800&period2=1735689600&interval=1d&events=div%2Csplits,failed,0,2026-09-10T13:54:39.852690+00:00,,,,,,,,,,,,,HTTPError: HTTP Error 404: Not Found
LOW,https://query1.finance.yahoo.com/v8/finance/chart/LOW?period1=946684800&period2=1735689600&interval=1d&events=div%2Csplits,available,6289,2026-09-10T13:54:39.872020+00:00,08f2d8c6cf37ec4015725937d7829cfb94f4f2d7ec55b43c70bb071595b3f431,LOW,"Lowe's Companies, Inc.","Lowe's Companies, Inc.",EQUITY,NYQ,USD,322151400.0,0.0,2000-01-03,2024-12-31,Ticker metadata only; permanent historical identity unverified,
LPX,https://query1.finance.yahoo.com/v8/finance/chart/LPX?period1=946684800&period2=1735689600&interval=1d&events=div%2Csplits,available,6289,2026-09-10T13:54:40.086408+00:00,a404b1b40ab2805835ecee2d0d8e7477bdd4886cd7c58d1f48beb37811db0a1f,LPX,Louisiana-Pacific Corporation,Louisiana-Pacific Corporation,EQUITY,NYQ,USD,322151400.0,0.0,2000-01-03,2024-12-31,Ticker metadata only; permanent historical identity unverified,
LRCX,https://query1.finance.yahoo.com/v8/finance/chart/LRCX?period1=946684800&period2=1735689600&interval=1d&events=div%2Csplits,available,6289,2026-09-10T13:54:40.187166+00:00,82a179ee2979d182d3033b5b3771fd41f362f21226448c0dab70ef4891e2437e,LRCX,Lam Research Corporation,Lam Research Corporation,EQUITY,NMS,USD,452525400.0,0.0,2000-01-03,2024-12-31,Ticker metadata only; permanent historical identity unverified,
LSI,https://query1.finance.yahoo.com/v8/finance/chart/LSI?period1=946684800&period2=1735689600&interval=1d&events=div%2Csplits,failed,0,2026-09-10T13:54:40.443670+00:00,,,,,,,,,,,,,HTTPError: HTTP Error 404: Not Found
LU,https://query1.finance.yahoo.com/v8/finance/chart/LU?period1=946684800&period2=1735689600&interval=1d&events=div%2Csplits,available,1048,2026-09-10T13:54:40.502185+00:00,be7eedf81596f5eb62c45df2be9670bc508d4a70521bb7ea6aeb39babd1c9d69,LU,Lufax Holding Ltd,Lufax Holding Ltd,EQUITY,NYQ,USD,1604064600.0,0.0,2020-10-30,2024-12-31,Ticker metadata only; permanent historical identity unverified,
LUB,https://query1.finance.yahoo.com/v8/finance/chart/LUB?period1=946684800&period2=1735689600&interval=1d&events=div%2Csplits,failed,0,2026-09-10T13:54:40.653307+00:00,,,,,,,,,,,,,HTTPError: HTTP Error 404: Not Found
LULU,https://query1.finance.yahoo.com/v8/finance/chart/LULU?period1=946684800&period2=1735689600&interval=1d&events=div%2Csplits,available,4388,2026-09-10T13:54:40.713411+00:00,dcff9d9226dcb4feac7d6f9edcafebf478f7d51a5002e35cb9b682f1fda13371,LULU,lululemon athletica inc.,lululemon athletica inc.,EQUITY,NMS,USD,1185543000.0,0.0,2007-07-27,2024-12-31,Ticker metadata only; permanent historical identity unverified,
LUMN,https://query1.finance.yahoo.com/v8/finance/chart/LUMN?period1=946684800&period2=1735689600&interval=1d&events=div%2Csplits,available,6289,2026-09-10T13:54:40.902210+00:00,a7ce44da8f9e2d222ffae3bfbf237069e9e0123a22fbc1e93213b95c23aa6a40,LUMN,"Lumen Technologies, Inc.","Lumen Technologies, Inc.",EQUITY,NYQ,USD,322151400.0,0.0,2000-01-03,2024-12-31,Ticker metadata only; permanent historical identity unverified,
LUV,https://query1.finance.yahoo.com/v8/finance/chart/LUV?period1=946684800&period2=1735689600&interval=1d&events=div%2Csplits,available,6289,2026-09-10T13:54:41.201146+00:00,1923b5f4f605446a075e1568e973b64754a60fef80b42a28fa3db23079ec3819,LUV,Southwest Airlines Co.,Southwest Airlines Company,EQUITY,NYQ,USD,315671400.0,0.0,2000-01-03,2024-12-31,Ticker metadata only; permanent historical identity unverified,
LVLT,https://query1.finance.yahoo.com/v8/finance/chart/LVLT?period1=946684800&period2=1735689600&interval=1d&events=div%2Csplits,failed,0,2026-09-10T13:54:41.493478+00:00,d2ccd620135578017aebb8c1e729bbda5e5fc28fb83ae032e76b4117688581e1,LVLT,,5836511,MUTUALFUND,YHD,,,,,,,ValueError: Constituent request did not resolve to an equity
LVS,https://query1.finance.yahoo.com/v8/finance/chart/LVS?period1=946684800&period2=1735689600&interval=1d&events=div%2Csplits,available,5045,2026-09-10T13:54:41.584787+00:00,0c766a1b70307ba28ba1dc182834d3b30627a0b9bc2107a876643d33ed562541,LVS,Las Vegas Sands Corp.,Las Vegas Sands Corp.,EQUITY,NYQ,USD,1103121000.0,0.0,2004-12-15,2024-12-31,Ticker metadata only; permanent historical identity unverified,
LW,https://query1.finance.yahoo.com/v8/finance/chart/LW?period1=946684800&period2=1735689600&interval=1d&events=div%2Csplits,available,2047,2026-09-10T13:54:41.828718+00:00,94c79ab755c23e0bf45f30a3de07170b541489d931d65e2be302f648657deb19,LW,"Lamb Weston Holdings, Inc.","Lamb Weston Holdings, Inc.",EQUITY,NYQ,USD,1478788200.0,0.0,2016-11-10,2024-12-31,Ticker metadata only; permanent historical identity unverified,
LXK,https://query1.finance.yahoo.com/v8/finance/chart/LXK?period1=946684800&period2=1735689600&interval=1d&events=div%2Csplits,failed,0,2026-09-10T13:54:41.977429+00:00,8c498946da985a3a11e4f83ca06b2c17bbf5f2a6869928e008953e6e1c5eb56b,LXK,,1732416,MUTUALFUND,YHD,,,,,,,ValueError: Constituent request did not resolve to an equity
LYB,https://query1.finance.yahoo.com/v8/finance/chart/LYB?period1=946684800&period2=1735689600&interval=1d&events=div%2Csplits,available,3695,2026-09-10T13:54:42.065048+00:00,53704dd7ef84a404bbfaaa12ccb81487bdd959d38f1ba0a1d4b527cfc3f41f0f,LYB,LyondellBasell Industries N.V.,LyondellBasell Industries NV,EQUITY,NYQ,USD,1272461400.0,0.0,2010-04-28,2024-12-31,Ticker metadata only; permanent historical identity unverified,
LYV,https://query1.finance.yahoo.com/v8/finance/chart/LYV?period1=946684800&period2=1735689600&interval=1d&events=div%2Csplits,available,4788,2026-09-10T13:54:42.301463+00:00,6732a715021f51aa24c704baca26d1022924e003c7889fea51adcc6edebd5343,LYV,"Live Nation Entertainment, Inc.","Live Nation Entertainment, Inc.",EQUITY,NYQ,USD,1135175400.0,0.0,2005-12-21,2024-12-31,Ticker metadata only; permanent historical identity unverified,
M,https://query1.finance.yahoo.com/v8/finance/chart/M?period1=946684800&period2=1735689600&interval=1d&events=div%2Csplits,available,6289,2026-09-10T13:54:42.535124+00:00,174642df511f27a24d89104aa2533cf390393ffb2a26aca87b7497c4a9a98033,M,"Macy's, Inc.",Macy's Inc,EQUITY,NYQ,USD,697300200.0,0.0,2000-01-03,2024-12-31,Ticker metadata only; permanent historical identity unverified,
MA,https://query1.finance.yahoo.com/v8/finance/chart/MA?period1=946684800&period2=1735689600&interval=1d&events=div%2Csplits,available,4682,2026-09-10T13:54:42.788187+00:00,0d0eeaca9c0c97f1930ac6ac06c2ad3931b7e842d70af2adbc331af7fdd8a78e,MA,Mastercard Incorporated,Mastercard Incorporated,EQUITY,NYQ,USD,1148563800.0,0.0,2006-05-25,2024-12-31,Ticker metadata only; permanent historical identity unverified,
MAA,https://query1.finance.yahoo.com/v8/finance/chart/MAA?period1=946684800&period2=1735689600&interval=1d&events=div%2Csplits,available,6289,2026-09-10T13:54:43.027943+00:00,c96c688db805e647f44ee12b5a0f31418d453924f79118be4a560eec41cc82ee,MAA,"Mid-America Apartment Communities, Inc.",Mid-America Apartment Communiti,EQUITY,NYQ,USD,759767400.0,0.0,2000-01-03,2024-12-31,Ticker metadata only; permanent historical identity unverified,
MAC,https://query1.finance.yahoo.com/v8/finance/chart/MAC?period1=946684800&period2=1735689600&interval=1d&events=div%2Csplits,available,6289,2026-09-10T13:54:43.287351+00:00,259a5119f92035bf90f6016c46da8126e16da929477e0bd5b556f56a7c04c772,MAC,The Macerich Company,Macerich Company (The),EQUITY,NYQ,USD,763309800.0,0.0,2000-01-03,2024-12-31,Ticker metadata only; permanent historical identity unverified,
MAR,https://query1.finance.yahoo.com/v8/finance/chart/MAR?period1=946684800&period2=1735689600&interval=1d&events=div%2Csplits,available,6289,2026-09-10T13:54:43.580463+00:00,b0fe5af06e33b2399a081b8e9573a588a5480c5d3dfba651c412c0c1c7b95250,MAR,"Marriott International, Inc.",Marriott International,EQUITY,NMS,USD,890663400.0,0.0,2000-01-03,2024-12-31,Ticker metadata only; permanent historical identity unverified,
MAS,https://query1.finance.yahoo.com/v8/finance/chart/MAS?period1=946684800&period2=1735689600&interval=1d&events=div%2Csplits,available,6289,2026-09-10T13:54:43.881602+00:00,a6672ac1e8f0d68bd492c3d1ea03e5ed3248db8b8a5bb99ae4e79cea1e92259d,MAS,Masco Corporation,Masco Corporation,EQUITY,NYQ,USD,322151400.0,0.0,2000-01-03,2024-12-31,Ticker metadata only; permanent historical identity unverified,
MAT,https://query1.finance.yahoo.com/v8/finance/chart/MAT?period1=946684800&period2=1735689600&interval=1d&events=div%2Csplits,available,6289,2026-09-10T13:54:44.162545+00:00,fe7a58f55bc797834f3e42827e3ec93d820291b16f48e4b0ba65657ba0aa3348,MAT,"Mattel, Inc.","Mattel, Inc.",EQUITY,NMS,USD,203866200.0,0.0,2000-01-03,2024-12-31,Ticker metadata only; permanent historical identity unverified,
MAY,https://query1.finance.yahoo.com/v8/finance/chart/MAY?period1=946684800&period2=1735689600&interval=1d&events=div%2Csplits,failed,0,2026-09-10T13:54:44.571421+00:00,854c6a5a80f22e60904ace01fe26dffccdb0f0ccae27cf2f0850fc157c8519c2,MAY,,3313277,MUTUALFUND,YHD,,1128000600.0,,,,,ValueError: Constituent request did not resolve to an equity
MBI,https://query1.finance.yahoo.com/v8/finance/chart/MBI?period1=946684800&period2=1735689600&interval=1d&events=div%2Csplits,available,6289,2026-09-10T13:54:45.406715+00:00,3d4dd243cce77b1fac21bf11c09aef54ff14f7c1ffc505e8dac0678a7b9b7175,MBI,MBIA Inc.,MBIA Inc.,EQUITY,NYQ,USD,552144600.0,0.0,2000-01-03,2024-12-31,Ticker metadata only; permanent historical identity unverified,
MCD,https://query1.finance.yahoo.com/v8/finance/chart/MCD?period1=946684800&period2=1735689600&interval=1d&events=div%2Csplits,available,6289,2026-09-10T13:54:45.679207+00:00,05231fce6ebd42f44a134f0957cc2693369a0949a7384af089c81808f36a4376,MCD,McDonald's Corporation,McDonald's Corporation,EQUITY,NYQ,USD,-110197800.0,0.0,2000-01-03,2024-12-31,Ticker metadata only; permanent historical identity unverified,
MCHP,https://query1.finance.yahoo.com/v8/finance/chart/MCHP?period1=946684800&period2=1735689600&interval=1d&events=div%2Csplits,available,6289,2026-09-10T13:54:45.988661+00:00,774074b18c2679a17ffe6f6c622e99ceddb116f40ecd2d9cb41bebba08cce797,MCHP,Microchip Technology Incorporated,Microchip Technology Incorporat,EQUITY,NMS,USD,732551400.0,0.0,2000-01-03,2024-12-31,Ticker metadata only; permanent historical identity unverified,
MCIC,https://query1.finance.yahoo.com/v8/finance/chart/MCIC?period1=946684800&period2=1735689600&interval=1d&events=div%2Csplits,available,6289,2026-09-10T13:54:46.241590+00:00,bcd61f8c3879a126d3cfc86c0b132b0c501fe94281e0b035341cf8f11efec269,MCIC,"MultiCorp International, Inc.","Multicorp International, Inc.",EQUITY,OID,USD,874503000.0,0.0,2000-01-03,2024-12-31,Ticker metadata only; permanent historical identity unverified,
MCK,https://query1.finance.yahoo.com/v8/finance/chart/MCK?period1=946684800&period2=1735689600&interval=1d&events=div%2Csplits,available,6289,2026-09-10T13:54:46.488091+00:00,50cb7dc7cb965b22df3d60c593e36496a8d9b5cfaee5b06428c1f52632c54d0b,MCK,McKesson Corporation,McKesson Corporation,EQUITY,NYQ,USD,784477800.0,0.0,2000-01-03,2024-12-31,Ticker metadata only; permanent historical identity unverified,
MCO,https://query1.finance.yahoo.com/v8/finance/chart/MCO?period1=946684800&period2=1735689600&interval=1d&events=div%2Csplits,available,6289,2026-09-10T13:54:46.829359+00:00,423c1b7e9392c1e7da3dc6d206647c1b369bfc7c9d8850063850958256b25fe1,MCO,Moody's Corporation,Moody's Corporation,EQUITY,NYQ,USD,783613800.0,0.0,2000-01-03,2024-12-31,Ticker metadata only; permanent historical identity unverified,
MD,https://query1.finance.yahoo.com/v8/finance/chart/MD?period1=946684800&period2=1735689600&interval=1d&events=div%2Csplits,available,6289,2026-09-10T13:54:47.123219+00:00,a12ceae9ca512742b90b67a5ed9757840cd34da2f4260163ffff044c3b7fe3f5,MD,"Pediatrix Medical Group, Inc.","Pediatrix Medical Group, Inc.",EQUITY,NYQ,USD,811603800.0,0.0,2000-01-03,2024-12-31,Ticker metadata only; permanent historical identity unverified,
MDLZ,https://query1.finance.yahoo.com/v8/finance/chart/MDLZ?period1=946684800&period2=1735689600&interval=1d&events=div%2Csplits,available,5925,2026-09-10T13:54:47.395521+00:00,1e20ef72ed175fe6a92adcd9a138cdcf7c551bf11f4780935e54d7f63ed3d320,MDLZ,"Mondelez International, Inc.","Mondelez International, Inc.",EQUITY,NMS,USD,992439000.0,0.0,2001-06-13,2024-12-31,Ticker metadata only; permanent historical identity unverified,
MDP,https://query1.finance.yahoo.com/v8/finance/chart/MDP?period1=946684800&period2=1735689600&interval=1d&events=div%2Csplits,failed,0,2026-09-10T13:54:47.632983+00:00,,,,,,,,,,,,,HTTPError: HTTP Error 404: Not Found
MDR,https://query1.finance.yahoo.com/v8/finance/chart/MDR?period1=946684800&period2=1735689600&interval=1d&events=div%2Csplits,failed,0,2026-09-10T13:54:47.705318+00:00,,,,,,,,,,,,,HTTPError: HTTP Error 404: Not Found
MDT,https://query1.finance.yahoo.com/v8/finance/chart/MDT?period1=946684800&period2=1735689600&interval=1d&events=div%2Csplits,available,6289,2026-09-10T13:54:47.773913+00:00,c7b25bcc8caadcee367ff799165a83decae4ef6a72596dbdb85da4150eefc6ae,MDT,Medtronic plc,Medtronic plc.,EQUITY,NYQ,USD,105197400.0,0.0,2000-01-03,2024-12-31,Ticker metadata only; permanent historical identity unverified,
MEA,https://query1.finance.yahoo.com/v8/finance/chart/MEA?period1=946684800&period2=1735689600&interval=1d&events=div%2Csplits,failed,0,2026-09-10T13:54:48.133824+00:00,58cded9064a991722b760654dcd0b4785b11730b99cd745a9f6b291aa179df14,MEA,,,MUTUALFUND,YHD,,,,,,,ValueError: Constituent request did not resolve to an equity
MEDI,https://query1.finance.yahoo.com/v8/finance/chart/MEDI?period1=946684800&period2=1735689600&interval=1d&events=div%2Csplits,failed,0,2026-09-10T13:54:48.218989+00:00,c8004af0f9583da0c6d06941f7a376bcfae065d8a6e298aeaf55433b2df82efd,MEDI,Harbor Health Care ETF,Harbor Health Care ETF,ETF,PCX,USD,1668695400.0,,,,,ValueError: Constituent request did not resolve to an equity
MEE,https://query1.finance.yahoo.com/v8/finance/chart/MEE?period1=946684800&period2=1735689600&interval=1d&events=div%2Csplits,failed,0,2026-09-10T13:54:48.374011+00:00,e84bd7964264fad8756a1eb041a120f8fca6128e93aeb4b961ee35b267c4971a,MEE,,1742350,MUTUALFUND,YHD,,1186147800.0,,,,,ValueError: Constituent request did not resolve to an equity
MEL,https://query1.finance.yahoo.com/v8/finance/chart/MEL?period1=946684800&period2=1735689600&interval=1d&events=div%2Csplits,failed,0,2026-09-10T13:54:48.552373+00:00,dcdfc649016c12e3010c34300b49915d8e2ba974798ac1f6f810ca67966dd658,MEL,,1971646,MUTUALFUND,YHD,,1225981800.0,,,,,ValueError: Constituent request did not resolve to an equity
MER,https://query1.finance.yahoo.com/v8/finance/chart/MER?period1=946684800&period2=1735689600&interval=1d&events=div%2Csplits,failed,0,2026-09-10T13:54:48.620240+00:00,,,,,,,,,,,,,HTTPError: HTTP Error 400: Bad Request
MERQ,https://query1.finance.yahoo.com/v8/finance/chart/MERQ?period1=946684800&period2=1735689600&interval=1d&events=div%2Csplits,failed,0,2026-09-10T13:54:48.690256+00:00,7992d1af13873b1b94eaa0e7e9402d17d8484f9e9409b95fc0efc4f277a44082,MERQ,,1900362,MUTUALFUND,YHD,,,,,,,ValueError: Constituent request did not resolve to an equity
MET,https://query1.finance.yahoo.com/v8/finance/chart/MET?period1=946684800&period2=1735689600&interval=1d&events=div%2Csplits,available,6224,2026-09-10T13:54:57.300915+00:00,c4c980097a38f379938b8976562f4dcb99412490157ff15040138cd799a66242,MET,"MetLife, Inc.","MetLife, Inc.",EQUITY,NYQ,USD,954941400.0,0.0,2000-04-05,2024-12-31,Ticker metadata only; permanent historical identity unverified,
META,https://query1.finance.yahoo.com/v8/finance/chart/META?period1=946684800&period2=1735689600&interval=1d&events=div%2Csplits,available,3175,2026-09-10T13:54:57.592157+00:00,a499df52b02c5e3df492ac4cbd141ff64c2b28b9b295832608602b5e8e8a3499,META,"Meta Platforms, Inc.","Meta Platforms, Inc.",EQUITY,NMS,USD,1337347800.0,0.0,2012-05-18,2024-12-31,Ticker metadata only; permanent historical identity unverified,
MFE,https://query1.finance.yahoo.com/v8/finance/chart/MFE?period1=946684800&period2=1735689600&interval=1d&events=div%2Csplits,failed,0,2026-09-10T13:54:57.770080+00:00,adb8c4b869498236cbf036554eafaa0baf80064ffc60ee29a1eb9f690aaa257d,MFE,,2270505,MUTUALFUND,YHD,,1450362600.0,,,,,ValueError: Constituent request did not resolve to an equity
MGM,https://query1.finance.yahoo.com/v8/finance/chart/MGM?period1=946684800&period2=1735689600&interval=1d&events=div%2Csplits,available,6289,2026-09-10T13:54:57.964941+00:00,6794784feec997cf7d87b5191880c3b048b6a67b95851ef512d634b17dffc132,MGM,MGM Resorts International,MGM Resorts International,EQUITY,NYQ,USD,578583000.0,0.0,2000-01-03,2024-12-31,Ticker metadata only; permanent historical identity unverified,
MHK,https://query1.finance.yahoo.com/v8/finance/chart/MHK?period1=946684800&period2=1735689600&interval=1d&events=div%2Csplits,available,6289,2026-09-10T13:54:58.187701+00:00,6282141d60eef87bbbfa7f930768643e420ef4ee128f54fefc2069c4832db3a2,MHK,"Mohawk Industries, Inc.","Mohawk Industries, Inc.",EQUITY,NYQ,USD,702138600.0,0.0,2000-01-03,2024-12-31,Ticker metadata only; permanent historical identity unverified,
MHS,https://query1.finance.yahoo.com/v8/finance/chart/MHS?period1=946684800&period2=1735689600&interval=1d&events=div%2Csplits,failed,0,2026-09-10T13:54:58.379518+00:00,9bbb7b1dc8a7caf8f2763f2342dcae31b948427fba7c22217e052df8ec6e7322,MHS,Morningstar US Healthcare,2130664,MUTUALFUND,YHD,,1581517800.0,,,,,ValueError: Constituent request did not resolve to an equity
MI,https://query1.finance.yahoo.com/v8/finance/chart/MI?period1=946684800&period2=1735689600&interval=1d&events=div%2Csplits,available,2289,2026-09-10T13:54:58.528080+00:00,551344dbe710135dc4567453b6813a16ced94627842b87e29667f066f6767442,MI,NFT Limited,NFT Limited,EQUITY,ASE,USD,1448461800.0,0.0,2015-11-25,2024-12-31,Ticker metadata only; permanent historical identity unverified,
MII,https://query1.finance.yahoo.com/v8/finance/chart/MII?period1=946684800&period2=1735689600&interval=1d&events=div%2Csplits,failed,0,2026-09-10T13:54:58.636285+00:00,a1002bd911109a7fee34a5c8c7bfb681f33837bd36dcbc68c0325481ce9d14ca,MII,,88310,MUTUALFUND,YHD,,1258381800.0,,,,,ValueError: Constituent request did not resolve to an equity
MIL,https://query1.finance.yahoo.com/v8/finance/chart/MIL?period1=946684800&period2=1735689600&interval=1d&events=div%2Csplits,failed,0,2026-09-10T13:54:58.769062+00:00,e4fa79d784135ce2db1902be6fa8143fdb294360ecf6b869667ebe950fa2c398,MIL,,458485,MUTUALFUND,YHD,,,,,,,ValueError: Constituent request did not resolve to an equity
MIR,https://query1.finance.yahoo.com/v8/finance/chart/MIR?period1=946684800&period2=1735689600&interval=1d&events=div%2Csplits,available,1098,2026-09-10T13:54:58.864150+00:00,facf6ec4de81809b0267234a0aec8c246f92047c9a1148ff4ffe7b9a6eb698e1,MIR,"Mirion Technologies, Inc.","Mirion Technologies, Inc.",EQUITY,NYQ,USD,1597930200.0,0.0,2020-08-20,2024-12-31,Ticker metadata only; permanent historical identity unverified,
MJN,https://query1.finance.yahoo.com/v8/finance/chart/MJN?period1=946684800&period2=1735689600&interval=1d&events=div%2Csplits,failed,0,2026-09-10T13:54:58.989402+00:00,9fde6d1f3e410a80f0d9933839fad27aaef1f7301f04e7c8a997b68fe1c332ba,MJN,,2789,MUTUALFUND,YHD,,,,,,,ValueError: Constituent request did not resolve to an equity
MKC,https://query1.finance.yahoo.com/v8/finance/chart/MKC?period1=946684800&period2=1735689600&interval=1d&events=div%2Csplits,available,6289,2026-09-10T13:54:59.049831+00:00,d3a7fca76168a91f1a1c9113df9f3226da92b35556d17a111c6addaa92877d47,MKC,"McCormick & Company, Incorporated","McCormick & Company, Incorporat",EQUITY,NYQ,USD,99153000.0,0.0,2000-01-03,2024-12-31,Ticker metadata only; permanent historical identity unverified,
MKG,https://query1.finance.yahoo.com/v8/finance/chart/MKG?period1=946684800&period2=1735689600&interval=1d&events=div%2Csplits,failed,0,2026-09-10T13:54:59.299544+00:00,37457609383bf8309266a35322450e9e86a8849e217c2630eed30802614c0a52,MKG,,,MUTUALFUND,YHD,,,,,,,ValueError: Constituent request did not resolve to an equity
MKTX,https://query1.finance.yahoo.com/v8/finance/chart/MKTX?period1=946684800&period2=1735689600&interval=1d&events=div%2Csplits,available,5072,2026-09-10T13:54:59.382235+00:00,6732ca21d8a6d40e02f964a1ee3f1cbc8d63d289a102b84309068a84af11e94b,MKTX,MarketAxess Holdings Inc.,"MarketAxess Holdings, Inc.",EQUITY,NMS,USD,1099665000.0,0.0,2004-11-05,2024-12-31,Ticker metadata only; permanent historical identity unverified,
MLM,https://query1.finance.yahoo.com/v8/finance/chart/MLM?period1=946684800&period2=1735689600&interval=1d&events=div%2Csplits,available,6289,2026-09-10T13:54:59.608925+00:00,f93d3d2c30da2573a96d6a86870f37a29691cc14befee8f7f668b1f0df6cd4bd,MLM,"Martin Marietta Materials, Inc.","Martin Marietta Materials, Inc.",EQUITY,NYQ,USD,761495400.0,0.0,2000-01-03,2024-12-31,Ticker metadata only; permanent historical identity unverified,
MMC,https://query1.finance.yahoo.com/v8/finance/chart/MMC?period1=946684800&period2=1735689600&interval=1d&events=div%2Csplits,failed,0,2026-09-10T13:54:59.907264+00:00,,,,,,,,,,,,,HTTPError: HTTP Error 404: Not Found
MMI,https://query1.finance.yahoo.com/v8/finance/chart/MMI?period1=946684800&period2=1735689600&interval=1d&events=div%2Csplits,available,2810,2026-09-10T13:54:59.991934+00:00,2919855538504591965bca9b1540415305588f4888ffb04dfc6170141a659e61,MMI,"Marcus & Millichap, Inc.","Marcus & Millichap, Inc.",EQUITY,NYQ,USD,1383226200.0,0.0,2013-10-31,2024-12-31,Ticker metadata only; permanent historical identity unverified,
MMM,https://query1.finance.yahoo.com/v8/finance/chart/MMM?period1=946684800&period2=1735689600&interval=1d&events=div%2Csplits,available,6289,2026-09-10T13:55:00.149878+00:00,6161c46396c58924828c3ee93bf57038df652ad0913226ee5f80e0c32dd4d703,MMM,3M Company,3M Company,EQUITY,NYQ,USD,-252322200.0,0.0,2000-01-03,2024-12-31,Ticker metadata only; permanent historical identity unverified,
MNK,https://query1.finance.yahoo.com/v8/finance/chart/MNK?period1=946684800&period2=1735689600&interval=1d&events=div%2Csplits,failed,0,2026-09-10T13:55:00.487294+00:00,,,,,,,,,,,,,HTTPError: HTTP Error 404: Not Found
MNR,https://query1.finance.yahoo.com/v8/finance/chart/MNR?period1=946684800&period2=1735689600&interval=1d&events=div%2Csplits,available,298,2026-09-10T13:55:00.580904+00:00,4de5950623d00dec32e1646636ebf5c5fbcaf5c3983f46d1916a6415c9940485,MNR,Mach Natural Resources LP,Mach Natural Resources LP,EQUITY,NYQ,USD,1698240600.0,0.0,2023-10-25,2024-12-31,Ticker metadata only; permanent historical identity unverified,
MNST,https://query1.finance.yahoo.com/v8/finance/chart/MNST?period1=946684800&period2=1735689600&interval=1d&events=div%2Csplits,available,6289,2026-09-10T13:55:00.697411+00:00,ab01b55e339e1b2cb371cefcc27ce324c192b2e0a82668c900db50633a21a4a5,MNST,Monster Beverage Corporation,Monster Beverage Corporation,EQUITY,NMS,USD,502986600.0,0.0,2000-01-03,2024-12-31,Ticker metadata only; permanent historical identity unverified,
MO,https://query1.finance.yahoo.com/v8/finance/chart/MO?period1=946684800&period2=1735689600&interval=1d&events=div%2Csplits,available,6289,2026-09-10T13:55:00.962336+00:00,d77b5db0bbf40f855563891b179b23cdc459ed55613f3ca6042e2d2f2271a848,MO,"Altria Group, Inc.","Altria Group, Inc.",EQUITY,NYQ,USD,-252322200.0,0.0,2000-01-03,2024-12-31,Ticker metadata only; permanent historical identity unverified,
MOB,https://query1.finance.yahoo.com/v8/finance/chart/MOB?period1=946684800&period2=1735689600&interval=1d&events=div%2Csplits,available,591,2026-09-10T13:55:01.290752+00:00,618e3f0c6ba35a2fe9ee1b9f9efa2eef899a591c2bd9515dbbed1a7b94f369bd,MOB,Mobilicom Limited,Mobilicom Limited,EQUITY,NCM,USD,1661434200.0,0.0,2022-08-25,2024-12-31,Ticker metadata only; permanent historical identity unverified,
MOH,https://query1.finance.yahoo.com/v8/finance/chart/MOH?period1=946684800&period2=1735689600&interval=1d&events=div%2Csplits,available,5412,2026-09-10T13:55:01.384854+00:00,be1049701173182fc355201b04ee10e19ef28f2bc93e99aae7cafab1c61f753c,MOH,"Molina Healthcare, Inc.",Molina Healthcare Inc,EQUITY,NYQ,USD,1057152600.0,0.0,2003-07-02,2024-12-31,Ticker metadata only; permanent historical identity unverified,
MOLX,https://query1.finance.yahoo.com/v8/finance/chart/MOLX?period1=946684800&period2=1735689600&interval=1d&events=div%2Csplits,failed,0,2026-09-10T13:55:01.587920+00:00,a44096bee1033aad6e5f235870a33ffdc4cf345dca3d2404a0f0ec586b204947,MOLX,,655556,MUTUALFUND,YHD,,94833000.0,,,,,ValueError: Constituent request did not resolve to an equity
MON,https://query1.finance.yahoo.com/v8/finance/chart/MON?period1=946684800&period2=1735689600&interval=1d&events=div%2Csplits,failed,0,2026-09-10T13:55:01.752523+00:00,,,,,,,,,,,,,HTTPError: HTTP Error 404: Not Found
MOS,https://query1.finance.yahoo.com/v8/finance/chart/MOS?period1=946684800&period2=1735689600&interval=1d&events=div%2Csplits,available,6289,2026-09-10T13:55:01.827900+00:00,57df6f98d92ec5660b5aadb1d5caccb96886532a21647504b4ede4481e8930f2,MOS,The Mosaic Company,Mosaic Company (The),EQUITY,NYQ,USD,570205800.0,0.0,2000-01-03,2024-12-31,Ticker metadata only; permanent historical identity unverified,
MPC,https://query1.finance.yahoo.com/v8/finance/chart/MPC?period1=946684800&period2=1735689600&interval=1d&events=div%2Csplits,available,3402,2026-09-10T13:55:02.079381+00:00,dbf4ced773312164013f6b734c63705fcbcdfdcfc824b84fee40d2213014888f,MPC,Marathon Petroleum Corporation,Marathon Petroleum Corporation,EQUITY,NYQ,USD,1308922200.0,0.0,2011-06-24,2024-12-31,Ticker metadata only; permanent historical identity unverified,
MPWR,https://query1.finance.yahoo.com/v8/finance/chart/MPWR?period1=946684800&period2=1735689600&interval=1d&events=div%2Csplits,available,5062,2026-09-10T13:55:02.318115+00:00,6a7192c3d8d037453b4763d5d100000881b750d4d0a373f1aa590abc6d92755e,MPWR,"Monolithic Power Systems, Inc.","Monolithic Power Systems, Inc.",EQUITY,NMS,USD,1100874600.0,0.0,2004-11-19,2024-12-31,Ticker metadata only; permanent historical identity unverified,
MRK,https://query1.finance.yahoo.com/v8/finance/chart/MRK?period1=946684800&period2=1735689600&interval=1d&events=div%2Csplits,available,6289,2026-09-10T13:55:02.531713+00:00,f6eacfa1446970da78f06ba658e55be244ca4caf1b0e6e08e9321b5355a21480,MRK,"Merck & Co., Inc.","Merck & Company, Inc.",EQUITY,NYQ,USD,-252322200.0,0.0,2000-01-03,2024-12-31,Ticker metadata only; permanent historical identity unverified,
MRNA,https://query1.finance.yahoo.com/v8/finance/chart/MRNA?period1=946684800&period2=1735689600&interval=1d&events=div%2Csplits,available,1526,2026-09-10T13:55:02.878719+00:00,6d26dcae9396ae8a91e50dadda399a4ef59d08ffab4bbdf21a216953ba3b8188,MRNA,"Moderna, Inc.","Moderna, Inc.",EQUITY,NMS,USD,1544193000.0,0.0,2018-12-07,2024-12-31,Ticker metadata only; permanent historical identity unverified,
MRO,https://query1.finance.yahoo.com/v8/finance/chart/MRO?period1=946684800&period2=1735689600&interval=1d&events=div%2Csplits,failed,0,2026-09-10T13:55:03.026327+00:00,,,,,,,,,,,,,HTTPError: HTTP Error 404: Not Found
MRSH,https://query1.finance.yahoo.com/v8/finance/chart/MRSH?period1=946684800&period2=1735689600&interval=1d&events=div%2Csplits,available,6289,2026-09-10T13:55:03.153861+00:00,aba0e4e46b0e369b1ac283fd65c9ff322fd88fd027901f6eea57cd40ef36db93,MRSH,"Marsh & McLennan Companies, Inc.",Marsh,EQUITY,NYQ,USD,99153000.0,0.0,2000-01-03,2024-12-31,Ticker metadata only; permanent historical identity unverified,
MRVL,https://query1.finance.yahoo.com/v8/finance/chart/MRVL?period1=946684800&period2=1735689600&interval=1d&events=div%2Csplits,available,6164,2026-09-10T13:55:03.469951+00:00,1d6d4eecc16a53b5d3c11fbb01c1953d8ec24b9cc7778beb77d5c4e491b8e26c,MRVL,"Marvell Technology, Inc.","Marvell Technology, Inc.",EQUITY,NMS,USD,962371800.0,0.0,2000-06-30,2024-12-31,Ticker metadata only; permanent historical identity unverified,
MS,https://query1.finance.yahoo.com/v8/finance/chart/MS?period1=946684800&period2=1735689600&interval=1d&events=div%2Csplits,available,6289,2026-09-10T13:55:03.715107+00:00,07afee48b998982efce52219d7e634f7417ace866d8128521c0dffb68f8d172f,MS,Morgan Stanley,Morgan Stanley,EQUITY,NYQ,USD,730477800.0,0.0,2000-01-03,2024-12-31,Ticker metadata only; permanent historical identity unverified,
MSCI,https://query1.finance.yahoo.com/v8/finance/chart/MSCI?period1=946684800&period2=1735689600&interval=1d&events=div%2Csplits,available,4310,2026-09-10T13:55:03.980538+00:00,dd404d9f1fec46cfc59be71f5908a596b4e8c766386a2586aa2da00cf7003f44,MSCI,MSCI Inc.,MSCI Inc.,EQUITY,NYQ,USD,1195137000.0,0.0,2007-11-15,2024-12-31,Ticker metadata only; permanent historical identity unverified,
MSFT,https://query1.finance.yahoo.com/v8/finance/chart/MSFT?period1=946684800&period2=1735689600&interval=1d&events=div%2Csplits,available,6289,2026-09-10T13:55:04.243438+00:00,3ea8f919ca541b87bb5e52df078a64a3bd9cd8581bf041e3ebb562ddd186daa2,MSFT,Microsoft Corporation,Microsoft Corporation,EQUITY,NMS,USD,511108200.0,0.0,2000-01-03,2024-12-31,Ticker metadata only; permanent historical identity unverified,
MSI,https://query1.finance.yahoo.com/v8/finance/chart/MSI?period1=946684800&period2=1735689600&interval=1d&events=div%2Csplits,available,6289,2026-09-10T13:55:04.489813+00:00,8f7401c8e02dcd2461ff47aa26cf84c3cbd4239589270abd56310e0ff2b8760c,MSI,"Motorola Solutions, Inc.","Motorola Solutions, Inc.",EQUITY,NYQ,USD,-252322200.0,0.0,2000-01-03,2024-12-31,Ticker metadata only; permanent historical identity unverified,
MST,https://query1.finance.yahoo.com/v8/finance/chart/MST?period1=946684800&period2=1735689600&interval=1d&events=div%2Csplits,failed,0,2026-09-10T13:55:04.813557+00:00,,,,,,,,,,,,,HTTPError: HTTP Error 400: Bad Request
MTB,https://query1.finance.yahoo.com/v8/finance/chart/MTB?period1=946684800&period2=1735689600&interval=1d&events=div%2Csplits,available,6289,2026-09-10T13:55:04.903720+00:00,b30c35217fad7ec67384272f6bff3af23e639e8d8ac3fccf17021f598fa65c5c,MTB,M&T Bank Corporation,M&T Bank Corporation,EQUITY,NYQ,USD,322151400.0,0.0,2000-01-03,2024-12-31,Ticker metadata only; permanent historical identity unverified,
MTCH,https://query1.finance.yahoo.com/v8/finance/chart/MTCH?period1=946684800&period2=1735689600&interval=1d&events=div%2Csplits,available,6289,2026-09-10T13:55:05.164659+00:00,dd4ced808289cf03d1807433474e157d34dc2f8216f7ae5aa39d0abcde369435,MTCH,"Match Group, Inc.","Match Group, Inc.",EQUITY,NMS,USD,727453800.0,0.0,2000-01-03,2024-12-31,Ticker metadata only; permanent historical identity unverified,
MTD,https://query1.finance.yahoo.com/v8/finance/chart/MTD?period1=946684800&period2=1735689600&interval=1d&events=div%2Csplits,available,6289,2026-09-10T13:55:05.449220+00:00,8a310a67c92671766ea032a8dc96315f1b3102255a559edc20706b99da047542,MTD,Mettler-Toledo International Inc.,"Mettler-Toledo International, I",EQUITY,NYQ,USD,879517800.0,0.0,2000-01-03,2024-12-31,Ticker metadata only; permanent historical identity unverified,
MTG,https://query1.finance.yahoo.com/v8/finance/chart/MTG?period1=946684800&period2=1735689600&interval=1d&events=div%2Csplits,available,6289,2026-09-10T13:55:05.676535+00:00,3b49bb3ddf962bbc40c2f39b9f88252e08feaa6f5df748e64a7981518ce8ec77,MTG,MGIC Investment Corporation,MGIC Investment Corporation,EQUITY,NYQ,USD,681571800.0,0.0,2000-01-03,2024-12-31,Ticker metadata only; permanent historical identity unverified,
MTL,https://query1.finance.yahoo.com/v8/finance/chart/MTL?period1=946684800&period2=1735689600&interval=1d&events=div%2Csplits,failed,0,2026-09-10T13:55:05.977283+00:00,,,,,,,,,,,,,HTTPError: HTTP Error 404: Not Found
MTLQQ,https://query1.finance.yahoo.com/v8/finance/chart/MTLQQ?period1=946684800&period2=1735689600&interval=1d&events=div%2Csplits,failed,0,2026-09-10T13:55:06.095088+00:00,18eb1bf300ba7f68ef26bff322f865369218df6e872c433b0803c1a4676b9153,MTLQQ,,,MUTUALFUND,YHD,,,,,,,ValueError: Constituent request did not resolve to an equity
MTW,https://query1.finance.yahoo.com/v8/finance/chart/MTW?period1=946684800&period2=1735689600&interval=1d&events=div%2Csplits,available,6289,2026-09-10T13:55:06.218265+00:00,e11b185a3682d46e2d43db31315e7698a4e85035067a2e62a995fc29fc377b03,MTW,"The Manitowoc Company, Inc.","Manitowoc Company, Inc. (The)",EQUITY,NYQ,USD,638461800.0,0.0,2000-01-03,2024-12-31,Ticker metadata only; permanent historical identity unverified,
MU,https://query1.finance.yahoo.com/v8/finance/chart/MU?period1=946684800&period2=1735689600&interval=1d&events=div%2Csplits,available,6289,2026-09-10T13:55:06.638346+00:00,d9328bbfc1847918d942e5beba37ede40836fbced21522661ca7743a96e646cc,MU,"Micron Technology, Inc.","Micron Technology, Inc.",EQUITY,NMS,USD,454944600.0,0.0,2000-01-03,2024-12-31,Ticker metadata only; permanent historical identity unverified,
MUR,https://query1.finance.yahoo.com/v8/finance/chart/MUR?period1=946684800&period2=1735689600&interval=1d&events=div%2Csplits,available,6289,2026-09-10T13:55:06.929504+00:00,be968fbe88cc7345b7b59f0f490fdb1e1ae583eb070e71039d606f24546bdbd9,MUR,Murphy Oil Corporation,Murphy Oil Corporation,EQUITY,NYQ,USD,322151400.0,0.0,2000-01-03,2024-12-31,Ticker metadata only; permanent historical identity unverified,
MWI,https://query1.finance.yahoo.com/v8/finance/chart/MWI?period1=946684800&period2=1735689600&interval=1d&events=div%2Csplits,failed,0,2026-09-10T13:55:07.213416+00:00,a424ae0349f1abf3a582377d9eb72eae03740b3d7f9e4752db1e951b262f4ec8,MWI,,,MUTUALFUND,YHD,,1405949400.0,,,,,ValueError: Constituent request did not resolve to an equity
MWV,https://query1.finance.yahoo.com/v8/finance/chart/MWV?period1=946684800&period2=1735689600&interval=1d&events=div%2Csplits,failed,0,2026-09-10T13:55:07.333150+00:00,363f040c91ca76da5d6e249a1db02aeb49b81cc0ad2d256db4201ea7d6226f4e,MWV,,1037952,MUTUALFUND,YHD,,,,,,,ValueError: Constituent request did not resolve to an equity
MWW,https://query1.finance.yahoo.com/v8/finance/chart/MWW?period1=946684800&period2=1735689600&interval=1d&events=div%2Csplits,failed,0,2026-09-10T13:55:07.401837+00:00,6b68c8995ee79dce1aa27187580b090674b5c265356c6a8f97e3fdd28eda0f50,MWW,,,MUTUALFUND,YHD,,,,,,,ValueError: Constituent request did not resolve to an equity
MXIM,https://query1.finance.yahoo.com/v8/finance/chart/MXIM?period1=946684800&period2=1735689600&interval=1d&events=div%2Csplits,failed,0,2026-09-10T13:55:07.499352+00:00,,,,,,,,,,,,,HTTPError: HTTP Error 404: Not Found
MYG,https://query1.finance.yahoo.com/v8/finance/chart/MYG?period1=946684800&period2=1735689600&interval=1d&events=div%2Csplits,failed,0,2026-09-10T13:55:07.602026+00:00,0244a9336ecde8c00dca7ef03510cbe8b8d92f5973d7658c41162b6536023361,MYG,,2624456,MUTUALFUND,YHD,,,,,,,ValueError: Constituent request did not resolve to an equity
MYL,https://query1.finance.yahoo.com/v8/finance/chart/MYL?period1=946684800&period2=1735689600&interval=1d&events=div%2Csplits,failed,0,2026-09-10T13:55:07.890550+00:00,,,,,,,,,,,,,HTTPError: HTTP Error 404: Not Found
MZIAQ,https://query1.finance.yahoo.com/v8/finance/chart/MZIAQ?period1=946684800&period2=1735689600&interval=1d&events=div%2Csplits,failed,0,2026-09-10T13:55:07.966263+00:00,,,,,,,,,,,,,HTTPError: HTTP Error 404: Not Found
NAE,https://query1.finance.yahoo.com/v8/finance/chart/NAE?period1=946684800&period2=1735689600&interval=1d&events=div%2Csplits,failed,0,2026-09-10T13:55:08.017617+00:00,1cbbbbb468c341877ed153ce7acfc66711a822b8091d9eaaee9fe6c25876be7a,NAE,,,ECNQUOTE,NMS,,,,,,,ValueError: Constituent request did not resolve to an equity
NAV,https://query1.finance.yahoo.com/v8/finance/chart/NAV?period1=946684800&period2=1735689600&interval=1d&events=div%2Csplits,failed,0,2026-09-10T13:55:08.088995+00:00,,,,,,,,,,,,,HTTPError: HTTP Error 404: Not Found
NAVI,https://query1.finance.yahoo.com/v8/finance/chart/NAVI?period1=946684800&period2=1735689600&interval=1d&events=div%2Csplits,available,2695,2026-09-10T13:55:08.548984+00:00,d5344f0fc64630921091f35a8668db527c9cdcd6e430e79e5ca848e13d22054b,NAVI,Navient Corporation,Navient Corporation,EQUITY,NMS,USD,1397741400.0,0.0,2014-04-17,2024-12-31,Ticker metadata only; permanent historical identity unverified,
NBL,https://query1.finance.yahoo.com/v8/finance/chart/NBL?period1=946684800&period2=1735689600&interval=1d&events=div%2Csplits,failed,0,2026-09-10T13:55:08.860420+00:00,,,,,,,,,,,,,HTTPError: HTTP Error 404: Not Found
NBR,https://query1.finance.yahoo.com/v8/finance/chart/NBR?period1=946684800&period2=1735689600&interval=1d&events=div%2Csplits,available,6289,2026-09-10T13:55:08.928587+00:00,f3f9922c34b4b2b437319efa15db7fcc50b2e28cac3375d4beb586d30ac4019d,NBR,Nabors Industries Ltd.,Nabors Industries Ltd.,EQUITY,NYQ,USD,99153000.0,0.0,2000-01-03,2024-12-31,Ticker metadata only; permanent historical identity unverified,
NC,https://query1.finance.yahoo.com/v8/finance/chart/NC?period1=946684800&period2=1735689600&interval=1d&events=div%2Csplits,available,6289,2026-09-10T13:55:09.138914+00:00,e7f225fed891da76686d9911072c0420ccae7105ebacef861d490b2ea056d6d9,NC,"NACCO Industries, Inc.","NACCO Industries, Inc.",EQUITY,NYQ,USD,235402200.0,0.0,2000-01-03,2024-12-31,Ticker metadata only; permanent historical identity unverified,
NCC,https://query1.finance.yahoo.com/v8/finance/chart/NCC?period1=946684800&period2=1735689600&interval=1d&events=div%2Csplits,failed,0,2026-09-10T13:55:09.514549+00:00,b14f81ec9b1888d5aff7aaab0e0ceda4c52cfed41d92ebe3179865ba2ff4f74d,NCC,,2030698,MUTUALFUND,YHD,,1336051800.0,,,,,ValueError: Constituent request did not resolve to an equity
NCE,https://query1.finance.yahoo.com/v8/finance/chart/NCE?period1=946684800&period2=1735689600&interval=1d&events=div%2Csplits,failed,0,2026-09-10T13:55:09.676240+00:00,118b67b564e0b7f577b605162630134479402810e8cce2154e8b4ad03914be8e,NCE,,,MUTUALFUND,YHD,,1231165800.0,,,,,ValueError: Constituent request did not resolve to an equity
NCLH,https://query1.finance.yahoo.com/v8/finance/chart/NCLH?period1=946684800&period2=1735689600&interval=1d&events=div%2Csplits,available,3008,2026-09-10T13:55:09.861244+00:00,909076cfd234a3ff247c00c8affd4d7f8c9946598defdeaf0eb79186aea98455,NCLH,Norwegian Cruise Line Holdings Ltd.,Norwegian Cruise Line Holdings ,EQUITY,NYQ,USD,1358519400.0,0.0,2013-01-18,2024-12-31,Ticker metadata only; permanent historical identity unverified,
NCR,https://query1.finance.yahoo.com/v8/finance/chart/NCR?period1=946684800&period2=1735689600&interval=1d&events=div%2Csplits,failed,0,2026-09-10T13:55:10.122626+00:00,,,,,,,,,,,,,HTTPError: HTTP Error 404: Not Found
NDAQ,https://query1.finance.yahoo.com/v8/finance/chart/NDAQ?period1=946684800&period2=1735689600&interval=1d&events=div%2Csplits,available,5665,2026-09-10T13:55:10.212248+00:00,072d1fcc9353a5bf2a0e0f49bb1788d75e4837ce733477c65a233911f6b5e221,NDAQ,"Nasdaq, Inc.","Nasdaq, Inc.",EQUITY,NMS,USD,1025530200.0,0.0,2002-07-01,2024-12-31,Ticker metadata only; permanent historical identity unverified,
NDSN,https://query1.finance.yahoo.com/v8/finance/chart/NDSN?period1=946684800&period2=1735689600&interval=1d&events=div%2Csplits,available,6289,2026-09-10T13:55:10.490535+00:00,d3b6904e6360bfadef6df59d58f53798b7a1973093049136ccd7fe997a6c6fcb,NDSN,Nordson Corporation,Nordson Corporation,EQUITY,NMS,USD,322237800.0,0.0,2000-01-03,2024-12-31,Ticker metadata only; permanent historical identity unverified,
NE,https://query1.finance.yahoo.com/v8/finance/chart/NE?period1=946684800&period2=1735689600&interval=1d&events=div%2Csplits,available,897,2026-09-10T13:55:10.773535+00:00,f891cd09603174e1f3cfce80ab0c828dbe0d853eba0777023d5407e2d9bc334b,NE,Noble Corporation plc,Noble Corporation plc A,EQUITY,NYQ,USD,1623245400.0,0.0,2021-06-09,2024-12-31,Ticker metadata only; permanent historical identity unverified,
NEE,https://query1.finance.yahoo.com/v8/finance/chart/NEE?period1=946684800&period2=1735689600&interval=1d&events=div%2Csplits,available,6289,2026-09-10T13:55:10.903147+00:00,2c5ce0e89938ab00a155c5ae55484746c4f6080eeb78cb5844ea4057e37d7b29,NEE,"NextEra Energy, Inc.","NextEra Energy, Inc.",EQUITY,NYQ,USD,99153000.0,0.0,2000-01-03,2024-12-31,Ticker metadata only; permanent historical identity unverified,
NEM,https://query1.finance.yahoo.com/v8/finance/chart/NEM?period1=946684800&period2=1735689600&interval=1d&events=div%2Csplits,available,6289,2026-09-10T13:55:11.217987+00:00,b44a6f0f1c023f9c3f3f0ce1245ec0474dab80447a814b49267255ad717466c8,NEM,Newmont Corporation,Newmont Corporation,EQUITY,NYQ,USD,322151400.0,0.0,2000-01-03,2024-12-31,Ticker metadata only; permanent historical identity unverified,
NFB,https://query1.finance.yahoo.com/v8/finance/chart/NFB?period1=946684800&period2=1735689600&interval=1d&events=div%2Csplits,failed,0,2026-09-10T13:55:11.491322+00:00,27435f96db05e666be10c68cfc6842855fe37d3d978c73f632ba36384c7fccc5,NFB,,2017504,MUTUALFUND,YHD,,,,,,,ValueError: Constituent request did not resolve to an equity
NFLX,https://query1.finance.yahoo.com/v8/finance/chart/NFLX?period1=946684800&period2=1735689600&interval=1d&events=div%2Csplits,available,5691,2026-09-10T13:55:11.555753+00:00,4474fc016264459b9ad443ec6649cab97687f01f01264f45776874e6a18f8401,NFLX,"Netflix, Inc.","Netflix, Inc.",EQUITY,NMS,USD,1022160600.0,0.0,2002-05-23,2024-12-31,Ticker metadata only; permanent historical identity unverified,
NFX,https://query1.finance.yahoo.com/v8/finance/chart/NFX?period1=946684800&period2=1735689600&interval=1d&events=div%2Csplits,failed,0,2026-09-10T13:55:11.763335+00:00,,,,,,,,,,,,,HTTPError: HTTP Error 400: Bad Request
NGH,https://query1.finance.yahoo.com/v8/finance/chart/NGH?period1=946684800&period2=1735689600&interval=1d&events=div%2Csplits,failed,0,2026-09-10T13:55:11.822289+00:00,a186fb9c6f9b9c623c43d3bf7a6c3b5c46aa0b176b5b71e81555958fec420be0,NGH,,,MUTUALFUND,YHD,,1103121000.0,,,,,ValueError: Constituent request did not resolve to an equity
NI,https://query1.finance.yahoo.com/v8/finance/chart/NI?period1=946684800&period2=1735689600&interval=1d&events=div%2Csplits,available,6289,2026-09-10T13:55:11.950697+00:00,e0c18a2f7bff9354b5aa73061c006c0cdae5bea50ac3138505173728d94a8db9,NI,NiSource Inc.,NiSource Inc,EQUITY,NYQ,USD,99153000.0,0.0,2000-01-03,2024-12-31,Ticker metadata only; permanent historical identity unverified,
NKE,https://query1.finance.yahoo.com/v8/finance/chart/NKE?period1=946684800&period2=1735689600&interval=1d&events=div%2Csplits,available,6289,2026-09-10T13:55:12.319073+00:00,19f850ba1c5d18436980af49debe36b344641bc5abf7d80d70023ee12478bcea,NKE,"NIKE, Inc.","Nike, Inc.",EQUITY,NYQ,USD,344615400.0,0.0,2000-01-03,2024-12-31,Ticker metadata only; permanent historical identity unverified,
NKTR,https://query1.finance.yahoo.com/v8/finance/chart/NKTR?period1=946684800&period2=1735689600&interval=1d&events=div%2Csplits,available,6289,2026-09-10T13:55:12.635180+00:00,0d83f85e47833f1208151e338a5aac0029e69cf48dd8cf9db486f96bd09191dd,NKTR,Nektar Therapeutics,Nektar Therapeutics,EQUITY,NCM,USD,767971800.0,0.0,2000-01-03,2024-12-31,Ticker metadata only; permanent historical identity unverified,
NLC,https://query1.finance.yahoo.com/v8/finance/chart/NLC?period1=946684800&period2=1735689600&interval=1d&events=div%2Csplits,failed,0,2026-09-10T13:55:12.859763+00:00,00a6f6342e561438b0184b4e3c17cbc364097abc2521b7bce948b5cecbcf7edf,NLC,,251382,MUTUALFUND,YHD,,1387204200.0,,,,,ValueError: Constituent request did not resolve to an equity
NLOK,https://query1.finance.yahoo.com/v8/finance/chart/NLOK?period1=946684800&period2=1735689600&interval=1d&events=div%2Csplits,failed,0,2026-09-10T13:55:12.920917+00:00,,,,,,,,,,,,,HTTPError: HTTP Error 404: Not Found
NLSN,https://query1.finance.yahoo.com/v8/finance/chart/NLSN?period1=946684800&period2=1735689600&interval=1d&events=div%2Csplits,failed,0,2026-09-10T13:55:12.984380+00:00,,,,,,,,,,,,,HTTPError: HTTP Error 404: Not Found
NLV,https://query1.finance.yahoo.com/v8/finance/chart/NLV?period1=946684800&period2=1735689600&interval=1d&events=div%2Csplits,failed,0,2026-09-10T13:55:13.040961+00:00,702e5850511632e491c181c91b023c4057a753f8336f7bbd2eadb08eb91b5e54,NLV,,,ECNQUOTE,NMS,,1173879000.0,,,,,ValueError: Constituent request did not resolve to an equity
NMK,https://query1.finance.yahoo.com/v8/finance/chart/NMK?period1=946684800&period2=1735689600&interval=1d&events=div%2Csplits,failed,0,2026-09-10T13:55:13.303922+00:00,e1cccd1aeaaed3c97902456bbd18f91a9ff2443e9d4eef3ceaa4a80132028ced,NMK,,,MUTUALFUND,YHD,,315671400.0,,,,,ValueError: Constituent request did not resolve to an equity
NOC,https://query1.finance.yahoo.com/v8/finance/chart/NOC?period1=946684800&period2=1735689600&interval=1d&events=div%2Csplits,available,6289,2026-09-10T13:55:13.488492+00:00,28a63c1fdce221b1bd4427fce76c70327430661ba200485edfc314bc0f2a5839,NOC,Northrop Grumman Corporation,Northrop Grumman Corporation,EQUITY,NYQ,USD,378657000.0,0.0,2000-01-03,2024-12-31,Ticker metadata only; permanent historical identity unverified,
NOV,https://query1.finance.yahoo.com/v8/finance/chart/NOV?period1=946684800&period2=1735689600&interval=1d&events=div%2Csplits,available,6289,2026-09-10T13:55:14.061992+00:00,dc822a92c37d26291fdc3c2a9f04a5f7bdafe74431bc687b5fbe8f31a65e36d3,NOV,NOV Inc.,NOV Inc.,EQUITY,NYQ,USD,846599400.0,0.0,2000-01-03,2024-12-31,Ticker metadata only; permanent historical identity unverified,
NOVL,https://query1.finance.yahoo.com/v8/finance/chart/NOVL?period1=946684800&period2=1735689600&interval=1d&events=div%2Csplits,failed,0,2026-09-10T13:55:14.335935+00:00,375761d58c20f900184be30f00c818a6cb5114ecf10be3dbb51dd00c2d5c01ac,NOVL,,9463123,MUTUALFUND,YHD,,,,,,,ValueError: Constituent request did not resolve to an equity
NOW,https://query1.finance.yahoo.com/v8/finance/chart/NOW?period1=946684800&period2=1735689600&interval=1d&events=div%2Csplits,available,3146,2026-09-10T13:55:14.406217+00:00,512ca439e892f22b6f16553cff42e1b9b6cd054b5781bbf3b08e5edcc08248d5,NOW,"ServiceNow, Inc.","ServiceNow, Inc.",EQUITY,NYQ,USD,1340976600.0,0.0,2012-06-29,2024-12-31,Ticker metadata only; permanent historical identity unverified,
NRG,https://query1.finance.yahoo.com/v8/finance/chart/NRG?period1=946684800&period2=1735689600&interval=1d&events=div%2Csplits,available,5306,2026-09-10T13:55:14.564174+00:00,d41e18ff009ca50ad9d158cbcddef258a45064c3e6a22f39693997c9905e4758,NRG,"NRG Energy, Inc.","NRG Energy, Inc.",EQUITY,NYQ,USD,1070375400.0,0.0,2003-12-02,2024-12-31,Ticker metadata only; permanent historical identity unverified,
NRTLQ,https://query1.finance.yahoo.com/v8/finance/chart/NRTLQ?period1=946684800&period2=1735689600&interval=1d&events=div%2Csplits,failed,0,2026-09-10T13:55:14.820848+00:00,,,,,,,,,,,,,HTTPError: HTTP Error 404: Not Found
NSC,https://query1.finance.yahoo.com/v8/finance/chart/NSC?period1=946684800&period2=1735689600&interval=1d&events=div%2Csplits,available,6289,2026-09-10T13:55:14.897312+00:00,6bc3d7b1b1e2b42a28da643fc997754b0bcb1fe6867006fac1cee1ed685f0482,NSC,Norfolk Southern Corporation,Norfolk Southern Corporation,EQUITY,NYQ,USD,391872600.0,0.0,2000-01-03,2024-12-31,Ticker metadata only; permanent historical identity unverified,
NSI,https://query1.finance.yahoo.com/v8/finance/chart/NSI?period1=946684800&period2=1735689600&interval=1d&events=div%2Csplits,failed,0,2026-09-10T13:55:15.195921+00:00,433d5a6d45f529bf57226b26b78663bc1007f7c00b6dc376d005d6edbaa04c3e,NSI,National Security Emerging Markets Index ETF,National Security Emerging Mark,ETF,NGM,USD,1701959400.0,,,,,ValueError: Constituent request did not resolve to an equity
NSM,https://query1.finance.yahoo.com/v8/finance/chart/NSM?period1=946684800&period2=1735689600&interval=1d&events=div%2Csplits,failed,0,2026-09-10T13:55:15.303279+00:00,12f448319f2e5aeeb975f6515b545345754daf78b6bcb5691f85e78f4837c620,NSM,Nationstar Mortgage Holdings Inc.,4205823,MUTUALFUND,YHD,,1331217000.0,,,,,ValueError: Constituent request did not resolve to an equity
NTAP,https://query1.finance.yahoo.com/v8/finance/chart/NTAP?period1=946684800&period2=1735689600&interval=1d&events=div%2Csplits,available,6289,2026-09-10T13:55:15.464691+00:00,00ff7262607c7595f40d9c39d156e3b6cdbe96d384d743352d9d87a11fb6c452,NTAP,"NetApp, Inc.","NetApp, Inc.",EQUITY,NMS,USD,816964200.0,0.0,2000-01-03,2024-12-31,Ticker metadata only; permanent historical identity unverified,
NTRS,https://query1.finance.yahoo.com/v8/finance/chart/NTRS?period1=946684800&period2=1735689600&interval=1d&events=div%2Csplits,available,6289,2026-09-10T13:55:15.954124+00:00,fd3d005f70c6b2267b0f63502a720eceb652c64ca979ce989159aa8131e1fe21,NTRS,Northern Trust Corporation,Northern Trust Corporation,EQUITY,NMS,USD,322151400.0,0.0,2000-01-03,2024-12-31,Ticker metadata only; permanent historical identity unverified,
NUE,https://query1.finance.yahoo.com/v8/finance/chart/NUE?period1=946684800&period2=1735689600&interval=1d&events=div%2Csplits,available,6289,2026-09-10T13:55:16.207475+00:00,a2565679df9c837702400a4c88efe426495e394f595ed97a4d51b434963e23a1,NUE,Nucor Corporation,Nucor Corporation,EQUITY,NYQ,USD,322151400.0,0.0,2000-01-03,2024-12-31,Ticker metadata only; permanent historical identity unverified,
NVDA,https://query1.finance.yahoo.com/v8/finance/chart/NVDA?period1=946684800&period2=1735689600&interval=1d&events=div%2Csplits,available,6289,2026-09-10T13:55:16.495033+00:00,c51d5ee2e00e88d271077f22aede8f887c60c340af42ab1b62cd63310642ff7a,NVDA,NVIDIA Corporation,NVIDIA Corporation,EQUITY,NMS,USD,917015400.0,0.0,2000-01-03,2024-12-31,Ticker metadata only; permanent historical identity unverified,
NVLS,https://query1.finance.yahoo.com/v8/finance/chart/NVLS?period1=946684800&period2=1735689600&interval=1d&events=div%2Csplits,failed,0,2026-09-10T13:55:16.798123+00:00,e4114082daac7adfa9a75732df3824814bad1ded5830160cadbcb086bdbbc528,NVLS,,3735843,MUTUALFUND,YHD,,,,,,,ValueError: Constituent request did not resolve to an equity
NVR,https://query1.finance.yahoo.com/v8/finance/chart/NVR?period1=946684800&period2=1735689600&interval=1d&events=div%2Csplits,available,6289,2026-09-10T13:55:17.625168+00:00,4b221595c1ea1f675f53cbac525e41e00260182b00a4bd243ace4c6fe827b2da,NVR,"NVR, Inc.","NVR, Inc.",EQUITY,NYQ,USD,490887000.0,0.0,2000-01-03,2024-12-31,Ticker metadata only; permanent historical identity unverified,
NWL,https://query1.finance.yahoo.com/v8/finance/chart/NWL?period1=946684800&period2=1735689600&interval=1d&events=div%2Csplits,available,6289,2026-09-10T13:55:18.025397+00:00,ea0382f2441bba73253ed3b544ef3fecf4c6d808c99153616293c0deffbbc2dc,NWL,Newell Brands Inc.,Newell Brands Inc.,EQUITY,NMS,USD,322151400.0,0.0,2000-01-03,2024-12-31,Ticker metadata only; permanent historical identity unverified,
NWS,https://query1.finance.yahoo.com/v8/finance/chart/NWS?period1=946684800&period2=1735689600&interval=1d&events=div%2Csplits,available,2904,2026-09-10T13:55:18.321742+00:00,07dcec5619c15cfc05c7c837c8bff5ef4451163164a5f7c2e43befe9233a5692,NWS,News Corporation,News Corporation,EQUITY,NMS,USD,1371648600.0,0.0,2013-06-19,2024-12-31,Ticker metadata only; permanent historical identity unverified,
NWSA,https://query1.finance.yahoo.com/v8/finance/chart/NWSA?period1=946684800&period2=1735689600&interval=1d&events=div%2Csplits,available,2904,2026-09-10T13:55:18.521337+00:00,854eca1df98df6f62ad6a5a4ff9d786f6448ef5f894f9c62382af04071ca156e,NWSA,News Corporation,News Corporation,EQUITY,NMS,USD,1371648600.0,0.0,2013-06-19,2024-12-31,Ticker metadata only; permanent historical identity unverified,
NXPI,https://query1.finance.yahoo.com/v8/finance/chart/NXPI?period1=946684800&period2=1735689600&interval=1d&events=div%2Csplits,available,3625,2026-09-10T13:55:18.702474+00:00,b739297067572fbc4c992bc00a4b601a3d246f9d905ed312c2c09be12ab65ee9,NXPI,NXP Semiconductors N.V.,NXP Semiconductors N.V.,EQUITY,NMS,USD,1281101400.0,0.0,2010-08-06,2024-12-31,Ticker metadata only; permanent historical identity unverified,
NXTL,https://query1.finance.yahoo.com/v8/finance/chart/NXTL?period1=946684800&period2=1735689600&interval=1d&events=div%2Csplits,failed,0,2026-09-10T13:55:18.896927+00:00,2dd283662b40a845f685d9d61b9318284fc619ecad2e380b140fc8ee56538b26,NXTL,,9912483,MUTUALFUND,YHD,,,,,,,ValueError: Constituent request did not resolve to an equity
NYN,https://query1.finance.yahoo.com/v8/finance/chart/NYN?period1=946684800&period2=1735689600&interval=1d&events=div%2Csplits,failed,0,2026-09-10T13:55:18.992136+00:00,b9b8c498ee43f7effef5024d06c4a05a5a0b49c544d5a00ec385327b2eec81c8,NYN,,,ECNQUOTE,NMS,,,,,,,ValueError: Constituent request did not resolve to an equity
NYT,https://query1.finance.yahoo.com/v8/finance/chart/NYT?period1=946684800&period2=1735689600&interval=1d&events=div%2Csplits,available,6289,2026-09-10T13:55:19.059406+00:00,3cb43faff893d8a67473291cbb9228e98a78591bfe9adf645fbb191804b92c82,NYT,The New York Times Company,New York Times Company (The),EQUITY,NYQ,USD,105283800.0,0.0,2000-01-03,2024-12-31,Ticker metadata only; permanent historical identity unverified,
NYX,https://query1.finance.yahoo.com/v8/finance/chart/NYX?period1=946684800&period2=1735689600&interval=1d&events=div%2Csplits,failed,0,2026-09-10T13:55:19.368721+00:00,64a583300539aef77086034e33118bf854d77b7d09624f1a4aed63dc32a5df50,NYX,"NYIAX, Inc. Common Stock","NYIAX, Inc. Common Stock",EQUITY,NAS,,,,,,,KeyError: 'timestamp'
O,https://query1.finance.yahoo.com/v8/finance/chart/O?period1=946684800&period2=1735689600&interval=1d&events=div%2Csplits,available,6289,2026-09-10T13:55:19.454122+00:00,2222311da4b39affcb1dd4ff7efad00c9aa7656f8f2aa0cb643fbd0fc92b8eec,O,Realty Income Corporation,Realty Income Corporation,EQUITY,NYQ,USD,782487000.0,0.0,2000-01-03,2024-12-31,Ticker metadata only; permanent historical identity unverified,
OAT,https://query1.finance.yahoo.com/v8/finance/chart/OAT?period1=946684800&period2=1735689600&interval=1d&events=div%2Csplits,failed,0,2026-09-10T13:55:19.815753+00:00,7ad84b0b561a0427e3900a3f6da6e7c893d72f996cfcc86597dac0bff1d2bfe0,OAT,,,MUTUALFUND,YHD,,,,,,,ValueError: Constituent request did not resolve to an equity
ODFL,https://query1.finance.yahoo.com/v8/finance/chart/ODFL?period1=946684800&period2=1735689600&interval=1d&events=div%2Csplits,available,6289,2026-09-10T13:55:19.895356+00:00,66df61b5a7de5cca8173978c0e84afb843a83eddb793301507e90976d4e0bdd0,ODFL,"Old Dominion Freight Line, Inc.","Old Dominion Freight Line, Inc.",EQUITY,NMS,USD,688311000.0,0.0,2000-01-03,2024-12-31,Ticker metadata only; permanent historical identity unverified,
ODP,https://query1.finance.yahoo.com/v8/finance/chart/ODP?period1=946684800&period2=1735689600&interval=1d&events=div%2Csplits,failed,0,2026-09-10T13:55:20.477906+00:00,,,,,,,,,,,,,HTTPError: HTTP Error 404: Not Found
OGN,https://query1.finance.yahoo.com/v8/finance/chart/OGN?period1=946684800&period2=1735689600&interval=1d&events=div%2Csplits,available,914,2026-09-10T13:55:20.572732+00:00,9f00b392cfc0da017e39e7f2ba33de13262f55c98866354ed5d060f3670c3cc9,OGN,Organon & Co.,Organon & Co.,EQUITY,NYQ,USD,1620999000.0,0.0,2021-05-14,2024-12-31,Ticker metadata only; permanent historical identity unverified,
OI,https://query1.finance.yahoo.com/v8/finance/chart/OI?period1=946684800&period2=1735689600&interval=1d&events=div%2Csplits,available,6289,2026-09-10T13:55:28.037998+00:00,67cdc0ed20a838358d16546bdfeabe3d8a312185e2ee4d1b5b27093c92dc871b,OI,"O-I Glass, Inc.","O-I Glass, Inc.",EQUITY,NYQ,USD,692461800.0,0.0,2000-01-03,2024-12-31,Ticker metadata only; permanent historical identity unverified,
OK,https://query1.finance.yahoo.com/v8/finance/chart/OK?period1=946684800&period2=1735689600&interval=1d&events=div%2Csplits,failed,0,2026-09-10T13:55:28.299058+00:00,bd986545534a2c981de04d24a91ea3002e6ac7c57e73f0fef4a5b9e324b570c3,OK,,,MUTUALFUND,YHD,,1234189800.0,,,,,ValueError: Constituent request did not resolve to an equity
OKE,https://query1.finance.yahoo.com/v8/finance/chart/OKE?period1=946684800&period2=1735689600&interval=1d&events=div%2Csplits,available,6289,2026-09-10T13:55:28.498046+00:00,63c71a203bb2688bfa1547bd3e3ceb86628724b60176f56fe1eb25f6e8027aa9,OKE,"ONEOK, Inc.","ONEOK, Inc.",EQUITY,NYQ,USD,339255000.0,0.0,2000-01-03,2024-12-31,Ticker metadata only; permanent historical identity unverified,
OM,https://query1.finance.yahoo.com/v8/finance/chart/OM?period1=946684800&period2=1735689600&interval=1d&events=div%2Csplits,available,1081,2026-09-10T13:55:28.903884+00:00,65f20949a3d8abc3f9ef6b704308c89c586190a565a1390b7d7f59b6fd27b9be,OM,"Outset Medical, Inc.","Outset Medical, Inc.",EQUITY,NMS,USD,1600176600.0,0.0,2020-09-15,2024-12-31,Ticker metadata only; permanent historical identity unverified,
OMC,https://query1.finance.yahoo.com/v8/finance/chart/OMC?period1=946684800&period2=1735689600&interval=1d&events=div%2Csplits,available,6289,2026-09-10T13:55:29.049872+00:00,811bad3b893c54d6913f72fbcd84ca1a9389f2014ce31e73f4bad201b804fee5,OMC,Omnicom Group Inc.,Omnicom Group Inc.,EQUITY,NYQ,USD,322151400.0,0.0,2000-01-03,2024-12-31,Ticker metadata only; permanent historical identity unverified,
OMX,https://query1.finance.yahoo.com/v8/finance/chart/OMX?period1=946684800&period2=1735689600&interval=1d&events=div%2Csplits,failed,0,2026-09-10T13:55:29.541517+00:00,10163fd45f7b2dacf34f020b9de3929ac5b2f91d0eeb456170011c57e041eb8f,OMX,,1754959,MUTUALFUND,YHD,,76253400.0,,,,,ValueError: Constituent request did not resolve to an equity
ON,https://query1.finance.yahoo.com/v8/finance/chart/ON?period1=946684800&period2=1735689600&interval=1d&events=div%2Csplits,available,6206,2026-09-10T13:55:29.641027+00:00,9ebf8177dfa6727f21277153cd64952ffaaf9b706d541312246372b057fb81fc,ON,ON Semiconductor Corporation,ON Semiconductor Corporation,EQUITY,NMS,USD,957274200.0,0.0,2000-05-02,2024-12-31,Ticker metadata only; permanent historical identity unverified,
ONE,https://query1.finance.yahoo.com/v8/finance/chart/ONE?period1=946684800&period2=1735689600&interval=1d&events=div%2Csplits,failed,0,2026-09-10T13:55:29.922449+00:00,,,,,,,,,,,,,HTTPError: HTTP Error 404: Not Found
ORCL,https://query1.finance.yahoo.com/v8/finance/chart/ORCL?period1=946684800&period2=1735689600&interval=1d&events=div%2Csplits,available,6289,2026-09-10T13:55:30.000966+00:00,c0f20d6c99c818900192416c8317ff0ecc3ec02e32acd4139cf0f67d67f30a35,ORCL,Oracle Corporation,Oracle Corporation,EQUITY,NYQ,USD,511021800.0,0.0,2000-01-03,2024-12-31,Ticker metadata only; permanent historical identity unverified,
ORLY,https://query1.finance.yahoo.com/v8/finance/chart/ORLY?period1=946684800&period2=1735689600&interval=1d&events=div%2Csplits,available,6289,2026-09-10T13:55:30.241734+00:00,2bca1a75311468c370f54b1e0fe96ff7c3f0fd76661485a0d355a0168ceb6639,ORLY,"O'Reilly Automotive, Inc.","O'Reilly Automotive, Inc.",EQUITY,NMS,USD,735571800.0,0.0,2000-01-03,2024-12-31,Ticker metadata only; permanent historical identity unverified,
ORX,https://query1.finance.yahoo.com/v8/finance/chart/ORX?period1=946684800&period2=1735689600&interval=1d&events=div%2Csplits,failed,0,2026-09-10T13:55:30.471900+00:00,895f0274e3372ba98fa6a78f867680d94dbe2f032646a19d4dad522717948be4,ORX,,,MUTUALFUND,YHD,,1356013800.0,,,,,ValueError: Constituent request did not resolve to an equity
OTIS,https://query1.finance.yahoo.com/v8/finance/chart/OTIS?period1=946684800&period2=1735689600&interval=1d&events=div%2Csplits,available,1205,2026-09-10T13:55:30.595860+00:00,9061ebee8134fab4538d5396aed2ecb027d89f347374050674695b5a8fae6d8f,OTIS,Otis Worldwide Corporation,Otis Worldwide Corporation,EQUITY,NYQ,USD,1584624600.0,0.0,2020-03-19,2024-12-31,Ticker metadata only; permanent historical identity unverified,
OWENQ,https://query1.finance.yahoo.com/v8/finance/chart/OWENQ?period1=946684800&period2=1735689600&interval=1d&events=div%2Csplits,failed,0,2026-09-10T13:55:30.751498+00:00,c1cb0761dfcd50b12ab22a0bd2a6b70050c00b364ac31ee20e12fcdc13724371,OWENQ,,1392480,MUTUALFUND,YHD,,,,,,,ValueError: Constituent request did not resolve to an equity
OXY,https://query1.finance.yahoo.com/v8/finance/chart/OXY?period1=946684800&period2=1735689600&interval=1d&events=div%2Csplits,available,6289,2026-09-10T13:55:30.817989+00:00,ce9347b44f5cd6a0b28502656328dd0933a124ae9016b79e02118680f8ff3f69,OXY,Occidental Petroleum Corporation,Occidental Petroleum Corporatio,EQUITY,NYQ,USD,378657000.0,0.0,2000-01-03,2024-12-31,Ticker metadata only; permanent historical identity unverified,
PAC,https://query1.finance.yahoo.com/v8/finance/chart/PAC?period1=946684800&period2=1735689600&interval=1d&events=div%2Csplits,available,4744,2026-09-10T13:55:31.119723+00:00,8b53e7db75b320e129b46176643aa65779cad7d7034fd54ddd8a6fc102225b29,PAC,"Grupo Aeroportuario del Pacífico, S.A.B. de C.V.",Grupo Aeroportuario Del Pacific,EQUITY,NYQ,USD,1141050600.0,0.0,2006-02-27,2024-12-31,Ticker metadata only; permanent historical identity unverified,
PALM,https://query1.finance.yahoo.com/v8/finance/chart/PALM?period1=946684800&period2=1735689600&interval=1d&events=div%2Csplits,failed,0,2026-09-10T13:55:31.409467+00:00,31119e7349801851be737711130c514079af8642f7cc6f3f2958f7678cd16ac8,PALM,,,MUTUALFUND,YHD,,1419258600.0,,,,,ValueError: Constituent request did not resolve to an equity
PANW,https://query1.finance.yahoo.com/v8/finance/chart/PANW?period1=946684800&period2=1735689600&interval=1d&events=div%2Csplits,available,3132,2026-09-10T13:55:31.530435+00:00,c315adab74fe65880cc88ea516f978d3dbff8b731e240a03ca9cef733f0cd642,PANW,"Palo Alto Networks, Inc.","Palo Alto Networks, Inc.",EQUITY,NMS,USD,1342791000.0,0.0,2012-07-20,2024-12-31,Ticker metadata only; permanent historical identity unverified,
PARA,https://query1.finance.yahoo.com/v8/finance/chart/PARA?period1=946684800&period2=1735689600&interval=1d&events=div%2Csplits,available,977,2026-09-10T13:55:31.735064+00:00,213c92a4c04e7501131672584804135fe3f6205f7e9979f4c21324ce3ca5fe6e,PARA,"Banzai International, Inc.","Banzai International, Inc.",EQUITY,NCM,USD,1613140200.0,0.0,2021-02-12,2024-12-31,Ticker metadata only; permanent historical identity unverified,
PAS,https://query1.finance.yahoo.com/v8/finance/chart/PAS?period1=946684800&period2=1735689600&interval=1d&events=div%2Csplits,failed,0,2026-09-10T13:55:31.839301+00:00,16bdc083dfc6305f8964b0d87631533288ef3fa0b290c74da948fbae49fb4df7,PAS,,363529,MUTUALFUND,YHD,,1336397400.0,,,,,ValueError: Constituent request did not resolve to an equity
PAYC,https://query1.finance.yahoo.com/v8/finance/chart/PAYC?period1=946684800&period2=1735689600&interval=1d&events=div%2Csplits,available,2697,2026-09-10T13:55:31.951731+00:00,02fd598df11146004819144871bab05454441f36ec755069cf94bcd57668ef72,PAYC,"Paycom Software, Inc.","Paycom Software, Inc.",EQUITY,NYQ,USD,1397568600.0,0.0,2014-04-15,2024-12-31,Ticker metadata only; permanent historical identity unverified,
PAYX,https://query1.finance.yahoo.com/v8/finance/chart/PAYX?period1=946684800&period2=1735689600&interval=1d&events=div%2Csplits,available,6289,2026-09-10T13:55:32.106011+00:00,e0bb5524595c35e10f4721827012a6c58472a4477511036fa6bcdc1dc5f151d9,PAYX,"Paychex, Inc.","Paychex, Inc.",EQUITY,NMS,USD,430752600.0,0.0,2000-01-03,2024-12-31,Ticker metadata only; permanent historical identity unverified,
PBCT,https://query1.finance.yahoo.com/v8/finance/chart/PBCT?period1=946684800&period2=1735689600&interval=1d&events=div%2Csplits,failed,0,2026-09-10T13:55:32.408998+00:00,,,,,,,,,,,,,HTTPError: HTTP Error 404: Not Found
PBG,https://query1.finance.yahoo.com/v8/finance/chart/PBG?period1=946684800&period2=1735689600&interval=1d&events=div%2Csplits,failed,0,2026-09-10T13:55:32.487597+00:00,7173adef85c2f3afb03fe1612d6f60db9d7d370f35b45216c0f2d39e71d37d87,PBG,,1090313,MUTUALFUND,YHD,,1091539800.0,,,,,ValueError: Constituent request did not resolve to an equity
PBI,https://query1.finance.yahoo.com/v8/finance/chart/PBI?period1=946684800&period2=1735689600&interval=1d&events=div%2Csplits,available,6289,2026-09-10T13:55:38.547563+00:00,e6d6764fb7cd4c80c467e0a35a598f8f2cc041cf4164d87382dd215ba130fc09,PBI,Pitney Bowes Inc.,Pitney Bowes Inc.,EQUITY,NYQ,USD,76253400.0,0.0,2000-01-03,2024-12-31,Ticker metadata only; permanent historical identity unverified,
PBY,https://query1.finance.yahoo.com/v8/finance/chart/PBY?period1=946684800&period2=1735689600&interval=1d&events=div%2Csplits,failed,0,2026-09-10T13:55:38.911227+00:00,bd24b55b0c199a131c84f081126bb475417177b17e5e66c398157cfa5b23f785,PBY,Prospect Capital Corporation,Prospect Capital Corporation 6.,ETF,NYQ,USD,1529328600.0,,,,,ValueError: Constituent request did not resolve to an equity
PCAR,https://query1.finance.yahoo.com/v8/finance/chart/PCAR?period1=946684800&period2=1735689600&interval=1d&events=div%2Csplits,available,6289,2026-09-10T13:55:39.051870+00:00,a20629eba4263ebc48c6f18a7f905391ba4cb367974b7c460ae3deba078431a0,PCAR,PACCAR Inc,PACCAR Inc.,EQUITY,NMS,USD,322151400.0,0.0,2000-01-03,2024-12-31,Ticker metadata only; permanent historical identity unverified,
PCG,https://query1.finance.yahoo.com/v8/finance/chart/PCG?period1=946684800&period2=1735689600&interval=1d&events=div%2Csplits,available,6289,2026-09-10T13:55:39.362995+00:00,cdd62d254b1799831fdfde4f3d0246c7f10c01d84efa1f759cec65ae8ebfb77d,PCG,PG&E Corporation,Pacific Gas & Electric Co.,EQUITY,NYQ,USD,76253400.0,0.0,2000-01-03,2024-12-31,Ticker metadata only; permanent historical identity unverified,
PCH,https://query1.finance.yahoo.com/v8/finance/chart/PCH?period1=946684800&period2=1735689600&interval=1d&events=div%2Csplits,failed,0,2026-09-10T13:55:39.652705+00:00,,,,,,,,,,,,,HTTPError: HTTP Error 404: Not Found
PCL,https://query1.finance.yahoo.com/v8/finance/chart/PCL?period1=946684800&period2=1735689600&interval=1d&events=div%2Csplits,failed,0,2026-09-10T13:55:39.727697+00:00,,,,,,,,,,,,,HTTPError: HTTP Error 400: Bad Request
PCP,https://query1.finance.yahoo.com/v8/finance/chart/PCP?period1=946684800&period2=1735689600&interval=1d&events=div%2Csplits,failed,0,2026-09-10T13:55:39.795189+00:00,fe48474d2fb18cde86b430c71bd04fb939c59ac90549a6f60568ec14b7cbf966,PCP,,534994,MUTUALFUND,YHD,,1521120600.0,,,,,ValueError: Constituent request did not resolve to an equity
PCS,https://query1.finance.yahoo.com/v8/finance/chart/PCS?period1=946684800&period2=1735689600&interval=1d&events=div%2Csplits,failed,0,2026-09-10T13:55:39.906208+00:00,,,,,,,,,,,,,HTTPError: HTTP Error 400: Bad Request
PD,https://query1.finance.yahoo.com/v8/finance/chart/PD?period1=946684800&period2=1735689600&interval=1d&events=div%2Csplits,available,1441,2026-09-10T13:55:39.986273+00:00,79b6503fb5765f95c7ce58197efae27b10ab254c9727763628a2efc25b1c34f6,PD,"PagerDuty, Inc.","PagerDuty, Inc.",EQUITY,NYQ,USD,1554989400.0,0.0,2019-04-11,2024-12-31,Ticker metadata only; permanent historical identity unverified,
PDCO,https://query1.finance.yahoo.com/v8/finance/chart/PDCO?period1=946684800&period2=1735689600&interval=1d&events=div%2Csplits,failed,0,2026-09-10T13:55:40.133912+00:00,,,,,,,,,,,,,HTTPError: HTTP Error 404: Not Found
PDG,https://query1.finance.yahoo.com/v8/finance/chart/PDG?period1=946684800&period2=1735689600&interval=1d&events=div%2Csplits,failed,0,2026-09-10T13:55:40.200459+00:00,4e1c01c9c68603e75f83b531d2839ab396cc0011cece4cc51083a046e47c849c,PDG,,2415414,MUTUALFUND,YHD,,1406640600.0,,,,,ValueError: Constituent request did not resolve to an equity
PEAK,https://query1.finance.yahoo.com/v8/finance/chart/PEAK?period1=946684800&period2=1735689600&interval=1d&events=div%2Csplits,failed,0,2026-09-10T13:55:40.327104+00:00,,,,,,,,,,,,,HTTPError: HTTP Error 404: Not Found
PEG,https://query1.finance.yahoo.com/v8/finance/chart/PEG?period1=946684800&period2=1735689600&interval=1d&events=div%2Csplits,available,6289,2026-09-10T13:55:40.416802+00:00,37c8b76bec3e313d9932e97bdd115b6e01adea6fedeef19462f580e7e9dc1814,PEG,Public Service Enterprise Group Incorporated,Public Service Enterprise Group,EQUITY,NYQ,USD,315671400.0,0.0,2000-01-03,2024-12-31,Ticker metadata only; permanent historical identity unverified,
PEL,https://query1.finance.yahoo.com/v8/finance/chart/PEL?period1=946684800&period2=1735689600&interval=1d&events=div%2Csplits,failed,0,2026-09-10T13:55:40.700274+00:00,515187d9ed44f288a3efb84d9b7b6b4ba31bbc7ccd7d53b2c31de36c9a6d29af,PEL,,4811,MUTUALFUND,YHD,,,,,,,ValueError: Constituent request did not resolve to an equity
PENN,https://query1.finance.yahoo.com/v8/finance/chart/PENN?period1=946684800&period2=1735689600&interval=1d&events=div%2Csplits,available,6289,2026-09-10T13:55:40.783597+00:00,5d0dd48d11e133098582eb2feba2979a88cefa7e56068380e5b3b9240d0b05a4,PENN,"PENN Entertainment, Inc.","PENN Entertainment, Inc.",EQUITY,NMS,USD,769959000.0,0.0,2000-01-03,2024-12-31,Ticker metadata only; permanent historical identity unverified,
PEP,https://query1.finance.yahoo.com/v8/finance/chart/PEP?period1=946684800&period2=1735689600&interval=1d&events=div%2Csplits,available,6289,2026-09-10T13:55:40.985987+00:00,d92030640dbaefe828dfbde8258a2a673c961595ad6af3810e0b8f4f0819ed93,PEP,"PepsiCo, Inc.","Pepsico, Inc.",EQUITY,NMS,USD,76253400.0,0.0,2000-01-03,2024-12-31,Ticker metadata only; permanent historical identity unverified,
PET,https://query1.finance.yahoo.com/v8/finance/chart/PET?period1=946684800&period2=1735689600&interval=1d&events=div%2Csplits,failed,0,2026-09-10T13:55:41.261563+00:00,,,,,,,,,,,,,HTTPError: HTTP Error 404: Not Found
PETM,https://query1.finance.yahoo.com/v8/finance/chart/PETM?period1=946684800&period2=1735689600&interval=1d&events=div%2Csplits,failed,0,2026-09-10T13:55:41.319226+00:00,8886bd85dcdb5acc10aee40f0cb8272143c53579cebb581f41f10cadeb8966fd,PETM,,1824860,MUTUALFUND,YHD,,1524576600.0,,,,,ValueError: Constituent request did not resolve to an equity
PFE,https://query1.finance.yahoo.com/v8/finance/chart/PFE?period1=946684800&period2=1735689600&interval=1d&events=div%2Csplits,available,6289,2026-09-10T13:55:41.381460+00:00,75b7bd780acf31c68b3eb967b63edf6e8ff2284391a2acef855aa0519df09a4d,PFE,Pfizer Inc.,"Pfizer, Inc.",EQUITY,NYQ,USD,76253400.0,0.0,2000-01-03,2024-12-31,Ticker metadata only; permanent historical identity unverified,
PFG,https://query1.finance.yahoo.com/v8/finance/chart/PFG?period1=946684800&period2=1735689600&interval=1d&events=div%2Csplits,available,5837,2026-09-10T13:55:41.662051+00:00,91c8f1b05c8aae395e7773e1b72dc0129ae667169c6cce0a51ba83ff4071a9d7,PFG,"Principal Financial Group, Inc.",Principal Financial Group Inc,EQUITY,NMS,USD,1003843800.0,0.0,2001-10-23,2024-12-31,Ticker metadata only; permanent historical identity unverified,
PG,https://query1.finance.yahoo.com/v8/finance/chart/PG?period1=946684800&period2=1735689600&interval=1d&events=div%2Csplits,available,6289,2026-09-10T13:55:41.909885+00:00,5e176a13b1fecfa2bb610af066ccf681a2896340c946264d6049edeac3198fd6,PG,The Procter & Gamble Company,Procter & Gamble Company (The),EQUITY,NYQ,USD,-252322200.0,0.0,2000-01-03,2024-12-31,Ticker metadata only; permanent historical identity unverified,
PGL,https://query1.finance.yahoo.com/v8/finance/chart/PGL?period1=946684800&period2=1735689600&interval=1d&events=div%2Csplits,failed,0,2026-09-10T13:55:42.240867+00:00,1276f91e6560e28ca95e6c58a91b79cfaf0f161d76edae3b58a153631c22d0d4,PGL,Invesco Long Term Government Bond ETF,215901,MUTUALFUND,YHD,,1233325800.0,,,,,ValueError: Constituent request did not resolve to an equity
PGN,https://query1.finance.yahoo.com/v8/finance/chart/PGN?period1=946684800&period2=1735689600&interval=1d&events=div%2Csplits,failed,0,2026-09-10T13:55:42.388675+00:00,df8dbb89c94b43b13a289c04676aaeea62a082db49621532639ecd6683103dd5,PGN,,1076758,MUTUALFUND,YHD,,,,,,,ValueError: Constituent request did not resolve to an equity
PGR,https://query1.finance.yahoo.com/v8/finance/chart/PGR?period1=946684800&period2=1735689600&interval=1d&events=div%2Csplits,available,6289,2026-09-10T13:55:42.454832+00:00,1bf48c10485eaa62f33877b69d12f67fe0ccfc1e2bdba13a95e02bc6485dbc68,PGR,The Progressive Corporation,Progressive Corporation (The),EQUITY,NYQ,USD,322151400.0,0.0,2000-01-03,2024-12-31,Ticker metadata only; permanent historical identity unverified,
PH,https://query1.finance.yahoo.com/v8/finance/chart/PH?period1=946684800&period2=1735689600&interval=1d&events=div%2Csplits,available,6289,2026-09-10T13:55:42.698596+00:00,b3f28b984879f8b5f99e1bc24dec2ef1117abdc3f83b5233ebeb05711b33adcf,PH,Parker-Hannifin Corporation,Parker-Hannifin Corporation,EQUITY,NYQ,USD,322151400.0,0.0,2000-01-03,2024-12-31,Ticker metadata only; permanent historical identity unverified,
PHA,https://query1.finance.yahoo.com/v8/finance/chart/PHA?period1=946684800&period2=1735689600&interval=1d&events=div%2Csplits,failed,0,2026-09-10T13:55:43.063015+00:00,e272ee7a60a22548e8a0fb20fbd5aa01c8fb3c7d7015cfea64b31705c726b26a,PHA,,,MUTUALFUND,YHD,,1535463000.0,,,,,ValueError: Constituent request did not resolve to an equity
PHB,https://query1.finance.yahoo.com/v8/finance/chart/PHB?period1=946684800&period2=1735689600&interval=1d&events=div%2Csplits,failed,0,2026-09-10T13:55:43.151182+00:00,,,,,,,,,,,,,HTTPError: HTTP Error 400: Bad Request
PHM,https://query1.finance.yahoo.com/v8/finance/chart/PHM?period1=946684800&period2=1735689600&interval=1d&events=div%2Csplits,available,6289,2026-09-10T13:55:43.210855+00:00,f7d22572d958146f8721963924735aed9b34b03fa0b91d45e48a715b34b69b9e,PHM,"PulteGroup, Inc.","PulteGroup, Inc.",EQUITY,NYQ,USD,322151400.0,0.0,2000-01-03,2024-12-31,Ticker metadata only; permanent historical identity unverified,
PKG,https://query1.finance.yahoo.com/v8/finance/chart/PKG?period1=946684800&period2=1735689600&interval=1d&events=div%2Csplits,available,6271,2026-09-10T13:55:43.504258+00:00,66caf65c95b7c1cc4ab0be4a5dad9449ff0fbf99224e08f960014a1b59e36f69,PKG,Packaging Corporation of America,Packaging Corporation of Americ,EQUITY,NYQ,USD,949069800.0,0.0,2000-01-28,2024-12-31,Ticker metadata only; permanent historical identity unverified,
PKI,https://query1.finance.yahoo.com/v8/finance/chart/PKI?period1=946684800&period2=1735689600&interval=1d&events=div%2Csplits,failed,0,2026-09-10T13:55:43.805746+00:00,,,,,,,,,,,,,HTTPError: HTTP Error 404: Not Found
PLD,https://query1.finance.yahoo.com/v8/finance/chart/PLD?period1=946684800&period2=1735689600&interval=1d&events=div%2Csplits,available,6289,2026-09-10T13:55:43.861047+00:00,db67c8f7486affcd2e89717797a832441cf9d530cd08d3ce513933e62925fd96,PLD,"Prologis, Inc.","Prologis, Inc.",EQUITY,NYQ,USD,880122600.0,0.0,2000-01-03,2024-12-31,Ticker metadata only; permanent historical identity unverified,
PLL,https://query1.finance.yahoo.com/v8/finance/chart/PLL?period1=946684800&period2=1735689600&interval=1d&events=div%2Csplits,failed,0,2026-09-10T13:55:44.228504+00:00,,,,,,,,,,,,,HTTPError: HTTP Error 404: Not Found
PLTR,https://query1.finance.yahoo.com/v8/finance/chart/PLTR?period1=946684800&period2=1735689600&interval=1d&events=div%2Csplits,available,1070,2026-09-10T13:55:44.318550+00:00,b697fe00720d523e055260ca64701c7d5b2e5f1d02eafacba148b7ba92eccadc,PLTR,Palantir Technologies Inc.,Palantir Technologies Inc.,EQUITY,NMS,USD,1601472600.0,0.0,2020-09-30,2024-12-31,Ticker metadata only; permanent historical identity unverified,
PM,https://query1.finance.yahoo.com/v8/finance/chart/PM?period1=946684800&period2=1735689600&interval=1d&events=div%2Csplits,available,4228,2026-09-10T13:55:44.441015+00:00,9587c9e11f021f4940323154cdc49e7636eddcfe1a297f076efe84380fcca4a9,PM,Philip Morris International Inc.,Philip Morris International Inc,EQUITY,NYQ,USD,1205760600.0,0.0,2008-03-17,2024-12-31,Ticker metadata only; permanent historical identity unverified,
PMCS,https://query1.finance.yahoo.com/v8/finance/chart/PMCS?period1=946684800&period2=1735689600&interval=1d&events=div%2Csplits,failed,0,2026-09-10T13:55:44.623812+00:00,70e6dc24c3d666dcbb71dabab6b698e314c1d5013cdcfa6b03ec724f6cb13a86,PMCS,,5032257,MUTUALFUND,YHD,,,,,,,ValueError: Constituent request did not resolve to an equity
PMI,https://query1.finance.yahoo.com/v8/finance/chart/PMI?period1=946684800&period2=1735689600&interval=1d&events=div%2Csplits,failed,0,2026-09-10T13:55:44.700901+00:00,,,,,,,,,,,,,HTTPError: HTTP Error 400: Bad Request
PNC,https://query1.finance.yahoo.com/v8/finance/chart/PNC?period1=946684800&period2=1735689600&interval=1d&events=div%2Csplits,available,6289,2026-09-10T13:55:44.769005+00:00,8d7fdf90eddc922ac6c971a94d9a3d00e9b37d19fb78d69ed4dee7e2eadac929,PNC,"The PNC Financial Services Group, Inc.","PNC Financial Services Group, I",EQUITY,NYQ,USD,185466600.0,0.0,2000-01-03,2024-12-31,Ticker metadata only; permanent historical identity unverified,
PNR,https://query1.finance.yahoo.com/v8/finance/chart/PNR?period1=946684800&period2=1735689600&interval=1d&events=div%2Csplits,available,6289,2026-09-10T13:55:45.070378+00:00,e64a2bab52cba36661dacf78e4d0452e2703717c2a9867954f0c9c18a374e2b4,PNR,Pentair plc,Pentair plc.,EQUITY,NYQ,USD,105283800.0,0.0,2000-01-03,2024-12-31,Ticker metadata only; permanent historical identity unverified,
PNU,https://query1.finance.yahoo.com/v8/finance/chart/PNU?period1=946684800&period2=1735689600&interval=1d&events=div%2Csplits,failed,0,2026-09-10T13:55:45.331013+00:00,a65cdb51ad3ae93bf87880fb17ce16442b0125fbb2181848ba95a1c4a2fff7c2,PNU,,14049,MUTUALFUND,YHD,,,,,,,ValueError: Constituent request did not resolve to an equity
PNW,https://query1.finance.yahoo.com/v8/finance/chart/PNW?period1=946684800&period2=1735689600&interval=1d&events=div%2Csplits,available,6289,2026-09-10T13:55:45.409932+00:00,1097a9af53e3193de4c35a84d8a02efd7ca9a7a45a360b1bae1e6be79f9ccee9,PNW,Pinnacle West Capital Corporation,Pinnacle West Capital Corporati,EQUITY,NYQ,USD,99153000.0,0.0,2000-01-03,2024-12-31,Ticker metadata only; permanent historical identity unverified,
PODD,https://query1.finance.yahoo.com/v8/finance/chart/PODD?period1=946684800&period2=1735689600&interval=1d&events=div%2Csplits,available,4439,2026-09-10T13:55:45.837472+00:00,33fde64ca80f6e4d1e1e187258779b00e3bb83b4c09dd587f65fe557d0ed031b,PODD,Insulet Corporation,Insulet Corporation,EQUITY,NMS,USD,1179235800.0,0.0,2007-05-15,2024-12-31,Ticker metadata only; permanent historical identity unverified,
POM,https://query1.finance.yahoo.com/v8/finance/chart/POM?period1=946684800&period2=1735689600&interval=1d&events=div%2Csplits,failed,0,2026-09-10T13:55:46.008084+00:00,,,,,,,,,,,,,HTTPError: HTTP Error 400: Bad Request
POOL,https://query1.finance.yahoo.com/v8/finance/chart/POOL?period1=946684800&period2=1735689600&interval=1d&events=div%2Csplits,available,6289,2026-09-10T13:55:46.066834+00:00,1f14e47efff8d0f5d61ad76108d7ff35975b9b0e648acfdb98e02abcc34b61b2,POOL,Pool Corporation,Pool Corporation,EQUITY,NMS,USD,813591000.0,0.0,2000-01-03,2024-12-31,Ticker metadata only; permanent historical identity unverified,
PPG,https://query1.finance.yahoo.com/v8/finance/chart/PPG?period1=946684800&period2=1735689600&interval=1d&events=div%2Csplits,available,6289,2026-09-10T13:55:46.334541+00:00,c09261a19db73eb7308eb4d212b38170e9bc214e09d56c64fa4e09a3333487af,PPG,"PPG Industries, Inc.","PPG Industries, Inc.",EQUITY,NYQ,USD,322151400.0,0.0,2000-01-03,2024-12-31,Ticker metadata only; permanent historical identity unverified,
PPL,https://query1.finance.yahoo.com/v8/finance/chart/PPL?period1=946684800&period2=1735689600&interval=1d&events=div%2Csplits,available,6289,2026-09-10T13:55:46.578000+00:00,c8dc2ed7d850d537d476a7fe736e6300c340f682639fadb68800e634753428fe,PPL,PPL Corporation,PPL Corporation,EQUITY,NYQ,USD,322151400.0,0.0,2000-01-03,2024-12-31,Ticker metadata only; permanent historical identity unverified,
PPW,https://query1.finance.yahoo.com/v8/finance/chart/PPW?period1=946684800&period2=1735689600&interval=1d&events=div%2Csplits,failed,0,2026-09-10T13:55:46.865558+00:00,ce2a5cf617607c81df1aa0d159a878a20e666911c7704934e3c728c3ba8f8321,PPW,,,MUTUALFUND,YHD,,1493731800.0,,,,,ValueError: Constituent request did not resolve to an equity
PRD,https://query1.finance.yahoo.com/v8/finance/chart/PRD?period1=946684800&period2=1735689600&interval=1d&events=div%2Csplits,failed,0,2026-09-10T13:55:46.978660+00:00,9e9c4776bb7b24fc971bca2ee557ae1c19714dc6b445477956fe5838246651c1,PRD,,,MUTUALFUND,YHD,,938439000.0,,,,,ValueError: Constituent request did not resolve to an equity
PRGO,https://query1.finance.yahoo.com/v8/finance/chart/PRGO?period1=946684800&period2=1735689600&interval=1d&events=div%2Csplits,available,6289,2026-09-10T13:55:47.298285+00:00,e2070379e347a3d147135085febdee1662c204bd39b2b399c96d132c88ac912b,PRGO,Perrigo Company plc,Perrigo Company plc,EQUITY,NYQ,USD,692980200.0,0.0,2000-01-03,2024-12-31,Ticker metadata only; permanent historical identity unverified,
PRU,https://query1.finance.yahoo.com/v8/finance/chart/PRU?period1=946684800&period2=1735689600&interval=1d&events=div%2Csplits,available,5801,2026-09-10T13:55:47.589913+00:00,d2a843b3d913a4542dad0cf18324d1e566b3f7ce9ab14735d103bcee31bc46fa,PRU,"Prudential Financial, Inc.","Prudential Financial, Inc.",EQUITY,NYQ,USD,1008253800.0,0.0,2001-12-13,2024-12-31,Ticker metadata only; permanent historical identity unverified,
PSA,https://query1.finance.yahoo.com/v8/finance/chart/PSA?period1=946684800&period2=1735689600&interval=1d&events=div%2Csplits,available,6289,2026-09-10T13:55:47.841388+00:00,ca883a2916d9edd4a8150ee9bb3ac24f898307981fc494a079f5e09f5c7527ac,PSA,Public Storage,Public Storage,EQUITY,NYQ,USD,343405800.0,0.0,2000-01-03,2024-12-31,Ticker metadata only; permanent historical identity unverified,
PSFT,https://query1.finance.yahoo.com/v8/finance/chart/PSFT?period1=946684800&period2=1735689600&interval=1d&events=div%2Csplits,failed,0,2026-09-10T13:55:48.100656+00:00,,,,,,,,,,,,,HTTPError: HTTP Error 404: Not Found
PSKY,https://query1.finance.yahoo.com/v8/finance/chart/PSKY?period1=946684800&period2=1735689600&interval=1d&events=div%2Csplits,available,4800,2026-09-10T13:55:48.249699+00:00,4f883fe454831d590cd33b60e973ec54f9f05dc44bd005bcf993801e5a53d01e,PSKY,Paramount Skydance Corporation,Paramount Skydance Corporation,EQUITY,NMS,USD,1133793000.0,0.0,2005-12-05,2024-12-31,Ticker metadata only; permanent historical identity unverified,
PSX,https://query1.finance.yahoo.com/v8/finance/chart/PSX?period1=946684800&period2=1735689600&interval=1d&events=div%2Csplits,available,3201,2026-09-10T13:55:48.507863+00:00,fd6fca6d873b0ff36d63f67dfe320297857c2ab280611f51fcca2533e8bd90de,PSX,Phillips 66,Phillips 66,EQUITY,NYQ,USD,1334237400.0,0.0,2012-04-12,2024-12-31,Ticker metadata only; permanent historical identity unverified,
PTC,https://query1.finance.yahoo.com/v8/finance/chart/PTC?period1=946684800&period2=1735689600&interval=1d&events=div%2Csplits,available,6289,2026-09-10T13:55:48.679849+00:00,826c72468109af9457a54ed5825dc8c15a0c6515d9cb8aa6d73df53223041450,PTC,PTC Inc.,PTC Inc.,EQUITY,NMS,USD,629130600.0,0.0,2000-01-03,2024-12-31,Ticker metadata only; permanent historical identity unverified,
PTV,https://query1.finance.yahoo.com/v8/finance/chart/PTV?period1=946684800&period2=1735689600&interval=1d&events=div%2Csplits,failed,0,2026-09-10T13:55:48.907532+00:00,97fad6a0228a194be9ebb716736d7019d53505669fe63bf4b343d05a8da2dcc7,PTV,,980658,MUTUALFUND,YHD,,1293805800.0,,,,,ValueError: Constituent request did not resolve to an equity
PVH,https://query1.finance.yahoo.com/v8/finance/chart/PVH?period1=946684800&period2=1735689600&interval=1d&events=div%2Csplits,available,6289,2026-09-10T13:55:49.039941+00:00,f86c7dd4882e1c3ca02118ed775b467ecca4323f994c9a3e223a4b633d345324,PVH,PVH Corp.,PVH Corp.,EQUITY,NYQ,USD,322151400.0,0.0,2000-01-03,2024-12-31,Ticker metadata only; permanent historical identity unverified,
PVN,https://query1.finance.yahoo.com/v8/finance/chart/PVN?period1=946684800&period2=1735689600&interval=1d&events=div%2Csplits,failed,0,2026-09-10T13:55:49.385054+00:00,e6669ed8c200264ef95cb5f085fa5f33a9afcddd912fada381f69c9117696893,PVN,,2428385,MUTUALFUND,YHD,,1539955800.0,,,,,ValueError: Constituent request did not resolve to an equity
PVT,https://query1.finance.yahoo.com/v8/finance/chart/PVT?period1=946684800&period2=1735689600&interval=1d&events=div%2Csplits,failed,0,2026-09-10T13:55:49.513821+00:00,,,,,,,,,,,,,HTTPError: HTTP Error 404: Not Found
PWER,https://query1.finance.yahoo.com/v8/finance/chart/PWER?period1=946684800&period2=1735689600&interval=1d&events=div%2Csplits,failed,0,2026-09-10T13:55:49.575185+00:00,3f351ab188b0eb74f5ecefb962eda204fbafc2ab09fac23e8ab3229897939a15,PWER,Nomura Energy Transition ETF,Nomura Energy Transition ETF,ETF,PCX,USD,1701268200.0,,,,,ValueError: Constituent request did not resolve to an equity
PWJ,https://query1.finance.yahoo.com/v8/finance/chart/PWJ?period1=946684800&period2=1735689600&interval=1d&events=div%2Csplits,failed,0,2026-09-10T13:55:49.675394+00:00,26862fc02357723dc8422828543c461e769cd156a07ea9a0545484859e5d5cc8,PWJ,Invesco S&amp;P MidCap Momentum ETF,,MUTUALFUND,YHD,,1199197800.0,,,,,ValueError: Constituent request did not resolve to an equity
PWR,https://query1.finance.yahoo.com/v8/finance/chart/PWR?period1=946684800&period2=1735689600&interval=1d&events=div%2Csplits,available,6289,2026-09-10T13:55:49.922477+00:00,1a1595c295ee61057d18c1a35ad678c81ad65e87bce18297daf0464e796941f9,PWR,"Quanta Services, Inc.","Quanta Services, Inc.",EQUITY,NYQ,USD,887293800.0,0.0,2000-01-03,2024-12-31,Ticker metadata only; permanent historical identity unverified,
PX,https://query1.finance.yahoo.com/v8/finance/chart/PX?period1=946684800&period2=1735689600&interval=1d&events=div%2Csplits,failed,0,2026-09-10T13:55:50.149622+00:00,,,,,,,,,,,,,HTTPError: HTTP Error 404: Not Found
PXD,https://query1.finance.yahoo.com/v8/finance/chart/PXD?period1=946684800&period2=1735689600&interval=1d&events=div%2Csplits,failed,0,2026-09-10T13:55:50.240482+00:00,,,,,,,,,,,,,HTTPError: HTTP Error 404: Not Found
PYPL,https://query1.finance.yahoo.com/v8/finance/chart/PYPL?period1=946684800&period2=1735689600&interval=1d&events=div%2Csplits,available,2390,2026-09-10T13:55:50.314025+00:00,bab1a59d1e3e90889f7a1464791bcb7bfd174a391cc0febe467c4e48f887239e,PYPL,"PayPal Holdings, Inc.","PayPal Holdings, Inc.",EQUITY,NMS,USD,1436189400.0,0.0,2015-07-06,2024-12-31,Ticker metadata only; permanent historical identity unverified,
PZE,https://query1.finance.yahoo.com/v8/finance/chart/PZE?period1=946684800&period2=1735689600&interval=1d&events=div%2Csplits,failed,0,2026-09-10T13:55:50.453036+00:00,37982c68db829b78e60468cef015ed3520da5fc37b09954dc35b912d52daa810,PZE,,145886,MUTUALFUND,YHD,,1254317400.0,,,,,ValueError: Constituent request did not resolve to an equity
Q,https://query1.finance.yahoo.com/v8/finance/chart/Q?period1=946684800&period2=1735689600&interval=1d&events=div%2Csplits,failed,0,2026-09-10T13:55:50.655978+00:00,,,,,,,,,,,,,HTTPError: HTTP Error 400: Bad Request
QCOM,https://query1.finance.yahoo.com/v8/finance/chart/QCOM?period1=946684800&period2=1735689600&interval=1d&events=div%2Csplits,available,6289,2026-09-10T13:55:50.715741+00:00,d153936bf439049098e8b1266d34e5d8af96c3f932aaae2ec8cb254850b8aaea,QCOM,QUALCOMM Incorporated,QUALCOMM Incorporated,EQUITY,NMS,USD,692634600.0,0.0,2000-01-03,2024-12-31,Ticker metadata only; permanent historical identity unverified,
QEP,https://query1.finance.yahoo.com/v8/finance/chart/QEP?period1=946684800&period2=1735689600&interval=1d&events=div%2Csplits,failed,0,2026-09-10T13:55:50.994863+00:00,,,,,,,,,,,,,HTTPError: HTTP Error 404: Not Found
QLGC,https://query1.finance.yahoo.com/v8/finance/chart/QLGC?period1=946684800&period2=1735689600&interval=1d&events=div%2Csplits,failed,0,2026-09-10T13:55:51.065462+00:00,91503f5f788b749cbc5a112ea1a9e4803947ecb371bb29cc638404321269e6c8,QLGC,,3193825,MUTUALFUND,YHD,,,,,,,ValueError: Constituent request did not resolve to an equity
QRVO,https://query1.finance.yahoo.com/v8/finance/chart/QRVO?period1=946684800&period2=1735689600&interval=1d&events=div%2Csplits,available,2516,2026-09-10T13:55:51.170993+00:00,018efdf81809878a28763ace6f8c6c358bc6d18ca6db50b9ed7f0e6b630a0799,QRVO,"Qorvo, Inc.","Qorvo, Inc.",EQUITY,NMS,USD,1420209000.0,0.0,2015-01-02,2024-12-31,Ticker metadata only; permanent historical identity unverified,
QTRN,https://query1.finance.yahoo.com/v8/finance/chart/QTRN?period1=946684800&period2=1735689600&interval=1d&events=div%2Csplits,failed,0,2026-09-10T13:55:51.307091+00:00,2719f754b58a7c11850982d8e6e2b09bf9c6cf08cc81f3abd887b373e370b325,QTRN,,,MUTUALFUND,YHD,,,,,,,ValueError: Constituent request did not resolve to an equity
R,https://query1.finance.yahoo.com/v8/finance/chart/R?period1=946684800&period2=1735689600&interval=1d&events=div%2Csplits,available,6289,2026-09-10T13:55:51.404077+00:00,bbef3ad7c4b651b4c04981754a21ddfb1fa7f3902723fd73bfa67875c6bc541f,R,"Ryder System, Inc.","Ryder System, Inc.",EQUITY,NYQ,USD,315671400.0,0.0,2000-01-03,2024-12-31,Ticker metadata only; permanent historical identity unverified,
RAD,https://query1.finance.yahoo.com/v8/finance/chart/RAD?period1=946684800&period2=1735689600&interval=1d&events=div%2Csplits,failed,0,2026-09-10T13:55:51.706992+00:00,,,,,,,,,,,,,HTTPError: HTTP Error 404: Not Found
RAI,https://query1.finance.yahoo.com/v8/finance/chart/RAI?period1=946684800&period2=1735689600&interval=1d&events=div%2Csplits,failed,0,2026-09-10T13:55:51.768549+00:00,09cc15a3140297120da171106505853396bc0f3caa6edfc4ff38fc3aef5c0bc7,RAI,,775589,MUTUALFUND,YHD,,,,,,,ValueError: Constituent request did not resolve to an equity
RAL,https://query1.finance.yahoo.com/v8/finance/chart/RAL?period1=946684800&period2=1735689600&interval=1d&events=div%2Csplits,failed,0,2026-09-10T13:55:51.832804+00:00,,,,,,,,,,,,,HTTPError: HTTP Error 400: Bad Request
RATL,https://query1.finance.yahoo.com/v8/finance/chart/RATL?period1=946684800&period2=1735689600&interval=1d&events=div%2Csplits,failed,0,2026-09-10T13:55:51.916864+00:00,1134f0428686beae7b12bb5c22a663be5ed945b5fd09025dae6dbc652fae82f9,RATL,,,MUTUALFUND,YHD,,,,,,,ValueError: Constituent request did not resolve to an equity
RBD,https://query1.finance.yahoo.com/v8/finance/chart/RBD?period1=946684800&period2=1735689600&interval=1d&events=div%2Csplits,failed,0,2026-09-10T13:55:52.001624+00:00,49041c50134e921499ef005dc0b221690e9f3c04142e484f2f3d5bdbb8f5ee12,RBD,,,MUTUALFUND,YHD,,1117114200.0,,,,,ValueError: Constituent request did not resolve to an equity
RBK,https://query1.finance.yahoo.com/v8/finance/chart/RBK?period1=946684800&period2=1735689600&interval=1d&events=div%2Csplits,failed,0,2026-09-10T13:55:52.079492+00:00,34944645dc9302dd55f759f601754bc26264f53e34d6857bcf8d7a85b3e5ddd2,RBK,,648547,MUTUALFUND,YHD,,,,,,,ValueError: Constituent request did not resolve to an equity
RCL,https://query1.finance.yahoo.com/v8/finance/chart/RCL?period1=946684800&period2=1735689600&interval=1d&events=div%2Csplits,available,6289,2026-09-10T13:55:52.143343+00:00,a16a312483ed6bac90e2f30dd6b7de4dec72f948f48e1156da0c70b8ecff31b8,RCL,Royal Caribbean Cruises Ltd.,Royal Caribbean Cruises Ltd.,EQUITY,NYQ,USD,736003800.0,0.0,2000-01-03,2024-12-31,Ticker metadata only; permanent historical identity unverified,
RDC,https://query1.finance.yahoo.com/v8/finance/chart/RDC?period1=946684800&period2=1735689600&interval=1d&events=div%2Csplits,failed,0,2026-09-10T13:55:52.458611+00:00,,,,,,,,,,,,,HTTPError: HTTP Error 404: Not Found
RDDT,https://query1.finance.yahoo.com/v8/finance/chart/RDDT?period1=946684800&period2=1735689600&interval=1d&events=div%2Csplits,available,197,2026-09-10T13:55:52.518626+00:00,0895f14e5e4f120e69bb2ddc1cec58c107b861b1ea68d538a93b6f8f0de44a23,RDDT,"Reddit, Inc.","Reddit, Inc.",EQUITY,NYQ,USD,1711027800.0,0.0,2024-03-21,2024-12-31,Ticker metadata only; permanent historical identity unverified,
RDS-A,https://query1.finance.yahoo.com/v8/finance/chart/RDS-A?period1=946684800&period2=1735689600&interval=1d&events=div%2Csplits,failed,0,2026-09-10T13:55:52.606657+00:00,,,,,,,,,,,,,HTTPError: HTTP Error 404: Not Found
RE,https://query1.finance.yahoo.com/v8/finance/chart/RE?period1=946684800&period2=1735689600&interval=1d&events=div%2Csplits,failed,0,2026-09-10T13:55:52.663948+00:00,,,,,,,,,,,,,HTTPError: HTTP Error 404: Not Found
REG,https://query1.finance.yahoo.com/v8/finance/chart/REG?period1=946684800&period2=1735689600&interval=1d&events=div%2Csplits,available,6289,2026-09-10T13:55:52.717457+00:00,cf84b21bf0e82db31c63f47269b7468b9008c1301bbb464f4ec60b65f7ebb503,REG,Regency Centers Corporation,Regency Centers Corporation,EQUITY,NMS,USD,751901400.0,0.0,2000-01-03,2024-12-31,Ticker metadata only; permanent historical identity unverified,
REGN,https://query1.finance.yahoo.com/v8/finance/chart/REGN?period1=946684800&period2=1735689600&interval=1d&events=div%2Csplits,available,6289,2026-09-10T13:55:52.982027+00:00,634b2d92af0a2eb9740c0e46140f33e146d19a4138e5aa9826e467c969c9288d,REGN,"Regeneron Pharmaceuticals, Inc.","Regeneron Pharmaceuticals, Inc.",EQUITY,NMS,USD,670602600.0,0.0,2000-01-03,2024-12-31,Ticker metadata only; permanent historical identity unverified,
RF,https://query1.finance.yahoo.com/v8/finance/chart/RF?period1=946684800&period2=1735689600&interval=1d&events=div%2Csplits,available,6289,2026-09-10T13:55:53.191229+00:00,e6babaf5ff370ceadac46a9259816cc16248c64c9ea48ce90bf20a6c6488efea,RF,Regions Financial Corporation,Regions Financial Corporation,EQUITY,NYQ,USD,322151400.0,0.0,2000-01-03,2024-12-31,Ticker metadata only; permanent historical identity unverified,
RHI,https://query1.finance.yahoo.com/v8/finance/chart/RHI?period1=946684800&period2=1735689600&interval=1d&events=div%2Csplits,available,6289,2026-09-10T13:55:53.494663+00:00,2f0a3c73f16851abe1f8c55895d676e16e1a8b17a3db52a16722cc89c33752aa,RHI,Robert Half Inc.,Robert Half Inc.,EQUITY,NYQ,USD,322151400.0,0.0,2000-01-03,2024-12-31,Ticker metadata only; permanent historical identity unverified,
RHT,https://query1.finance.yahoo.com/v8/finance/chart/RHT?period1=946684800&period2=1735689600&interval=1d&events=div%2Csplits,failed,0,2026-09-10T13:55:53.777229+00:00,,,,,,,,,,,,,HTTPError: HTTP Error 404: Not Found
RIG,https://query1.finance.yahoo.com/v8/finance/chart/RIG?period1=946684800&period2=1735689600&interval=1d&events=div%2Csplits,available,6289,2026-09-10T13:55:53.844365+00:00,dd95cef745741c8ef2a5a53fefcba4cbb6afaa9c02c4b89883c46b0658c29265,RIG,Transocean Ltd.,Transocean Ltd (Switzerland),EQUITY,NYQ,USD,738595800.0,0.0,2000-01-03,2024-12-31,Ticker metadata only; permanent historical identity unverified,
RJF,https://query1.finance.yahoo.com/v8/finance/chart/RJF?period1=946684800&period2=1735689600&interval=1d&events=div%2Csplits,available,6289,2026-09-10T13:55:54.095186+00:00,ca20353cb7c8b907dd2d86f7a8e69f411c1e57b930e2a934d002ed575e9b912e,RJF,"Raymond James Financial, Inc.","Raymond James Financial, Inc.",EQUITY,NYQ,USD,425914200.0,0.0,2000-01-03,2024-12-31,Ticker metadata only; permanent historical identity unverified,
RL,https://query1.finance.yahoo.com/v8/finance/chart/RL?period1=946684800&period2=1735689600&interval=1d&events=div%2Csplits,available,6289,2026-09-10T13:55:54.399785+00:00,b51f24e156021fe1fb39590d83dc40c05589c458e76eb7cdafaee75616849f95,RL,Ralph Lauren Corporation,Ralph Lauren Corporation,EQUITY,NYQ,USD,866122200.0,0.0,2000-01-03,2024-12-31,Ticker metadata only; permanent historical identity unverified,
RLM,https://query1.finance.yahoo.com/v8/finance/chart/RLM?period1=946684800&period2=1735689600&interval=1d&events=div%2Csplits,failed,0,2026-09-10T13:55:54.527614+00:00,,,,,,,,,,,,,HTTPError: HTTP Error 404: Not Found
RMD,https://query1.finance.yahoo.com/v8/finance/chart/RMD?period1=946684800&period2=1735689600&interval=1d&events=div%2Csplits,available,6289,2026-09-10T13:55:54.597560+00:00,76380ff30e376935808dbe2dd3a49d5593190d34184f3149f4e9c54f7cae867a,RMD,ResMed Inc.,ResMed Inc.,EQUITY,NYQ,USD,802099800.0,0.0,2000-01-03,2024-12-31,Ticker metadata only; permanent historical identity unverified,
RML,https://query1.finance.yahoo.com/v8/finance/chart/RML?period1=946684800&period2=1735689600&interval=1d&events=div%2Csplits,failed,0,2026-09-10T13:55:54.678310+00:00,,,,,,,,,,,,,HTTPError: HTTP Error 400: Bad Request
RNB,https://query1.finance.yahoo.com/v8/finance/chart/RNB?period1=946684800&period2=1735689600&interval=1d&events=div%2Csplits,failed,0,2026-09-10T13:55:54.766198+00:00,013334ae68263ff825c7932ad994ecdbc6b94ffeac5ea94de25dc380ecd1876d,RNB,,,MUTUALFUND,YHD,,,,,,,ValueError: Constituent request did not resolve to an equity
ROH,https://query1.finance.yahoo.com/v8/finance/chart/ROH?period1=946684800&period2=1735689600&interval=1d&events=div%2Csplits,failed,0,2026-09-10T13:55:54.846142+00:00,fb5904721f3082973f55c56a2fa839044f106107f12891a761d14031baeac1ea,ROH,,1011497,MUTUALFUND,YHD,,946996200.0,,,,,ValueError: Constituent request did not resolve to an equity
ROK,https://query1.finance.yahoo.com/v8/finance/chart/ROK?period1=946684800&period2=1735689600&interval=1d&events=div%2Csplits,available,6289,2026-09-10T13:55:54.849470+00:00,204e05eb5edbcd7e72a4c95c13292b7f34d2fc28b6f7c72e6d77a5d1c34bbace,ROK,"Rockwell Automation, Inc.","Rockwell Automation, Inc.",EQUITY,NYQ,USD,378657000.0,0.0,2000-01-03,2024-12-31,Ticker metadata only; permanent historical identity unverified,
ROL,https://query1.finance.yahoo.com/v8/finance/chart/ROL?period1=946684800&period2=1735689600&interval=1d&events=div%2Csplits,available,6289,2026-09-10T13:55:54.924739+00:00,3ff94a666e01ade3ff1064f527d5d518b090fa7ac4f35799c7b975e97b550945,ROL,"Rollins, Inc.","Rollins, Inc.",EQUITY,NYQ,USD,322151400.0,0.0,2000-01-03,2024-12-31,Ticker metadata only; permanent historical identity unverified,
ROP,https://query1.finance.yahoo.com/v8/finance/chart/ROP?period1=946684800&period2=1735689600&interval=1d&events=div%2Csplits,available,6289,2026-09-10T13:55:55.150928+00:00,3e6b9d10370665d669dcfe78de408f5d44d34397be05911f091e566656aade50,ROP,"Roper Technologies, Inc.","Roper Technologies, Inc.",EQUITY,NMS,USD,697991400.0,0.0,2000-01-03,2024-12-31,Ticker metadata only; permanent historical identity unverified,
ROST,https://query1.finance.yahoo.com/v8/finance/chart/ROST?period1=946684800&period2=1735689600&interval=1d&events=div%2Csplits,available,6289,2026-09-10T13:55:55.221279+00:00,1f4fb5337d41054b9c8c9a9fc628ebf280d5fabed0b34ae42bc30fba622b87e4,ROST,"Ross Stores, Inc.","Ross Stores, Inc.",EQUITY,NMS,USD,492355800.0,0.0,2000-01-03,2024-12-31,Ticker metadata only; permanent historical identity unverified,
RRC,https://query1.finance.yahoo.com/v8/finance/chart/RRC?period1=946684800&period2=1735689600&interval=1d&events=div%2Csplits,available,6289,2026-09-10T13:55:55.405949+00:00,b169d0e7cd54fa63ee99f6e402a6171aae551f5ed3e70593969a650f68b2fa8f,RRC,Range Resources Corporation,Range Resources Corporation,EQUITY,NYQ,USD,330269400.0,0.0,2000-01-03,2024-12-31,Ticker metadata only; permanent historical identity unverified,
RRD,https://query1.finance.yahoo.com/v8/finance/chart/RRD?period1=946684800&period2=1735689600&interval=1d&events=div%2Csplits,failed,0,2026-09-10T13:55:55.487065+00:00,,,,,,,,,,,,,HTTPError: HTTP Error 404: Not Found
RSG,https://query1.finance.yahoo.com/v8/finance/chart/RSG?period1=946684800&period2=1735689600&interval=1d&events=div%2Csplits,available,6289,2026-09-10T13:55:55.573579+00:00,c832b2a36e729d6f810d6e37edeb14a90ba57386db73ad75b10eb2308782f527,RSG,"Republic Services, Inc.","Republic Services, Inc.",EQUITY,NYQ,USD,899299800.0,0.0,2000-01-03,2024-12-31,Ticker metadata only; permanent historical identity unverified,
RSHCQ,https://query1.finance.yahoo.com/v8/finance/chart/RSHCQ?period1=946684800&period2=1735689600&interval=1d&events=div%2Csplits,failed,0,2026-09-10T13:55:55.671338+00:00,0d48c046e3329c109dcae8c644155fd2b7f73adda4e148850a7a7187903cf291,RSHCQ,,,MUTUALFUND,YHD,,,,,,,ValueError: Constituent request did not resolve to an equity
RTN,https://query1.finance.yahoo.com/v8/finance/chart/RTN?period1=946684800&period2=1735689600&interval=1d&events=div%2Csplits,failed,0,2026-09-10T13:55:55.735564+00:00,,,,,,,,,,,,,HTTPError: HTTP Error 404: Not Found
RTX,https://query1.finance.yahoo.com/v8/finance/chart/RTX?period1=946684800&period2=1735689600&interval=1d&events=div%2Csplits,available,6289,2026-09-10T13:55:55.785932+00:00,77b3f80fa74ddd4c09e963b9e9ff3c3bce8a1a62f380fcdef812295ced6c1ac9,RTX,RTX Corporation,RTX Corporation,EQUITY,NYQ,USD,-244546200.0,0.0,2000-01-03,2024-12-31,Ticker metadata only; permanent historical identity unverified,
RVTY,https://query1.finance.yahoo.com/v8/finance/chart/RVTY?period1=946684800&period2=1735689600&interval=1d&events=div%2Csplits,available,6289,2026-09-10T13:55:55.831163+00:00,1e3d4cae7be8b2d697b5d2572ec4474b6c359355580de2d0cd72d9749832bd6e,RVTY,"Revvity, Inc.","Revvity, Inc.",EQUITY,NYQ,USD,99153000.0,0.0,2000-01-03,2024-12-31,Ticker metadata only; permanent historical identity unverified,
RX,https://query1.finance.yahoo.com/v8/finance/chart/RX?period1=946684800&period2=1735689600&interval=1d&events=div%2Csplits,failed,0,2026-09-10T13:55:56.103406+00:00,fe4e1a89be595d215f55d3b1adaaa113978435b96363e5e1b9c1dd22bd946334,RX,,771894,MUTUALFUND,YHD,,1138977000.0,,,,,ValueError: Constituent request did not resolve to an equity
RYAN,https://query1.finance.yahoo.com/v8/finance/chart/RYAN?period1=946684800&period2=1735689600&interval=1d&events=div%2Csplits,available,867,2026-09-10T13:55:56.183162+00:00,c93addde5e55d420bb3bd03d6ed71e2c3bb31b027d9c1f0cadc7a9acaabeb24d,RYAN,"Ryan Specialty Holdings, Inc.","Ryan Specialty Holdings, Inc.",EQUITY,NYQ,USD,1626960600.0,0.0,2021-07-22,2024-12-31,Ticker metadata only; permanent historical identity unverified,
RYC,https://query1.finance.yahoo.com/v8/finance/chart/RYC?period1=946684800&period2=1735689600&interval=1d&events=div%2Csplits,failed,0,2026-09-10T13:55:56.259527+00:00,e1dfb9ab5b655877636d96cda24794362b83e6a07e73e6c7e8d9b860cf84339c,RYC,,,MUTUALFUND,YHD,,1184333400.0,,,,,ValueError: Constituent request did not resolve to an equity
RYI,https://query1.finance.yahoo.com/v8/finance/chart/RYI?period1=946684800&period2=1735689600&interval=1d&events=div%2Csplits,failed,0,2026-09-10T13:55:56.314623+00:00,,,,,,,,,,,,,HTTPError: HTTP Error 404: Not Found
S,https://query1.finance.yahoo.com/v8/finance/chart/S?period1=946684800&period2=1735689600&interval=1d&events=div%2Csplits,available,882,2026-09-10T13:55:56.387220+00:00,ff92895e540c6b8dbcdada5e1c9f7232aca2ee1fa6442e51960198856b6e51d5,S,"SentinelOne, Inc.","SentinelOne, Inc.",EQUITY,NYQ,USD,1625059800.0,0.0,2021-06-30,2024-12-31,Ticker metadata only; permanent historical identity unverified,
SAF,https://query1.finance.yahoo.com/v8/finance/chart/SAF?period1=946684800&period2=1735689600&interval=1d&events=div%2Csplits,failed,0,2026-09-10T13:55:56.406983+00:00,138e5b91da39a121bc74c014bb50778f6e994430d4d3c7549c9da693596fe7eb,SAF,,Saratoga Investment Corp 6.25% ,ETF,NYQ,USD,1535549400.0,,,,,ValueError: Constituent request did not resolve to an equity
SAI,https://query1.finance.yahoo.com/v8/finance/chart/SAI?period1=946684800&period2=1735689600&interval=1d&events=div%2Csplits,failed,0,2026-09-10T13:55:56.485479+00:00,,,,,,,,,,,,,HTTPError: HTTP Error 404: Not Found
SANM,https://query1.finance.yahoo.com/v8/finance/chart/SANM?period1=946684800&period2=1735689600&interval=1d&events=div%2Csplits,available,6289,2026-09-10T13:55:56.527883+00:00,f9afde0f5f5980f6b086f80055de6dbd930281650b74a8dcf70fca1c7edca189,SANM,Sanmina Corporation,Sanmina Corporation,EQUITY,NMS,USD,734794200.0,0.0,2000-01-03,2024-12-31,Ticker metadata only; permanent historical identity unverified,
SAPE,https://query1.finance.yahoo.com/v8/finance/chart/SAPE?period1=946684800&period2=1735689600&interval=1d&events=div%2Csplits,failed,0,2026-09-10T13:55:56.575983+00:00,31a467e469c4ed602f54d3295e5faf8f9b72c9ceffa561c7df4c37cb068e4f0b,SAPE,,999769,MUTUALFUND,YHD,,,,,,,ValueError: Constituent request did not resolve to an equity
SATS,https://query1.finance.yahoo.com/v8/finance/chart/SATS?period1=946684800&period2=1735689600&interval=1d&events=div%2Csplits,failed,0,2026-09-10T13:55:56.660502+00:00,,,,,,,,,,,,,HTTPError: HTTP Error 404: Not Found
SB,https://query1.finance.yahoo.com/v8/finance/chart/SB?period1=946684800&period2=1735689600&interval=1d&events=div%2Csplits,available,4176,2026-09-10T13:55:56.713014+00:00,1a97dd412fe9c624941b83631e6d01a2dab5e7e2f45f30e9c330b2d3d42f15d5,SB,"Safe Bulkers, Inc.","Safe Bulkers, Inc",EQUITY,NYQ,USD,1212154200.0,0.0,2008-05-30,2024-12-31,Ticker metadata only; permanent historical identity unverified,
SBAC,https://query1.finance.yahoo.com/v8/finance/chart/SBAC?period1=946684800&period2=1735689600&interval=1d&events=div%2Csplits,available,6289,2026-09-10T13:55:56.766080+00:00,1bde21b9a8d8d1763e2f0980e8aac6b5318f9b8d45d3ec0a37b00b7bae9add15,SBAC,SBA Communications Corporation,SBA Communications Corporation,EQUITY,NMS,USD,929539800.0,0.0,2000-01-03,2024-12-31,Ticker metadata only; permanent historical identity unverified,
SBL,https://query1.finance.yahoo.com/v8/finance/chart/SBL?period1=946684800&period2=1735689600&interval=1d&events=div%2Csplits,failed,0,2026-09-10T13:55:56.911081+00:00,aa780ea57da9280f48ef7da769b6f0d8b7be9efea29cf04f445a0a2b2440e8fd,SBL,,2092407,MUTUALFUND,YHD,,1267540200.0,,,,,ValueError: Constituent request did not resolve to an equity
SBNY,https://query1.finance.yahoo.com/v8/finance/chart/SBNY?period1=946684800&period2=1735689600&interval=1d&events=div%2Csplits,available,96,2026-09-10T13:55:56.970101+00:00,387dd68d1bd5ed48acddf6ff0d116b0e1ad4f850988f55a20610ba7441430ea6,SBNY,Signature Bank,"Signature Bank (New York, NY)",EQUITY,PNK,USD,1723728600.0,0.0,2024-08-15,2024-12-31,Ticker metadata only; permanent historical identity unverified,
SBUX,https://query1.finance.yahoo.com/v8/finance/chart/SBUX?period1=946684800&period2=1735689600&interval=1d&events=div%2Csplits,available,6289,2026-09-10T13:55:57.007999+00:00,7d848e829841fb384a78e2d20b49e9d8b8f192422248b00d24542db05298867c,SBUX,Starbucks Corporation,Starbucks Corporation,EQUITY,NMS,USD,709565400.0,0.0,2000-01-03,2024-12-31,Ticker metadata only; permanent historical identity unverified,
SCG,https://query1.finance.yahoo.com/v8/finance/chart/SCG?period1=946684800&period2=1735689600&interval=1d&events=div%2Csplits,failed,0,2026-09-10T13:55:57.043194+00:00,d25dd6343dca8adf2c1e99cb5b7dceb43e4955abbedae109a414fea20b23b278,SCG,SCANA Corporation,348714,MUTUALFUND,YHD,,1437053400.0,,,,,ValueError: Constituent request did not resolve to an equity
SCHW,https://query1.finance.yahoo.com/v8/finance/chart/SCHW?period1=946684800&period2=1735689600&interval=1d&events=div%2Csplits,available,6289,2026-09-10T13:55:57.178282+00:00,0cc16e01e500aa53fff20e8d4ed93f45bf76c2920333b800309fe62f26c44d88,SCHW,The Charles Schwab Corporation,Charles Schwab Corporation (The,EQUITY,NYQ,USD,559315800.0,0.0,2000-01-03,2024-12-31,Ticker metadata only; permanent historical identity unverified,
SCI,https://query1.finance.yahoo.com/v8/finance/chart/SCI?period1=946684800&period2=1735689600&interval=1d&events=div%2Csplits,available,6289,2026-09-10T13:55:57.265634+00:00,576a777ecdc82d519e399b1d08207ab1c6d5808c60585bb7b11cc9bb4ec962a2,SCI,Service Corporation International,Service Corporation Internation,EQUITY,NYQ,USD,322151400.0,0.0,2000-01-03,2024-12-31,Ticker metadata only; permanent historical identity unverified,
SDS,https://query1.finance.yahoo.com/v8/finance/chart/SDS?period1=946684800&period2=1735689600&interval=1d&events=div%2Csplits,failed,0,2026-09-10T13:55:57.536651+00:00,c48fc66c037692711c807677321147f813538f815d6c700420f535b5eec679e5,SDS,ProShares UltraShort S&P500,ProShares UltraShort S&P500,ETF,PCX,USD,1152797400.0,,,,,ValueError: Constituent request did not resolve to an equity
SE,https://query1.finance.yahoo.com/v8/finance/chart/SE?period1=946684800&period2=1735689600&interval=1d&events=div%2Csplits,available,1810,2026-09-10T13:55:57.559748+00:00,0efa67abf23111503dce019dade2637df1bf75a9a38241c52c498ca39c575e07,SE,Sea Limited,Sea Limited,EQUITY,NYQ,USD,1508506200.0,0.0,2017-10-20,2024-12-31,Ticker metadata only; permanent historical identity unverified,
SEBL,https://query1.finance.yahoo.com/v8/finance/chart/SEBL?period1=946684800&period2=1735689600&interval=1d&events=div%2Csplits,failed,0,2026-09-10T13:55:57.698788+00:00,dd89ccb4f83214ea46dcba1b09264b0b80d756d9908724b70b584d3cff81cd03,SEBL,,20354433,MUTUALFUND,YHD,,,,,,,ValueError: Constituent request did not resolve to an equity
SEDG,https://query1.finance.yahoo.com/v8/finance/chart/SEDG?period1=946684800&period2=1735689600&interval=1d&events=div%2Csplits,available,2459,2026-09-10T13:55:57.751618+00:00,89d1aa22e13e07d6b0062069f1a5fcf32dfba55e15340439551bd9102d72e78e,SEDG,"SolarEdge Technologies, Inc.","SolarEdge Technologies, Inc.",EQUITY,NMS,USD,1427376600.0,0.0,2015-03-26,2024-12-31,Ticker metadata only; permanent historical identity unverified,
SEE,https://query1.finance.yahoo.com/v8/finance/chart/SEE?period1=946684800&period2=1735689600&interval=1d&events=div%2Csplits,failed,0,2026-09-10T13:55:57.757624+00:00,,,,,,,,,,,,,HTTPError: HTTP Error 404: Not Found
SEG,https://query1.finance.yahoo.com/v8/finance/chart/SEG?period1=946684800&period2=1735689600&interval=1d&events=div%2Csplits,available,108,2026-09-10T13:55:57.815901+00:00,1234c0500007e49958cfd6fc91b59da3b5363cce86e14abeb6bc55dafc7dfaa9,SEG,Seaport Entertainment Group Inc.,Seaport Entertainment Group Inc,EQUITY,NYQ,USD,1722346200.0,0.0,2024-07-30,2024-12-31,Ticker metadata only; permanent historical identity unverified,
SFA,https://query1.finance.yahoo.com/v8/finance/chart/SFA?period1=946684800&period2=1735689600&interval=1d&events=div%2Csplits,failed,0,2026-09-10T13:55:57.897938+00:00,016e532907d6d49d99a70bd4f1a816629b125777f63d630151b9952256072b7a,SFA,,1307741,MUTUALFUND,YHD,,866640600.0,,,,,ValueError: Constituent request did not resolve to an equity
SFS,https://query1.finance.yahoo.com/v8/finance/chart/SFS?period1=946684800&period2=1735689600&interval=1d&events=div%2Csplits,failed,0,2026-09-10T13:55:57.918081+00:00,,,,,,,,,,,,,HTTPError: HTTP Error 404: Not Found
SGID,https://query1.finance.yahoo.com/v8/finance/chart/SGID?period1=946684800&period2=1735689600&interval=1d&events=div%2Csplits,failed,0,2026-09-10T13:55:57.978676+00:00,,,,,,,,,,,,,HTTPError: HTTP Error 404: Not Found
SGP,https://query1.finance.yahoo.com/v8/finance/chart/SGP?period1=946684800&period2=1735689600&interval=1d&events=div%2Csplits,failed,0,2026-09-10T13:55:57.994112+00:00,,,,,,,,,,,,,HTTPError: HTTP Error 400: Bad Request
SHLD,https://query1.finance.yahoo.com/v8/finance/chart/SHLD?period1=946684800&period2=1735689600&interval=1d&events=div%2Csplits,failed,0,2026-09-10T13:55:58.042636+00:00,eee796ee97dbe61bcc4b56fdb93f07d4006c3b644ad8b8a14ccd8e9a452a18f3,SHLD,Global X Defense Tech ETF,Global X Defense Tech ETF,ETF,PCX,USD,1694698200.0,,,,,ValueError: Constituent request did not resolve to an equity
SHN,https://query1.finance.yahoo.com/v8/finance/chart/SHN?period1=946684800&period2=1735689600&interval=1d&events=div%2Csplits,failed,0,2026-09-10T13:55:58.058380+00:00,,,,,,,,,,,,,HTTPError: HTTP Error 404: Not Found
SHW,https://query1.finance.yahoo.com/v8/finance/chart/SHW?period1=946684800&period2=1735689600&interval=1d&events=div%2Csplits,available,6289,2026-09-10T13:55:58.120909+00:00,c5c03b3451cf051ba3d2fa02f00acc3b7fe44e1d3fe7ffa393159a832a3baba0,SHW,The Sherwin-Williams Company,Sherwin-Williams Company (The),EQUITY,NYQ,USD,322151400.0,0.0,2000-01-03,2024-12-31,Ticker metadata only; permanent historical identity unverified,
SIAL,https://query1.finance.yahoo.com/v8/finance/chart/SIAL?period1=946684800&period2=1735689600&interval=1d&events=div%2Csplits,failed,0,2026-09-10T13:55:58.131986+00:00,418257b2514200c0eff5511f4da5954cfd164987d66da5926c6105333763824e,SIAL,,435206,MUTUALFUND,YHD,,,,,,,ValueError: Constituent request did not resolve to an equity
SIG,https://query1.finance.yahoo.com/v8/finance/chart/SIG?period1=946684800&period2=1735689600&interval=1d&events=div%2Csplits,available,6289,2026-09-10T13:55:58.191417+00:00,62550e072cc499508a8d61777c3c2995a992be89ce97739bf6909982fbce575a,SIG,Signet Jewelers Limited,Signet Jewelers Limited,EQUITY,NYQ,USD,584890200.0,0.0,2000-01-03,2024-12-31,Ticker metadata only; permanent historical identity unverified,
SII,https://query1.finance.yahoo.com/v8/finance/chart/SII?period1=946684800&period2=1735689600&interval=1d&events=div%2Csplits,available,3741,2026-09-10T13:55:58.381822+00:00,62a2f51c7a4c06bff9e4dfd74250c6448f81c8f060eac154ea7e455436aa75c5,SII,Sprott Inc.,Sprott Inc.,EQUITY,NYQ,USD,1266849000.0,0.0,2010-02-22,2024-12-31,Ticker metadata only; permanent historical identity unverified,
SIVB,https://query1.finance.yahoo.com/v8/finance/chart/SIVB?period1=946684800&period2=1735689600&interval=1d&events=div%2Csplits,failed,0,2026-09-10T13:55:58.451902+00:00,,,,,,,,,,,,,HTTPError: HTTP Error 404: Not Found
SJM,https://query1.finance.yahoo.com/v8/finance/chart/SJM?period1=946684800&period2=1735689600&interval=1d&events=div%2Csplits,available,6289,2026-09-10T13:55:58.507521+00:00,52309c95169a99a291505cc6493b85f1c16e17a76ddc584a5b7a077e3d74c795,SJM,The J. M. Smucker Company,The J.M. Smucker Company,EQUITY,NYQ,USD,783613800.0,0.0,2000-01-03,2024-12-31,Ticker metadata only; permanent historical identity unverified,
SK,https://query1.finance.yahoo.com/v8/finance/chart/SK?period1=946684800&period2=1735689600&interval=1d&events=div%2Csplits,failed,0,2026-09-10T13:55:58.555408+00:00,,,,,,,,,,,,,HTTPError: HTTP Error 400: Bad Request
SLB,https://query1.finance.yahoo.com/v8/finance/chart/SLB?period1=946684800&period2=1735689600&interval=1d&events=div%2Csplits,available,6289,2026-09-10T13:55:58.610061+00:00,1998feb43cee716ab66c522a8e7981142efc273beaf05b13cecf8028c8c341af,SLB,SLB N.V.,SLB Limited,EQUITY,NYQ,USD,378657000.0,0.0,2000-01-03,2024-12-31,Ticker metadata only; permanent historical identity unverified,
SLG,https://query1.finance.yahoo.com/v8/finance/chart/SLG?period1=946684800&period2=1735689600&interval=1d&events=div%2Csplits,available,6289,2026-09-10T13:55:58.764479+00:00,a00c7774c533ac836ff4e11adc42bfe36e34972af89c2116623de622b5a45d05,SLG,SL Green Realty Corp.,SL Green Realty Corp,EQUITY,NYQ,USD,871651800.0,0.0,2000-01-03,2024-12-31,Ticker metadata only; permanent historical identity unverified,
SLM,https://query1.finance.yahoo.com/v8/finance/chart/SLM?period1=946684800&period2=1735689600&interval=1d&events=div%2Csplits,available,6289,2026-09-10T13:55:58.906894+00:00,d9432b5873b36d2e0223d5b4d180b41f3db1f06e9d450157186d22f80e274dc3,SLM,SLM Corporation,SLM Corporation,EQUITY,NMS,USD,433171800.0,0.0,2000-01-03,2024-12-31,Ticker metadata only; permanent historical identity unverified,
SLR,https://query1.finance.yahoo.com/v8/finance/chart/SLR?period1=946684800&period2=1735689600&interval=1d&events=div%2Csplits,failed,0,2026-09-10T13:55:59.129093+00:00,4438c5e39c5259493b76f58809ac74bc77bfca48e9aa78d4330fa24256686ee7,SLR,,5156653,MUTUALFUND,YHD,,839943000.0,,,,,ValueError: Constituent request did not resolve to an equity
SMCI,https://query1.finance.yahoo.com/v8/finance/chart/SMCI?period1=946684800&period2=1735689600&interval=1d&events=div%2Csplits,available,4471,2026-09-10T13:55:59.221009+00:00,01a1f1eb999ee9b0a92b00b1617e621e8574594ceacf72bc15d4acb641d30fc5,SMCI,"Super Micro Computer, Inc.","Super Micro Computer, Inc.",EQUITY,NMS,USD,1175175000.0,0.0,2007-03-29,2024-12-31,Ticker metadata only; permanent historical identity unverified,
SMI,https://query1.finance.yahoo.com/v8/finance/chart/SMI?period1=946684800&period2=1735689600&interval=1d&events=div%2Csplits,failed,0,2026-09-10T13:55:59.224033+00:00,f470b4101d94c6ab3413bfaf4ae8ed285a0e601da4c7fe2f548ef0194aec5c03,SMI,VanEck HIP Sustainable Muni ETF,VanEck HIP Sustainable Muni ETF,ETF,BTS,USD,1631107800.0,,,,,ValueError: Constituent request did not resolve to an equity
SMS,https://query1.finance.yahoo.com/v8/finance/chart/SMS?period1=946684800&period2=1735689600&interval=1d&events=div%2Csplits,failed,0,2026-09-10T13:55:59.320772+00:00,332b018c8d4bff954b9856a7a306be983fa0f4ad32ed078092fdef6d5fde46f0,SMS,,,MUTUALFUND,YHD,,1548081000.0,,,,,ValueError: Constituent request did not resolve to an equity
SNA,https://query1.finance.yahoo.com/v8/finance/chart/SNA?period1=946684800&period2=1735689600&interval=1d&events=div%2Csplits,available,6289,2026-09-10T13:55:59.417565+00:00,4c3439cf41450c5bafca6c07eaf3b2539ceb5b6a142bc8f9097562ce5376400c,SNA,Snap-on Incorporated,Snap-On Incorporated,EQUITY,NYQ,USD,99153000.0,0.0,2000-01-03,2024-12-31,Ticker metadata only; permanent historical identity unverified,
SNDK,https://query1.finance.yahoo.com/v8/finance/chart/SNDK?period1=946684800&period2=1735689600&interval=1d&events=div%2Csplits,failed,0,2026-09-10T13:55:59.439382+00:00,,,,,,,,,,,,,HTTPError: HTTP Error 400: Bad Request
SNI,https://query1.finance.yahoo.com/v8/finance/chart/SNI?period1=946684800&period2=1735689600&interval=1d&events=div%2Csplits,failed,0,2026-09-10T13:55:59.701495+00:00,3fd68785bdd3e7ef5bedebcdb709be1671460ac1e934444d31569f75512caf7b,SNI,Shenni Holdings Ltd,,MUTUALFUND,YHD,,1213277400.0,,,,,ValueError: Constituent request did not resolve to an equity
SNPS,https://query1.finance.yahoo.com/v8/finance/chart/SNPS?period1=946684800&period2=1735689600&interval=1d&events=div%2Csplits,available,6289,2026-09-10T13:55:59.764862+00:00,317761f441b6ec0b52c18ec11e890e0d26697aafc6b5abf3856e1dcc88fd6e8c,SNPS,"Synopsys, Inc.","Synopsys, Inc.",EQUITY,NMS,USD,699114600.0,0.0,2000-01-03,2024-12-31,Ticker metadata only; permanent historical identity unverified,
SNT,https://query1.finance.yahoo.com/v8/finance/chart/SNT?period1=946684800&period2=1735689600&interval=1d&events=div%2Csplits,available,6289,2026-09-10T13:55:59.883823+00:00,27be1bc376eca7b6aaa3de091497e508580e8bb1e74a0cd03fcda333f98dd711,SNT,Senstar Technologies Corporation,Senstar Technologies Corporatio,EQUITY,NGM,USD,732897000.0,0.0,2000-01-03,2024-12-31,Ticker metadata only; permanent historical identity unverified,
SNV,https://query1.finance.yahoo.com/v8/finance/chart/SNV?period1=946684800&period2=1735689600&interval=1d&events=div%2Csplits,failed,0,2026-09-10T13:56:00.006872+00:00,,,,,,,,,,,,,HTTPError: HTTP Error 404: Not Found
SO,https://query1.finance.yahoo.com/v8/finance/chart/SO?period1=946684800&period2=1735689600&interval=1d&events=div%2Csplits,available,6289,2026-09-10T13:56:00.083875+00:00,8fd35c07fd01a9edce529b3a18668fc086f3bc447c43f35cc5318530558b8e9e,SO,The Southern Company,Southern Company (The),EQUITY,NYQ,USD,378657000.0,0.0,2000-01-03,2024-12-31,Ticker metadata only; permanent historical identity unverified,
SOLS,https://query1.finance.yahoo.com/v8/finance/chart/SOLS?period1=946684800&period2=1735689600&interval=1d&events=div%2Csplits,failed,0,2026-09-10T13:56:00.347247+00:00,,,,,,,,,,,,,HTTPError: HTTP Error 400: Bad Request
SOLV,https://query1.finance.yahoo.com/v8/finance/chart/SOLV?period1=946684800&period2=1735689600&interval=1d&events=div%2Csplits,available,194,2026-09-10T13:56:00.436829+00:00,611145a79112a17fb8f12f116e5974f909b8d2fe8990d4fc8d9a0f93d6310d2b,SOLV,Solventum Corporation,Solventum Corporation,EQUITY,NYQ,USD,1711459800.0,0.0,2024-03-26,2024-12-31,Ticker metadata only; permanent historical identity unverified,
SOTR,https://query1.finance.yahoo.com/v8/finance/chart/SOTR?period1=946684800&period2=1735689600&interval=1d&events=div%2Csplits,failed,0,2026-09-10T13:56:00.521098+00:00,3a632277538baefe5754dfe9b00ac277a7fa72bb2b3b8fb4c93072bc0a0e27a6,SOTR,,,MUTUALFUND,YHD,,,,,,,ValueError: Constituent request did not resolve to an equity
SOV,https://query1.finance.yahoo.com/v8/finance/chart/SOV?period1=946684800&period2=1735689600&interval=1d&events=div%2Csplits,failed,0,2026-09-10T13:56:00.617010+00:00,766d4ac7ddcd423cd09a9d058dd6e640b5b6f4ea392008f9a386efb16b390c97,SOV,,1575450,MUTUALFUND,YHD,,946996200.0,,,,,ValueError: Constituent request did not resolve to an equity
SPG,https://query1.finance.yahoo.com/v8/finance/chart/SPG?period1=946684800&period2=1735689600&interval=1d&events=div%2Csplits,available,6289,2026-09-10T13:56:00.704452+00:00,4392d87e53227756c8e8b9f2c1fae97fa6c0fe88daea3f2395af4172247fba22,SPG,"Simon Property Group, Inc.","Simon Property Group, Inc.",EQUITY,NYQ,USD,755879400.0,0.0,2000-01-03,2024-12-31,Ticker metadata only; permanent historical identity unverified,
SPGI,https://query1.finance.yahoo.com/v8/finance/chart/SPGI?period1=946684800&period2=1735689600&interval=1d&events=div%2Csplits,available,6289,2026-09-10T13:56:01.000350+00:00,956cf84606bb3b1f5cc730d59c1dbcb36ce93c9cdce3bca1e79d21402cc63ccb,SPGI,S&P Global Inc.,S&P Global Inc.,EQUITY,NYQ,USD,99153000.0,0.0,2000-01-03,2024-12-31,Ticker metadata only; permanent historical identity unverified,
SPLS,https://query1.finance.yahoo.com/v8/finance/chart/SPLS?period1=946684800&period2=1735689600&interval=1d&events=div%2Csplits,failed,0,2026-09-10T13:56:01.312557+00:00,,,,,,,,,,,,,HTTPError: HTTP Error 400: Bad Request
SRCL,https://query1.finance.yahoo.com/v8/finance/chart/SRCL?period1=946684800&period2=1735689600&interval=1d&events=div%2Csplits,failed,0,2026-09-10T13:56:01.383146+00:00,,,,,,,,,,,,,HTTPError: HTTP Error 404: Not Found
SRE,https://query1.finance.yahoo.com/v8/finance/chart/SRE?period1=946684800&period2=1735689600&interval=1d&events=div%2Csplits,available,6289,2026-09-10T13:56:01.459661+00:00,dff4f01c23098820a6bb0441c767c8a217d78ff4fa0201b47e73645fb642ef2b,SRE,Sempra,DBA Sempra,EQUITY,NYQ,USD,899127000.0,0.0,2000-01-03,2024-12-31,Ticker metadata only; permanent historical identity unverified,
SRR,https://query1.finance.yahoo.com/v8/finance/chart/SRR?period1=946684800&period2=1735689600&interval=1d&events=div%2Csplits,failed,0,2026-09-10T13:56:01.682448+00:00,a772cc5578ea608c0e6f9911d7d5761fd8a9dbbfd637d97d2ac2790e3dd25b28,SRR,,140577,MUTUALFUND,YHD,,1166797800.0,,,,,ValueError: Constituent request did not resolve to an equity
SSP,https://query1.finance.yahoo.com/v8/finance/chart/SSP?period1=946684800&period2=1735689600&interval=1d&events=div%2Csplits,available,6289,2026-09-10T13:56:01.858777+00:00,d05fce5ba178712b0194a925e25163e363e4533f614388673e74a24fd06949b8,SSP,The E.W. Scripps Company,E.W. Scripps Company (The),EQUITY,NMS,USD,583680600.0,0.0,2000-01-03,2024-12-31,Ticker metadata only; permanent historical identity unverified,
STE,https://query1.finance.yahoo.com/v8/finance/chart/STE?period1=946684800&period2=1735689600&interval=1d&events=div%2Csplits,available,6289,2026-09-10T13:56:01.973062+00:00,11d5efa7accd11ef487d09db995dd8828f5d6517519011e803e03b906f4a76b2,STE,STERIS plc,STERIS plc (Ireland),EQUITY,NYQ,USD,707405400.0,0.0,2000-01-03,2024-12-31,Ticker metadata only; permanent historical identity unverified,
STI,https://query1.finance.yahoo.com/v8/finance/chart/STI?period1=946684800&period2=1735689600&interval=1d&events=div%2Csplits,available,671,2026-09-10T13:56:02.101076+00:00,394f3dd83bb0f88334fac76437d0195b5dc563ce268f17ae8ad2abf50e60fbd7,STI,"Solidion Technology, Inc.","Solidion Technology, Inc.",EQUITY,NCM,USD,1651498200.0,0.0,2022-05-02,2024-12-31,Ticker metadata only; permanent historical identity unverified,
STJ,https://query1.finance.yahoo.com/v8/finance/chart/STJ?period1=946684800&period2=1735689600&interval=1d&events=div%2Csplits,failed,0,2026-09-10T13:56:02.212976+00:00,4d89c83548bf7ea342bbd282ae893f62c1d6d153cadba6746c844a2f17a945a0,STJ,,2007840,MUTUALFUND,YHD,,,,,,,ValueError: Constituent request did not resolve to an equity
STLD,https://query1.finance.yahoo.com/v8/finance/chart/STLD?period1=946684800&period2=1735689600&interval=1d&events=div%2Csplits,available,6289,2026-09-10T13:56:02.255202+00:00,46de970a78264ca0d2036ebd72a08866623a1051f8f095c953cdf9457e49794d,STLD,"Steel Dynamics, Inc.","Steel Dynamics, Inc.",EQUITY,NMS,USD,848673000.0,0.0,2000-01-03,2024-12-31,Ticker metadata only; permanent historical identity unverified,
STO,https://query1.finance.yahoo.com/v8/finance/chart/STO?period1=946684800&period2=1735689600&interval=1d&events=div%2Csplits,failed,0,2026-09-10T13:56:02.307904+00:00,a5bad439f7c40eab35b99870e8aef5ed78e713ee48187ed98258d62f1bfad448,STO,,426673,MUTUALFUND,YHD,,,,,,,ValueError: Constituent request did not resolve to an equity
STR,https://query1.finance.yahoo.com/v8/finance/chart/STR?period1=946684800&period2=1735689600&interval=1d&events=div%2Csplits,failed,0,2026-09-10T13:56:02.386427+00:00,,,,,,,,,,,,,HTTPError: HTTP Error 404: Not Found
STT,https://query1.finance.yahoo.com/v8/finance/chart/STT?period1=946684800&period2=1735689600&interval=1d&events=div%2Csplits,available,6289,2026-09-10T13:56:02.454632+00:00,5275208e5f5a0409bbac2ba7d396ed68eefcd7acf74d18c86d4bd1661f3d287f,STT,State Street Corporation,State Street Corporation,EQUITY,NYQ,USD,322151400.0,0.0,2000-01-03,2024-12-31,Ticker metadata only; permanent historical identity unverified,
STX,https://query1.finance.yahoo.com/v8/finance/chart/STX?period1=946684800&period2=1735689600&interval=1d&events=div%2Csplits,available,5551,2026-09-10T13:56:02.512356+00:00,b61e91119b721aca939c604bb8d57e61bdce927387d7a395f33ed93bd89a6b52,STX,Seagate Technology Holdings plc,Seagate Technology Holdings PLC,EQUITY,NMS,USD,1039617000.0,0.0,2002-12-11,2024-12-31,Ticker metadata only; permanent historical identity unverified,
STZ,https://query1.finance.yahoo.com/v8/finance/chart/STZ?period1=946684800&period2=1735689600&interval=1d&events=div%2Csplits,available,6289,2026-09-10T13:56:02.741742+00:00,83f76f15599a9908b89db195b25d8f2623ff8625f696cb46b91ed0ae7b864a2d,STZ,"Constellation Brands, Inc.","Constellation Brands, Inc.",EQUITY,NYQ,USD,700842600.0,0.0,2000-01-03,2024-12-31,Ticker metadata only; permanent historical identity unverified,
SUB,https://query1.finance.yahoo.com/v8/finance/chart/SUB?period1=946684800&period2=1735689600&interval=1d&events=div%2Csplits,failed,0,2026-09-10T13:56:02.766052+00:00,59b871e732329329a2d438e6ba9c93129f26644281657669476a9f0675d0c690,SUB,iShares Short-Term National Muni Bond ETF,iShares Short-Term National Mun,ETF,PCX,USD,1227105000.0,,,,,ValueError: Constituent request did not resolve to an equity
SUN,https://query1.finance.yahoo.com/v8/finance/chart/SUN?period1=946684800&period2=1735689600&interval=1d&events=div%2Csplits,available,3089,2026-09-10T13:56:02.989586+00:00,95f84f5d504db799a2086f5eecf8e97acaff8aa612d8db4b2b591eea4cf73578,SUN,Sunoco LP,Sunoco LP,EQUITY,NYQ,USD,1348147800.0,0.0,2012-09-20,2024-12-31,Ticker metadata only; permanent historical identity unverified,
SUNEQ,https://query1.finance.yahoo.com/v8/finance/chart/SUNEQ?period1=946684800&period2=1735689600&interval=1d&events=div%2Csplits,failed,0,2026-09-10T13:56:03.091326+00:00,f5030aff764509edac393100af5f799dc5fcb03fbd9f5d027b05ed4f69eb2fd9,SUNEQ,,,MUTUALFUND,YHD,,,,,,,ValueError: Constituent request did not resolve to an equity
SVU,https://query1.finance.yahoo.com/v8/finance/chart/SVU?period1=946684800&period2=1735689600&interval=1d&events=div%2Csplits,failed,0,2026-09-10T13:56:03.160596+00:00,273f27102fc6fba20daa904fd7c423292a2656c6955b23c2ff1875aed7e0a208,SVU,SUPERVALU INC.,682571,MUTUALFUND,YHD,,76253400.0,,,,,ValueError: Constituent request did not resolve to an equity
SW,https://query1.finance.yahoo.com/v8/finance/chart/SW?period1=946684800&period2=1735689600&interval=1d&events=div%2Csplits,available,4164,2026-09-10T13:56:03.190909+00:00,278f3501761add015fe3aa30db1c5aa468f3359e3db21ee2af7787d12ce79ef3,SW,Smurfit Westrock Plc,Smurfit WestRock plc,EQUITY,NYQ,USD,1213709400.0,0.0,2008-06-17,2024-12-31,Ticker metadata only; permanent historical identity unverified,
SWK,https://query1.finance.yahoo.com/v8/finance/chart/SWK?period1=946684800&period2=1735689600&interval=1d&events=div%2Csplits,available,6289,2026-09-10T13:56:03.361908+00:00,5d00ff7b700744168ff5e8005e20c6e4019e5b1a821b39515bf517df23966c23,SWK,"Stanley Black & Decker, Inc.","Stanley Black & Decker, Inc.",EQUITY,NYQ,USD,322151400.0,0.0,2000-01-03,2024-12-31,Ticker metadata only; permanent historical identity unverified,
SWKS,https://query1.finance.yahoo.com/v8/finance/chart/SWKS?period1=946684800&period2=1735689600&interval=1d&events=div%2Csplits,available,6289,2026-09-10T13:56:03.400231+00:00,117b813934514821dc18c018447c2c04651328aa93ad81b2cc10af5cae5174f9,SWKS,"Skyworks Solutions, Inc.","Skyworks Solutions, Inc.",EQUITY,NMS,USD,463411800.0,0.0,2000-01-03,2024-12-31,Ticker metadata only; permanent historical identity unverified,
SWN,https://query1.finance.yahoo.com/v8/finance/chart/SWN?period1=946684800&period2=1735689600&interval=1d&events=div%2Csplits,failed,0,2026-09-10T13:56:03.648614+00:00,,,,,,,,,,,,,HTTPError: HTTP Error 404: Not Found
SWY,https://query1.finance.yahoo.com/v8/finance/chart/SWY?period1=946684800&period2=1735689600&interval=1d&events=div%2Csplits,failed,0,2026-09-10T13:56:03.691563+00:00,d79b5bc70bfc6cae41bff6cee2c691aee7ee53998d4a54cb77d19f99b1232f82,SWY,,2955007,MUTUALFUND,YHD,,,,,,,ValueError: Constituent request did not resolve to an equity
SXCL,https://query1.finance.yahoo.com/v8/finance/chart/SXCL?period1=946684800&period2=1735689600&interval=1d&events=div%2Csplits,failed,0,2026-09-10T13:56:03.723625+00:00,6ddee29e0bf67767233e80d861387efbcfe75380165075d30311cf20763b1b60,SXCL,,,MUTUALFUND,YHD,,,,,,,ValueError: Constituent request did not resolve to an equity
SYF,https://query1.finance.yahoo.com/v8/finance/chart/SYF?period1=946684800&period2=1735689600&interval=1d&events=div%2Csplits,available,2623,2026-09-10T13:56:03.776217+00:00,8820f96231c65c24966d59723134cf4c8b30524722b99b02c990c1d9db2d97cf,SYF,Synchrony Financial,Synchrony Financial,EQUITY,NYQ,USD,1406813400.0,0.0,2014-07-31,2024-12-31,Ticker metadata only; permanent historical identity unverified,
SYK,https://query1.finance.yahoo.com/v8/finance/chart/SYK?period1=946684800&period2=1735689600&interval=1d&events=div%2Csplits,available,6289,2026-09-10T13:56:03.797757+00:00,f2042acd4e7eea7a3e882a9f66d40ac1965f9888b919dbad61c9c54f22145c3b,SYK,Stryker Corporation,Stryker Corporation,EQUITY,NYQ,USD,322151400.0,0.0,2000-01-03,2024-12-31,Ticker metadata only; permanent historical identity unverified,
SYMC,https://query1.finance.yahoo.com/v8/finance/chart/SYMC?period1=946684800&period2=1735689600&interval=1d&events=div%2Csplits,failed,0,2026-09-10T13:56:03.970120+00:00,,,,,,,,,,,,,HTTPError: HTTP Error 404: Not Found
SYY,https://query1.finance.yahoo.com/v8/finance/chart/SYY?period1=946684800&period2=1735689600&interval=1d&events=div%2Csplits,available,6289,2026-09-10T13:56:04.030854+00:00,7dce1f83c248755b88627c1bb1442dadef80a107ef4a108953769573a46d307d,SYY,Sysco Corporation,Sysco Corporation,EQUITY,NYQ,USD,105715800.0,0.0,2000-01-03,2024-12-31,Ticker metadata only; permanent historical identity unverified,
T,https://query1.finance.yahoo.com/v8/finance/chart/T?period1=946684800&period2=1735689600&interval=1d&events=div%2Csplits,available,6289,2026-09-10T13:56:04.298111+00:00,2007b6af75486568ad3cfc867895cea06f3bc94de00f79ca7316f4cffecf9349,T,AT&T Inc.,AT&T Inc.,EQUITY,NYQ,USD,438273000.0,0.0,2000-01-03,2024-12-31,Ticker metadata only; permanent historical identity unverified,
TA,https://query1.finance.yahoo.com/v8/finance/chart/TA?period1=946684800&period2=1735689600&interval=1d&events=div%2Csplits,failed,0,2026-09-10T13:56:04.575617+00:00,,,,,,,,,,,,,HTTPError: HTTP Error 404: Not Found
TAP,https://query1.finance.yahoo.com/v8/finance/chart/TAP?period1=946684800&period2=1735689600&interval=1d&events=div%2Csplits,available,6289,2026-09-10T13:56:04.649398+00:00,1d9bfa1d0fd20822e984816a072bb4f213864f1751179cb01ff68d054208f436,TAP,Molson Coors Beverage Company,Molson Coors Beverage Company,EQUITY,NYQ,USD,171811800.0,0.0,2000-01-03,2024-12-31,Ticker metadata only; permanent historical identity unverified,
TCOMA,https://query1.finance.yahoo.com/v8/finance/chart/TCOMA?period1=946684800&period2=1735689600&interval=1d&events=div%2Csplits,failed,0,2026-09-10T13:56:04.946392+00:00,20171934d5e421886634c79a3fb69cb63ebb8e497330c05ae1a8ad5638d2e1e6,TCOMA,,,MUTUALFUND,YHD,,,,,,,ValueError: Constituent request did not resolve to an equity
TDC,https://query1.finance.yahoo.com/v8/finance/chart/TDC?period1=946684800&period2=1735689600&interval=1d&events=div%2Csplits,available,4343,2026-09-10T13:56:05.009804+00:00,67201e2a54f02f605ff9d9199fa43a1ccdcf4afdb8daddb0fe5f4e67bcb83410,TDC,Teradata Corporation,Teradata Corporation,EQUITY,NYQ,USD,1191245400.0,0.0,2007-10-01,2024-12-31,Ticker metadata only; permanent historical identity unverified,
TDG,https://query1.finance.yahoo.com/v8/finance/chart/TDG?period1=946684800&period2=1735689600&interval=1d&events=div%2Csplits,available,4732,2026-09-10T13:56:05.159433+00:00,adf546dd47e5b3c21bab6f9dc3702fe3b65241dfce4a832ca1a84705b6ce3c7c,TDG,TransDigm Group Incorporated,Transdigm Group Incorporated,EQUITY,NYQ,USD,1142433000.0,0.0,2006-03-15,2024-12-31,Ticker metadata only; permanent historical identity unverified,
TDM,https://query1.finance.yahoo.com/v8/finance/chart/TDM?period1=946684800&period2=1735689600&interval=1d&events=div%2Csplits,failed,0,2026-09-10T13:56:05.169581+00:00,fc7df69570df4af1cafc0b2832d8b79b53c295b49582b61a36c956b5c2ca7ea8,TDM,,,ECNQUOTE,NMS,,1540387800.0,,,,,ValueError: Constituent request did not resolve to an equity
TDY,https://query1.finance.yahoo.com/v8/finance/chart/TDY?period1=946684800&period2=1735689600&interval=1d&events=div%2Csplits,available,6289,2026-09-10T13:56:05.309241+00:00,151ed39bcc63e8116acd5e9764d3f3afdb99d83f1fff27a17c7db5d16666cceb,TDY,Teledyne Technologies Incorporated,Teledyne Technologies Incorpora,EQUITY,NYQ,USD,943367400.0,0.0,2000-01-03,2024-12-31,Ticker metadata only; permanent historical identity unverified,
TE,https://query1.finance.yahoo.com/v8/finance/chart/TE?period1=946684800&period2=1735689600&interval=1d&events=div%2Csplits,available,1252,2026-09-10T13:56:05.361169+00:00,ed264d7becb1e3db9350ac3bc49fa6dce3aa25c92668b0805a5d2d7aadf365b3,TE,T1 Energy Inc.,T1 Energy Inc.,EQUITY,NYQ,USD,1578666600.0,0.0,2020-01-10,2024-12-31,Ticker metadata only; permanent historical identity unverified,
TECH,https://query1.finance.yahoo.com/v8/finance/chart/TECH?period1=946684800&period2=1735689600&interval=1d&events=div%2Csplits,available,6289,2026-09-10T13:56:05.467473+00:00,bfa5b09ed68e85d6737f23db8405535168330ce40b8e9c912d6ac1bdf4c98493,TECH,Bio-Techne Corporation,Bio-Techne Corp,EQUITY,NMS,USD,603037800.0,0.0,2000-01-03,2024-12-31,Ticker metadata only; permanent historical identity unverified,
TEG,https://query1.finance.yahoo.com/v8/finance/chart/TEG?period1=946684800&period2=1735689600&interval=1d&events=div%2Csplits,failed,0,2026-09-10T13:56:05.512990+00:00,0420f95618fdf81344089e7b5c3286eefa29d6a5bc518cb7fa2e3c44a6df30f3,TEG,,,MUTUALFUND,YHD,,1450794600.0,,,,,ValueError: Constituent request did not resolve to an equity
TEK,https://query1.finance.yahoo.com/v8/finance/chart/TEK?period1=946684800&period2=1735689600&interval=1d&events=div%2Csplits,failed,0,2026-09-10T13:56:05.634078+00:00,a26c2d1e94aeb2a7535e305857f646ff0dcad95abefd2d7122bcb95cdf23d60b,TEK,iShares Technology Opportunities Active ETF,iShares Technology Opportunitie,ETF,PCX,USD,1729603800.0,,,,,ValueError: Constituent request did not resolve to an equity
TEL,https://query1.finance.yahoo.com/v8/finance/chart/TEL?period1=946684800&period2=1735689600&interval=1d&events=div%2Csplits,available,4418,2026-09-10T13:56:05.705374+00:00,e8306b31ef611f5fd512c69ee7957c84e38b0a121d7a7e9a0cb5c585e107decb,TEL,TE Connectivity plc,TE Connectivity plc,EQUITY,NYQ,USD,1181827800.0,0.0,2007-06-14,2024-12-31,Ticker metadata only; permanent historical identity unverified,
TEN,https://query1.finance.yahoo.com/v8/finance/chart/TEN?period1=946684800&period2=1735689600&interval=1d&events=div%2Csplits,available,5747,2026-09-10T13:56:05.747029+00:00,7f73b658dc554c336c978c0d6426eebfe660af3a9099a17105ae53cbb7a171dc,TEN,Tsakos Energy Navigation Limited,Tsakos Energy Navigation Ltd,EQUITY,NYQ,USD,1015338600.0,0.0,2002-03-05,2024-12-31,Ticker metadata only; permanent historical identity unverified,
TER,https://query1.finance.yahoo.com/v8/finance/chart/TER?period1=946684800&period2=1735689600&interval=1d&events=div%2Csplits,available,6289,2026-09-10T13:56:05.936192+00:00,3704a5e3876ad851806ac0c2ecd2c369f0c6f0e3d29548d5425730abd209beef,TER,"Teradyne, Inc.","Teradyne, Inc.",EQUITY,NMS,USD,99153000.0,0.0,2000-01-03,2024-12-31,Ticker metadata only; permanent historical identity unverified,
TEX,https://query1.finance.yahoo.com/v8/finance/chart/TEX?period1=946684800&period2=1735689600&interval=1d&events=div%2Csplits,available,6289,2026-09-10T13:56:06.003369+00:00,0b9d1dc5e47f812b7676dc1b9964c64f3c32f5ef67ec3327f9addb135319bb74,TEX,Terex Corporation,Terex Corporation,EQUITY,NYQ,USD,322324200.0,0.0,2000-01-03,2024-12-31,Ticker metadata only; permanent historical identity unverified,
TFC,https://query1.finance.yahoo.com/v8/finance/chart/TFC?period1=946684800&period2=1735689600&interval=1d&events=div%2Csplits,available,6289,2026-09-10T13:56:06.173740+00:00,2b510edf4df8a128cd5dcca5f71d0578caa36534f622cd076050aab8f6665ff3,TFC,Truist Financial Corporation,Truist Financial Corporation,EQUITY,NYQ,USD,322237800.0,0.0,2000-01-03,2024-12-31,Ticker metadata only; permanent historical identity unverified,
TFX,https://query1.finance.yahoo.com/v8/finance/chart/TFX?period1=946684800&period2=1735689600&interval=1d&events=div%2Csplits,available,6289,2026-09-10T13:56:06.257010+00:00,01cbd433b08f0dbec049ab4b27b634a8705379d62538f43032e1a9bbb8426559,TFX,Teleflex Incorporated,Teleflex Incorporated,EQUITY,NYQ,USD,322151400.0,0.0,2000-01-03,2024-12-31,Ticker metadata only; permanent historical identity unverified,
TGNA,https://query1.finance.yahoo.com/v8/finance/chart/TGNA?period1=946684800&period2=1735689600&interval=1d&events=div%2Csplits,failed,0,2026-09-10T13:56:06.435979+00:00,,,,,,,,,,,,,HTTPError: HTTP Error 404: Not Found
TGT,https://query1.finance.yahoo.com/v8/finance/chart/TGT?period1=946684800&period2=1735689600&interval=1d&events=div%2Csplits,available,6289,2026-09-10T13:56:06.515778+00:00,b44d46105b46d8972ecd9becc67c185c93aa6fd22554d07c5be3bbe8ab680d67,TGT,Target Corporation,Target Corporation,EQUITY,NYQ,USD,99153000.0,0.0,2000-01-03,2024-12-31,Ticker metadata only; permanent historical identity unverified,
THC,https://query1.finance.yahoo.com/v8/finance/chart/THC?period1=946684800&period2=1735689600&interval=1d&events=div%2Csplits,available,6289,2026-09-10T13:56:06.520007+00:00,804a7eb28821ce49a2075983fde29690f92673c53eefa00fea2c1c4810aeb9c4,THC,Tenet Healthcare Corporation,Tenet Healthcare Corporation,EQUITY,NYQ,USD,322151400.0,0.0,2000-01-03,2024-12-31,Ticker metadata only; permanent historical identity unverified,
THY,https://query1.finance.yahoo.com/v8/finance/chart/THY?period1=946684800&period2=1735689600&interval=1d&events=div%2Csplits,failed,0,2026-09-10T13:56:06.750419+00:00,db8fbd54c61c6275c7ee38f83452f4a83234c1b43fea2e3e7579ccb80a117d76,THY,Toews Agility Shares Dynamic Tactical Income ETF,Toews Agility Shares Dynamic Ta,ETF,PCX,USD,1593091800.0,,,,,ValueError: Constituent request did not resolve to an equity
TIE,https://query1.finance.yahoo.com/v8/finance/chart/TIE?period1=946684800&period2=1735689600&interval=1d&events=div%2Csplits,failed,0,2026-09-10T13:56:06.821422+00:00,c0fdc59daabdd9824ec0b0151c0d997756f2bef63692a10c2e88a746cb16c4d2,TIE,,215914,MUTUALFUND,YHD,,833981400.0,,,,,ValueError: Constituent request did not resolve to an equity
TIF,https://query1.finance.yahoo.com/v8/finance/chart/TIF?period1=946684800&period2=1735689600&interval=1d&events=div%2Csplits,failed,0,2026-09-10T13:56:07.008977+00:00,,,,,,,,,,,,,HTTPError: HTTP Error 404: Not Found
TIN,https://query1.finance.yahoo.com/v8/finance/chart/TIN?period1=946684800&period2=1735689600&interval=1d&events=div%2Csplits,failed,0,2026-09-10T13:56:07.064642+00:00,01e4befe690c931b506d572893995df4764c1ef7d2f2ccd5dee4cd752c540fbb,TIN,,1316414,MUTUALFUND,YHD,,1174570200.0,,,,,ValueError: Constituent request did not resolve to an equity
TJX,https://query1.finance.yahoo.com/v8/finance/chart/TJX?period1=946684800&period2=1735689600&interval=1d&events=div%2Csplits,available,6289,2026-09-10T13:56:07.126448+00:00,c4f6f6d652b7c0f4c02a41dafa19c98813d3efafdf79c2bd2b852895eedb780b,TJX,"The TJX Companies, Inc.","TJX Companies, Inc. (The)",EQUITY,NYQ,USD,551712600.0,0.0,2000-01-03,2024-12-31,Ticker metadata only; permanent historical identity unverified,
TKO,https://query1.finance.yahoo.com/v8/finance/chart/TKO?period1=946684800&period2=1735689600&interval=1d&events=div%2Csplits,available,6289,2026-09-10T13:56:07.470387+00:00,33ae3b9fe8137a0686bb1940b9e55d4b8d514c6d54ce3a36050d5dc8ed800ed2,TKO,"TKO Group Holdings, Inc.","TKO Group Holdings, Inc.",EQUITY,NYQ,USD,940339800.0,0.0,2000-01-03,2024-12-31,Ticker metadata only; permanent historical identity unverified,
TKR,https://query1.finance.yahoo.com/v8/finance/chart/TKR?period1=946684800&period2=1735689600&interval=1d&events=div%2Csplits,available,6289,2026-09-10T13:56:09.360418+00:00,a48432e3037f9e8968056ed401e7c4412514516430913a0163743b77b6a5f776,TKR,The Timken Company,Timken Company (The),EQUITY,NYQ,USD,99153000.0,0.0,2000-01-03,2024-12-31,Ticker metadata only; permanent historical identity unverified,
TLAB,https://query1.finance.yahoo.com/v8/finance/chart/TLAB?period1=946684800&period2=1735689600&interval=1d&events=div%2Csplits,failed,0,2026-09-10T13:56:09.630682+00:00,b0fc4bf20624c93370b5cfb931d779f6ff5fe2b5a0161fe77d110933eb14ac64,TLAB,,4999976,MUTUALFUND,YHD,,332515800.0,,,,,ValueError: Constituent request did not resolve to an equity
TMC,https://query1.finance.yahoo.com/v8/finance/chart/TMC?period1=946684800&period2=1735689600&interval=1d&events=div%2Csplits,available,832,2026-09-10T13:56:09.828840+00:00,10dd0d63322ba21a0576ceda73b3ed177b020debad8e3384b6f095ca210d8706,TMC,TMC the metals company Inc.,TMC the metals company Inc.,EQUITY,NMS,USD,1631280600.0,0.0,2021-09-10,2024-12-31,Ticker metadata only; permanent historical identity unverified,
TMC-A,https://query1.finance.yahoo.com/v8/finance/chart/TMC-A?period1=946684800&period2=1735689600&interval=1d&events=div%2Csplits,failed,0,2026-09-10T13:56:09.955060+00:00,,,,,,,,,,,,,HTTPError: HTTP Error 404: Not Found
TMK,https://query1.finance.yahoo.com/v8/finance/chart/TMK?period1=946684800&period2=1735689600&interval=1d&events=div%2Csplits,failed,0,2026-09-10T13:56:10.025385+00:00,,,,,,,,,,,,,HTTPError: HTTP Error 404: Not Found
TMO,https://query1.finance.yahoo.com/v8/finance/chart/TMO?period1=946684800&period2=1735689600&interval=1d&events=div%2Csplits,available,6289,2026-09-10T13:56:10.110350+00:00,8b75f7decb614be542a95e42a56449300a1302545faee8dc0fe8346715f82eb2,TMO,Thermo Fisher Scientific Inc.,Thermo Fisher Scientific Inc,EQUITY,NYQ,USD,322151400.0,0.0,2000-01-03,2024-12-31,Ticker metadata only; permanent historical identity unverified,
TMUS,https://query1.finance.yahoo.com/v8/finance/chart/TMUS?period1=946684800&period2=1735689600&interval=1d&events=div%2Csplits,available,4457,2026-09-10T13:56:10.346329+00:00,8b481fe08700593cf5a542cc8050c6f3159314f5bd0c37fd1861af342051bfe2,TMUS,"T-Mobile US, Inc.","T-Mobile US, Inc.",EQUITY,NMS,USD,1176989400.0,0.0,2007-04-19,2024-12-31,Ticker metadata only; permanent historical identity unverified,
TNB,https://query1.finance.yahoo.com/v8/finance/chart/TNB?period1=946684800&period2=1735689600&interval=1d&events=div%2Csplits,failed,0,2026-09-10T13:56:10.554114+00:00,061f8c6fd36ab571a7f7f72d24bc7127a8e82d7145f91e664252d007b307f950,TNB,,303598,MUTUALFUND,YHD,,1178112600.0,,,,,ValueError: Constituent request did not resolve to an equity
TOS,https://query1.finance.yahoo.com/v8/finance/chart/TOS?period1=946684800&period2=1735689600&interval=1d&events=div%2Csplits,failed,0,2026-09-10T13:56:10.720821+00:00,,,,,,,,,,,,,HTTPError: HTTP Error 400: Bad Request
TOY,https://query1.finance.yahoo.com/v8/finance/chart/TOY?period1=946684800&period2=1735689600&interval=1d&events=div%2Csplits,failed,0,2026-09-10T13:56:11.299469+00:00,f3e6c810f5dc06c7be43dccdd0d8ab8901bf7ebf7adfedd401aed045e168b0ca,TOY,,4427967,MUTUALFUND,YHD,,1405344600.0,,,,,ValueError: Constituent request did not resolve to an equity
TPL,https://query1.finance.yahoo.com/v8/finance/chart/TPL?period1=946684800&period2=1735689600&interval=1d&events=div%2Csplits,available,6289,2026-09-10T13:56:11.371672+00:00,5c240d17c96633912bf0d4dcc0b04fae61c44bc68268eedf346e46adceab4e2f,TPL,Texas Pacific Land Corporation,Texas Pacific Land Corporation,EQUITY,NYQ,USD,322151400.0,0.0,2000-01-03,2024-12-31,Ticker metadata only; permanent historical identity unverified,
TPR,https://query1.finance.yahoo.com/v8/finance/chart/TPR?period1=946684800&period2=1735689600&interval=1d&events=div%2Csplits,available,6096,2026-09-10T13:56:11.622149+00:00,fac1c9a67988a35d92c8e9194c90f81a7b8f5301d57fa4d137b6569ad46aebc3,TPR,"Tapestry, Inc.","Tapestry, Inc.",EQUITY,NYQ,USD,970839000.0,0.0,2000-10-06,2024-12-31,Ticker metadata only; permanent historical identity unverified,
TRB,https://query1.finance.yahoo.com/v8/finance/chart/TRB?period1=946684800&period2=1735689600&interval=1d&events=div%2Csplits,failed,0,2026-09-10T13:56:11.853741+00:00,818ebea4a429672341884fe3b84c02590c9ee756c95fea2c8d113ed766e04f76,TRB,,1340414,MUTUALFUND,YHD,,938698200.0,,,,,ValueError: Constituent request did not resolve to an equity
TRGP,https://query1.finance.yahoo.com/v8/finance/chart/TRGP?period1=946684800&period2=1735689600&interval=1d&events=div%2Csplits,available,3540,2026-09-10T13:56:11.921792+00:00,3a6afc765fc54921ba111d1923a4676633dd83a6454f4d312575dd0d031ec594,TRGP,Targa Resources Corp.,"Targa Resources, Inc.",EQUITY,NYQ,USD,1291732200.0,0.0,2010-12-07,2024-12-31,Ticker metadata only; permanent historical identity unverified,
TRIP,https://query1.finance.yahoo.com/v8/finance/chart/TRIP?period1=946684800&period2=1735689600&interval=1d&events=div%2Csplits,available,3287,2026-09-10T13:56:12.152098+00:00,989b56b9a6b00545b76a05e18dce6b7f733600b2b0e292c7b7be456299d6c652,TRIP,"Tripadvisor, Inc.","TripAdvisor, Inc.",EQUITY,NMS,USD,1323268200.0,0.0,2011-12-07,2024-12-31,Ticker metadata only; permanent historical identity unverified,
TRMB,https://query1.finance.yahoo.com/v8/finance/chart/TRMB?period1=946684800&period2=1735689600&interval=1d&events=div%2Csplits,available,6289,2026-09-10T13:56:12.308630+00:00,b0dd45865d1ce0730a51a754aead844bc88279269fa82f10ceab2b6d215c2823,TRMB,Trimble Inc.,Trimble Inc.,EQUITY,NMS,USD,648480600.0,0.0,2000-01-03,2024-12-31,Ticker metadata only; permanent historical identity unverified,
TROW,https://query1.finance.yahoo.com/v8/finance/chart/TROW?period1=946684800&period2=1735689600&interval=1d&events=div%2Csplits,available,6289,2026-09-10T13:56:12.530916+00:00,9ae5e3ac34a786eb3a6380084c98a599cc9f0764896031b40402838bbac060c9,TROW,"T. Rowe Price Group, Inc.","T. Rowe Price Group, Inc.",EQUITY,NMS,USD,512836200.0,0.0,2000-01-03,2024-12-31,Ticker metadata only; permanent historical identity unverified,
TRV,https://query1.finance.yahoo.com/v8/finance/chart/TRV?period1=946684800&period2=1735689600&interval=1d&events=div%2Csplits,available,6289,2026-09-10T13:56:12.854996+00:00,6b006e0352f874719e2051b4506f61b0a381d1b68e7fa73755caed49372832bb,TRV,"The Travelers Companies, Inc.","The Travelers Companies, Inc.",EQUITY,NYQ,USD,185466600.0,0.0,2000-01-03,2024-12-31,Ticker metadata only; permanent historical identity unverified,
TRW,https://query1.finance.yahoo.com/v8/finance/chart/TRW?period1=946684800&period2=1735689600&interval=1d&events=div%2Csplits,failed,0,2026-09-10T13:56:13.142929+00:00,410811753712b82fb21ed91027da80f772f69ef56b7badc7bca12bec74914af8,TRW,,171923,MUTUALFUND,YHD,,1023370200.0,,,,,ValueError: Constituent request did not resolve to an equity
TSCO,https://query1.finance.yahoo.com/v8/finance/chart/TSCO?period1=946684800&period2=1735689600&interval=1d&events=div%2Csplits,available,6289,2026-09-10T13:56:13.232441+00:00,04cbfacde0fb62ced775c55d7cb982da745246e6da367af153a9dcbccb61b1b8,TSCO,Tractor Supply Company,Tractor Supply Company,EQUITY,NMS,USD,761495400.0,0.0,2000-01-03,2024-12-31,Ticker metadata only; permanent historical identity unverified,
TSG,https://query1.finance.yahoo.com/v8/finance/chart/TSG?period1=946684800&period2=1735689600&interval=1d&events=div%2Csplits,failed,0,2026-09-10T13:56:13.454840+00:00,,,,,,,,,,,,,HTTPError: HTTP Error 404: Not Found
TSLA,https://query1.finance.yahoo.com/v8/finance/chart/TSLA?period1=946684800&period2=1735689600&interval=1d&events=div%2Csplits,available,3652,2026-09-10T13:56:13.517940+00:00,d3d10a75303144ca232784a26d2432a7866625fdae807d136042b254f6e7f938,TSLA,"Tesla, Inc.","Tesla, Inc.",EQUITY,NMS,USD,1277818200.0,0.0,2010-06-29,2024-12-31,Ticker metadata only; permanent historical identity unverified,
TSN,https://query1.finance.yahoo.com/v8/finance/chart/TSN?period1=946684800&period2=1735689600&interval=1d&events=div%2Csplits,available,6289,2026-09-10T13:56:13.724226+00:00,a37646958ed4b95caef2c908ba4fa81c345d27c31bd96a0e3555e5ab319c2f0c,TSN,"Tyson Foods, Inc.","Tyson Foods, Inc.",EQUITY,NYQ,USD,322151400.0,0.0,2000-01-03,2024-12-31,Ticker metadata only; permanent historical identity unverified,
TSS,https://query1.finance.yahoo.com/v8/finance/chart/TSS?period1=946684800&period2=1735689600&interval=1d&events=div%2Csplits,failed,0,2026-09-10T13:56:14.014899+00:00,,,,,,,,,,,,,HTTPError: HTTP Error 404: Not Found
TT,https://query1.finance.yahoo.com/v8/finance/chart/TT?period1=946684800&period2=1735689600&interval=1d&events=div%2Csplits,available,6289,2026-09-10T13:56:23.620184+00:00,19191083da111f27e31ae166be699e08d1ca4de6474ecfad4a62c2a32a43ec34,TT,Trane Technologies plc,Trane Technologies plc,EQUITY,NYQ,USD,322151400.0,0.0,2000-01-03,2024-12-31,Ticker metadata only; permanent historical identity unverified,
TTD,https://query1.finance.yahoo.com/v8/finance/chart/TTD?period1=946684800&period2=1735689600&interval=1d&events=div%2Csplits,available,2083,2026-09-10T13:56:23.881307+00:00,ac14bc9bf062b83ba82f41cd04f479b0e6d36e9f09fe71339dc77b8fcab645f1,TTD,"The Trade Desk, Inc.","The Trade Desk, Inc.",EQUITY,NGM,USD,1474464600.0,0.0,2016-09-21,2024-12-31,Ticker metadata only; permanent historical identity unverified,
TTWO,https://query1.finance.yahoo.com/v8/finance/chart/TTWO?period1=946684800&period2=1735689600&interval=1d&events=div%2Csplits,available,6289,2026-09-10T13:56:24.053344+00:00,aa58b0c0e538c829fd0ba79a331f5382cd95edeca9a8b189de9be51e14b2af57,TTWO,"Take-Two Interactive Software, Inc.","Take-Two Interactive Software, ",EQUITY,NMS,USD,861111000.0,0.0,2000-01-03,2024-12-31,Ticker metadata only; permanent historical identity unverified,
TUP,https://query1.finance.yahoo.com/v8/finance/chart/TUP?period1=946684800&period2=1735689600&interval=1d&events=div%2Csplits,failed,0,2026-09-10T13:56:24.280181+00:00,,,,,,,,,,,,,HTTPError: HTTP Error 404: Not Found
TWC,https://query1.finance.yahoo.com/v8/finance/chart/TWC?period1=946684800&period2=1735689600&interval=1d&events=div%2Csplits,failed,0,2026-09-10T13:56:24.348284+00:00,e1cf77e0cda17a7f82ea24acf51dceeab6966bd78be6f7c100daf2f45e4b7219,TWC,,,MUTUALFUND,YHD,,,,,,,ValueError: Constituent request did not resolve to an equity
TWTR,https://query1.finance.yahoo.com/v8/finance/chart/TWTR?period1=946684800&period2=1735689600&interval=1d&events=div%2Csplits,failed,0,2026-09-10T13:56:24.419886+00:00,,,,,,,,,,,,,HTTPError: HTTP Error 404: Not Found
TWX,https://query1.finance.yahoo.com/v8/finance/chart/TWX?period1=946684800&period2=1735689600&interval=1d&events=div%2Csplits,failed,0,2026-09-10T13:56:24.477474+00:00,42303065fce17ebc9e8c1ec8b858c9800163b688e5f563adf0bd072f908f4f06,TWX,,17007297,MUTUALFUND,YHD,,701015400.0,,,,,ValueError: Constituent request did not resolve to an equity
TX,https://query1.finance.yahoo.com/v8/finance/chart/TX?period1=946684800&period2=1735689600&interval=1d&events=div%2Csplits,available,4761,2026-09-10T13:56:24.729256+00:00,b1b2d697686c5d924534b0882678670bb183efd34d2d43d72755395506a34303,TX,Ternium S.A.,Ternium S.A. Ternium S.A.,EQUITY,NYQ,USD,1138804200.0,0.0,2006-02-01,2024-12-31,Ticker metadata only; permanent historical identity unverified,
TXN,https://query1.finance.yahoo.com/v8/finance/chart/TXN?period1=946684800&period2=1735689600&interval=1d&events=div%2Csplits,available,6289,2026-09-10T13:56:24.937619+00:00,9cd61b6e41124fd53eebd3d64005c77f759fac91fa600c50bfe7b2f9e3cd13ad,TXN,Texas Instruments Incorporated,Texas Instruments Incorporated,EQUITY,NMS,USD,76253400.0,0.0,2000-01-03,2024-12-31,Ticker metadata only; permanent historical identity unverified,
TXT,https://query1.finance.yahoo.com/v8/finance/chart/TXT?period1=946684800&period2=1735689600&interval=1d&events=div%2Csplits,available,6289,2026-09-10T13:56:25.238163+00:00,7cf564a54443d452601c8cf39c070807b1c15c0554c1a3f664403436451c9209,TXT,Textron Inc.,Textron Inc.,EQUITY,NYQ,USD,99153000.0,0.0,2000-01-03,2024-12-31,Ticker metadata only; permanent historical identity unverified,
TXU,https://query1.finance.yahoo.com/v8/finance/chart/TXU?period1=946684800&period2=1735689600&interval=1d&events=div%2Csplits,failed,0,2026-09-10T13:56:25.497737+00:00,22809451885d50595485654c8c220e7fefea021d4befe570e03d297776678581,TXU,,2887140,MUTUALFUND,YHD,,,,,,,ValueError: Constituent request did not resolve to an equity
TYL,https://query1.finance.yahoo.com/v8/finance/chart/TYL?period1=946684800&period2=1735689600&interval=1d&events=div%2Csplits,available,6289,2026-09-10T13:56:25.571585+00:00,9725314710ed35e9e479eb5b87fdb4a1d3d9b0f37b4272b5ed06f7f37658d5b6,TYL,"Tyler Technologies, Inc.","Tyler Technologies, Inc.",EQUITY,NYQ,USD,322151400.0,0.0,2000-01-03,2024-12-31,Ticker metadata only; permanent historical identity unverified,
UA,https://query1.finance.yahoo.com/v8/finance/chart/UA?period1=946684800&period2=1735689600&interval=1d&events=div%2Csplits,available,2209,2026-09-10T13:56:25.853534+00:00,69c95103d764126c13f081b9bac005b93c1ce2f38139bfa4efffa638eb4782c8,UA,"Under Armour, Inc.","Under Armour, Inc.",EQUITY,NYQ,USD,1458739800.0,0.0,2016-03-23,2024-12-31,Ticker metadata only; permanent historical identity unverified,
UAA,https://query1.finance.yahoo.com/v8/finance/chart/UAA?period1=946684800&period2=1735689600&interval=1d&events=div%2Csplits,available,4810,2026-09-10T13:56:32.242153+00:00,bd76eebf74069b07b9a18eb1eb3c5f9e6c4cffb789a449dc498d1a16d8ab2ede,UAA,"Under Armour, Inc.","Under Armour, Inc.",EQUITY,NYQ,USD,1132324200.0,0.0,2005-11-18,2024-12-31,Ticker metadata only; permanent historical identity unverified,
UAL,https://query1.finance.yahoo.com/v8/finance/chart/UAL?period1=946684800&period2=1735689600&interval=1d&events=div%2Csplits,available,4758,2026-09-10T13:56:32.412433+00:00,63a2af2a3abac48f1f894e8ac5644f729f1e1caf2d62ea0d32f510239fd2b040,UAL,"United Airlines Holdings, Inc.","United Airlines Holdings, Inc.",EQUITY,NMS,USD,1139236200.0,0.0,2006-02-06,2024-12-31,Ticker metadata only; permanent historical identity unverified,
UAWGQ,https://query1.finance.yahoo.com/v8/finance/chart/UAWGQ?period1=946684800&period2=1735689600&interval=1d&events=div%2Csplits,failed,0,2026-09-10T13:56:32.582055+00:00,,,,,,,,,,,,,HTTPError: HTTP Error 404: Not Found
UBER,https://query1.finance.yahoo.com/v8/finance/chart/UBER?period1=946684800&period2=1735689600&interval=1d&events=div%2Csplits,available,1421,2026-09-10T13:56:33.090593+00:00,240754f10aca07d4382e85544ee337af12bc03e2809c09223dae4a7b5745408d,UBER,"Uber Technologies, Inc.","Uber Technologies, Inc.",EQUITY,NYQ,USD,1557495000.0,0.0,2019-05-10,2024-12-31,Ticker metadata only; permanent historical identity unverified,
UCC,https://query1.finance.yahoo.com/v8/finance/chart/UCC?period1=946684800&period2=1735689600&interval=1d&events=div%2Csplits,failed,0,2026-09-10T13:56:33.206836+00:00,c636491e61264f08859c34c1a888b6e6378c0c3deca77bbb4c28d9c4e2f02310,UCC,ProShares Ultra Consumer Discretionary,ProShares Ultra Consumer Discre,ETF,PCX,USD,1170426600.0,,,,,ValueError: Constituent request did not resolve to an equity
UCL,https://query1.finance.yahoo.com/v8/finance/chart/UCL?period1=946684800&period2=1735689600&interval=1d&events=div%2Csplits,available,1148,2026-09-10T13:56:33.412387+00:00,3c950283080351fbd2f500c6a48fa97087ee41d25f4d5a171e97b7421d0ac6c6,UCL,uCloudlink Group Inc.,uCloudlink Group Inc.,EQUITY,NGM,USD,1591795800.0,0.0,2020-06-10,2024-12-31,Ticker metadata only; permanent historical identity unverified,
UCM,https://query1.finance.yahoo.com/v8/finance/chart/UCM?period1=946684800&period2=1735689600&interval=1d&events=div%2Csplits,failed,0,2026-09-10T13:56:33.528457+00:00,a34e0c77d2c6a1d1b4a15ee7a62c6ee9fc2a160f39f430ade0603f38180e2c06,UCM,,,MUTUALFUND,YHD,,1195482600.0,,,,,ValueError: Constituent request did not resolve to an equity
UDR,https://query1.finance.yahoo.com/v8/finance/chart/UDR?period1=946684800&period2=1735689600&interval=1d&events=div%2Csplits,available,6289,2026-09-10T13:56:33.676597+00:00,8112584e37c3273125b86f159603d3963711241b7156904b9cc44e726f975b27,UDR,"UDR, Inc.","UDR, Inc.",EQUITY,NYQ,USD,322151400.0,0.0,2000-01-03,2024-12-31,Ticker metadata only; permanent historical identity unverified,
UHS,https://query1.finance.yahoo.com/v8/finance/chart/UHS?period1=946684800&period2=1735689600&interval=1d&events=div%2Csplits,available,6289,2026-09-10T13:56:33.973094+00:00,4fc59792cae66a119785bbdbac161ec914c0f7dda7843417dfbcde5989cc948b,UHS,"Universal Health Services, Inc.","Universal Health Services, Inc.",EQUITY,NYQ,USD,363533400.0,0.0,2000-01-03,2024-12-31,Ticker metadata only; permanent historical identity unverified,
UIS,https://query1.finance.yahoo.com/v8/finance/chart/UIS?period1=946684800&period2=1735689600&interval=1d&events=div%2Csplits,available,6289,2026-09-10T13:56:34.239625+00:00,073aaf9c3dae07200fa1d4b6db4a8e1500eaa199e8b50bd9791ce4cb52911621,UIS,Unisys Corporation,Unisys Corporation New,EQUITY,NYQ,USD,76253400.0,0.0,2000-01-03,2024-12-31,Ticker metadata only; permanent historical identity unverified,
UK,https://query1.finance.yahoo.com/v8/finance/chart/UK?period1=946684800&period2=1735689600&interval=1d&events=div%2Csplits,available,1295,2026-09-10T13:56:34.492631+00:00,24dbb6d744f8594710a37160c4985c56aa77be4a5a6ed9b6f62f139cabeb32ee,UK,Ucommune International Ltd,Ucommune International Ltd,EQUITY,NCM,USD,1573137000.0,0.0,2019-11-07,2024-12-31,Ticker metadata only; permanent historical identity unverified,
ULTA,https://query1.finance.yahoo.com/v8/finance/chart/ULTA?period1=946684800&period2=1735689600&interval=1d&events=div%2Csplits,available,4325,2026-09-10T13:56:34.597320+00:00,ad22d6e3803f206a2fac1b6625a5e004ec0ba1022d0bbda28c5ddc8b33f05b34,ULTA,"Ulta Beauty, Inc.","Ulta Beauty, Inc.",EQUITY,NMS,USD,1193319000.0,0.0,2007-10-25,2024-12-31,Ticker metadata only; permanent historical identity unverified,
UMG,https://query1.finance.yahoo.com/v8/finance/chart/UMG?period1=946684800&period2=1735689600&interval=1d&events=div%2Csplits,failed,0,2026-09-10T13:56:34.785196+00:00,,,,,,,,,,,,,HTTPError: HTTP Error 404: Not Found
UN,https://query1.finance.yahoo.com/v8/finance/chart/UN?period1=946684800&period2=1735689600&interval=1d&events=div%2Csplits,failed,0,2026-09-10T13:56:34.869627+00:00,,,,,,,,,,,,,HTTPError: HTTP Error 400: Bad Request
UNH,https://query1.finance.yahoo.com/v8/finance/chart/UNH?period1=946684800&period2=1735689600&interval=1d&events=div%2Csplits,available,6289,2026-09-10T13:56:34.930738+00:00,432fa18875bfa752e3129e4115b9295c4a1feaa377cfd364801d3d59ad1517ca,UNH,UnitedHealth Group Incorporated,UnitedHealth Group Incorporated,EQUITY,NYQ,USD,466867800.0,0.0,2000-01-03,2024-12-31,Ticker metadata only; permanent historical identity unverified,
UNM,https://query1.finance.yahoo.com/v8/finance/chart/UNM?period1=946684800&period2=1735689600&interval=1d&events=div%2Csplits,available,6289,2026-09-10T13:56:35.223045+00:00,facf5051cd6174659b8550976558a6895d77dc7267ac0e6a4f4a438278a7a1a5,UNM,Unum Group,Unum Group,EQUITY,NYQ,USD,531671400.0,0.0,2000-01-03,2024-12-31,Ticker metadata only; permanent historical identity unverified,
UNP,https://query1.finance.yahoo.com/v8/finance/chart/UNP?period1=946684800&period2=1735689600&interval=1d&events=div%2Csplits,available,6289,2026-09-10T13:56:35.482022+00:00,bb6fe6bcbe2117c55079397cdb0442df5bdecb7b2b270aadf1ec1ebbc5e000a7,UNP,Union Pacific Corporation,Union Pacific Corporation,EQUITY,NYQ,USD,315671400.0,0.0,2000-01-03,2024-12-31,Ticker metadata only; permanent historical identity unverified,
UPC,https://query1.finance.yahoo.com/v8/finance/chart/UPC?period1=946684800&period2=1735689600&interval=1d&events=div%2Csplits,available,951,2026-09-10T13:56:35.791069+00:00,3702919141e333ca41f7a4b7c35744cca160ff83c5017b89c07dff1834fef0e7,UPC,Universe Pharmaceuticals INC,Universe Pharmaceuticals Inc,EQUITY,NCM,USD,1616506200.0,0.0,2021-03-23,2024-12-31,Ticker metadata only; permanent historical identity unverified,
UPR,https://query1.finance.yahoo.com/v8/finance/chart/UPR?period1=946684800&period2=1735689600&interval=1d&events=div%2Csplits,failed,0,2026-09-10T13:56:35.914142+00:00,ab5fa57e2cf9f39d36b7c86d0dbb32bea15a78e357ef7b16216a5f6635d9bc06,UPR,,,MUTUALFUND,YHD,,1156167000.0,,,,,ValueError: Constituent request did not resolve to an equity
UPS,https://query1.finance.yahoo.com/v8/finance/chart/UPS?period1=946684800&period2=1735689600&interval=1d&events=div%2Csplits,available,6289,2026-09-10T13:56:35.997085+00:00,1775967cb1cfc820e927b490cafbf3f3f98d2ccced011612c5ba20e3a2bcf59e,UPS,"United Parcel Service, Inc.","United Parcel Service, Inc.",EQUITY,NYQ,USD,942244200.0,0.0,2000-01-03,2024-12-31,Ticker metadata only; permanent historical identity unverified,
URBN,https://query1.finance.yahoo.com/v8/finance/chart/URBN?period1=946684800&period2=1735689600&interval=1d&events=div%2Csplits,available,6289,2026-09-10T13:56:36.391557+00:00,1e99cc9026c6ed6b206f7412aa0aa8d3f234fd6eb7a27b0037c82ed764362e66,URBN,"Urban Outfitters, Inc.","Urban Outfitters, Inc.",EQUITY,NMS,USD,752855400.0,0.0,2000-01-03,2024-12-31,Ticker metadata only; permanent historical identity unverified,
URI,https://query1.finance.yahoo.com/v8/finance/chart/URI?period1=946684800&period2=1735689600&interval=1d&events=div%2Csplits,available,6289,2026-09-10T13:56:36.608712+00:00,98c15726751f88afa211aa904f213018a419bcb3d77f84e7d46507b22cee984b,URI,"United Rentals, Inc.","United Rentals, Inc.",EQUITY,NYQ,USD,882455400.0,0.0,2000-01-03,2024-12-31,Ticker metadata only; permanent historical identity unverified,
USB,https://query1.finance.yahoo.com/v8/finance/chart/USB?period1=946684800&period2=1735689600&interval=1d&events=div%2Csplits,available,6289,2026-09-10T13:56:36.843596+00:00,c0da81a109f21431cd4173afc8b3886a3d2059b5a5537df35f0c9fcbd14898e4,USB,U.S. Bancorp,U.S. Bancorp,EQUITY,NYQ,USD,105283800.0,0.0,2000-01-03,2024-12-31,Ticker metadata only; permanent historical identity unverified,
USBC,https://query1.finance.yahoo.com/v8/finance/chart/USBC?period1=946684800&period2=1735689600&interval=1d&events=div%2Csplits,available,4709,2026-09-10T13:56:37.119943+00:00,fab7ea0e01a240b6e2129a51c65881119a3ec23799b4d004f70a86178130eacb,USBC,"USBC, Inc.","USBC, Inc.",EQUITY,ASE,USD,1145367000.0,0.0,2006-04-18,2024-12-31,Ticker metadata only; permanent historical identity unverified,
USH,https://query1.finance.yahoo.com/v8/finance/chart/USH?period1=946684800&period2=1735689600&interval=1d&events=div%2Csplits,failed,0,2026-09-10T13:56:37.278744+00:00,35eadb7d4d2264cfe32c74b6b740bd2f1084ea4e2962f02cf381e934b904425b,USH,,,ECNQUOTE,NMS,,570465000.0,,,,,ValueError: Constituent request did not resolve to an equity
USHC,https://query1.finance.yahoo.com/v8/finance/chart/USHC?period1=946684800&period2=1735689600&interval=1d&events=div%2Csplits,failed,0,2026-09-10T13:56:37.371090+00:00,,,,,,,,,,,,,HTTPError: HTTP Error 404: Not Found
USS,https://query1.finance.yahoo.com/v8/finance/chart/USS?period1=946684800&period2=1735689600&interval=1d&events=div%2Csplits,failed,0,2026-09-10T13:56:37.440499+00:00,dfb2ec67f9da51bff31d9199d00d5f29d482f2865dcee82e6a49e117142e00fd,USS,,36713,MUTUALFUND,YHD,,962026200.0,,,,,ValueError: Constituent request did not resolve to an equity
UST,https://query1.finance.yahoo.com/v8/finance/chart/UST?period1=946684800&period2=1735689600&interval=1d&events=div%2Csplits,failed,0,2026-09-10T13:56:37.503216+00:00,ec0364bf086062d6d8ec74268031d73d1a7895580e46fbbc228bcf35f1aead38,UST,ProShares Ultra 7-10 Year Treasury,ProShares Ultra 7-10 Year Treas,ETF,PCX,USD,1265121000.0,,,,,ValueError: Constituent request did not resolve to an equity
USW,https://query1.finance.yahoo.com/v8/finance/chart/USW?period1=946684800&period2=1735689600&interval=1d&events=div%2Csplits,failed,0,2026-09-10T13:56:37.673679+00:00,12b497abd1c51a90d945a0a7ff4a96e77d9cf6632f49fe8d5a1b161a8621eac8,USW,,,MUTUALFUND,YHD,,,,,,,ValueError: Constituent request did not resolve to an equity
UTX,https://query1.finance.yahoo.com/v8/finance/chart/UTX?period1=946684800&period2=1735689600&interval=1d&events=div%2Csplits,failed,0,2026-09-10T13:56:37.782501+00:00,,,,,,,,,,,,,HTTPError: HTTP Error 404: Not Found
UVN,https://query1.finance.yahoo.com/v8/finance/chart/UVN?period1=946684800&period2=1735689600&interval=1d&events=div%2Csplits,failed,0,2026-09-10T13:56:37.866050+00:00,22cad34a3c6ee1daeaff5f8630b300cc4bec20787fb77080eebee684bcacb5ae,UVN,,1923249,MUTUALFUND,YHD,,938439000.0,,,,,ValueError: Constituent request did not resolve to an equity
V,https://query1.finance.yahoo.com/v8/finance/chart/V?period1=946684800&period2=1735689600&interval=1d&events=div%2Csplits,available,4226,2026-09-10T13:56:38.028359+00:00,ebfd20919ea9b661f7714dcecb01b2de69146ae54a7a98164db8ed272617bbd1,V,Visa Inc.,Visa Inc.,EQUITY,NYQ,USD,1205933400.0,0.0,2008-03-19,2024-12-31,Ticker metadata only; permanent historical identity unverified,
VAR,https://query1.finance.yahoo.com/v8/finance/chart/VAR?period1=946684800&period2=1735689600&interval=1d&events=div%2Csplits,failed,0,2026-09-10T13:56:38.255631+00:00,,,,,,,,,,,,,HTTPError: HTTP Error 404: Not Found
VAT,https://query1.finance.yahoo.com/v8/finance/chart/VAT?period1=946684800&period2=1735689600&interval=1d&events=div%2Csplits,failed,0,2026-09-10T13:56:38.312324+00:00,bc017dd347d90504cc674215f2713c13f13e233de42620529fabb16b907219fd,VAT,Varsal Tech Inc,,ECNQUOTE,NMS,,1261405800.0,,,,,ValueError: Constituent request did not resolve to an equity
VEEV,https://query1.finance.yahoo.com/v8/finance/chart/VEEV?period1=946684800&period2=1735689600&interval=1d&events=div%2Csplits,available,2821,2026-09-10T13:56:38.427131+00:00,410daebbedc774940ba4101791d4870bcad3cb9b7a69c03c5724da6a35b2fa3b,VEEV,Veeva Systems Inc.,Veeva Systems Inc.,EQUITY,NYQ,USD,1381930200.0,0.0,2013-10-16,2024-12-31,Ticker metadata only; permanent historical identity unverified,
VFC,https://query1.finance.yahoo.com/v8/finance/chart/VFC?period1=946684800&period2=1735689600&interval=1d&events=div%2Csplits,available,6289,2026-09-10T13:56:38.574927+00:00,8f68f980bbebda63321f78dd1376fbfea28c7eb0284353c3a38509afcc5ed95b,VFC,V.F. Corporation,V.F. Corporation,EQUITY,NYQ,USD,322151400.0,0.0,2000-01-03,2024-12-31,Ticker metadata only; permanent historical identity unverified,
VIAB,https://query1.finance.yahoo.com/v8/finance/chart/VIAB?period1=946684800&period2=1735689600&interval=1d&events=div%2Csplits,failed,0,2026-09-10T13:56:38.859952+00:00,,,,,,,,,,,,,HTTPError: HTTP Error 404: Not Found
VIAC,https://query1.finance.yahoo.com/v8/finance/chart/VIAC?period1=946684800&period2=1735689600&interval=1d&events=div%2Csplits,failed,0,2026-09-10T13:56:38.962710+00:00,,,,,,,,,,,,,HTTPError: HTTP Error 404: Not Found
VIAV,https://query1.finance.yahoo.com/v8/finance/chart/VIAV?period1=946684800&period2=1735689600&interval=1d&events=div%2Csplits,available,6289,2026-09-10T13:56:39.011597+00:00,85aa5b8f456f8720ec18323044d6889d39de6ffcb637096c3a95447bc7f535cd,VIAV,Viavi Solutions Inc.,Viavi Solutions Inc.,EQUITY,NMS,USD,753546600.0,0.0,2000-01-03,2024-12-31,Ticker metadata only; permanent historical identity unverified,
VICI,https://query1.finance.yahoo.com/v8/finance/chart/VICI?period1=946684800&period2=1735689600&interval=1d&events=div%2Csplits,available,1761,2026-09-10T13:56:39.219358+00:00,98cdfb9676c64c4e6a088c2b429c5218316bbf03dab5b573360795416a5dde59,VICI,VICI Properties Inc.,VICI Properties Inc.,EQUITY,NYQ,USD,1514903400.0,0.0,2018-01-02,2024-12-31,Ticker metadata only; permanent historical identity unverified,
VLO,https://query1.finance.yahoo.com/v8/finance/chart/VLO?period1=946684800&period2=1735689600&interval=1d&events=div%2Csplits,available,6289,2026-09-10T13:56:39.365932+00:00,79955787ccbd85a7eb9b83b56c5a96063da3fe8c44d26aeee9862c7e9ab564d0,VLO,Valero Energy Corporation,Valero Energy Corporation,EQUITY,NYQ,USD,379002600.0,0.0,2000-01-03,2024-12-31,Ticker metadata only; permanent historical identity unverified,
VLTO,https://query1.finance.yahoo.com/v8/finance/chart/VLTO?period1=946684800&period2=1735689600&interval=1d&events=div%2Csplits,available,313,2026-09-10T13:56:39.650413+00:00,7ba7be8ce40689153b16fb15ced6e4ce2afdaa70e0aba5cbfe776b8c2cfa434a,VLTO,Veralto Corporation,Veralto Corp,EQUITY,NYQ,USD,1696426200.0,0.0,2023-10-04,2024-12-31,Ticker metadata only; permanent historical identity unverified,
VMC,https://query1.finance.yahoo.com/v8/finance/chart/VMC?period1=946684800&period2=1735689600&interval=1d&events=div%2Csplits,available,6289,2026-09-10T13:56:39.759110+00:00,af7575a990a0035553ef34f40372e639503b00e1c21f848cf3c4bbada57eb3a8,VMC,Vulcan Materials Company,Vulcan Materials Company (Holdi,EQUITY,NYQ,USD,99153000.0,0.0,2000-01-03,2024-12-31,Ticker metadata only; permanent historical identity unverified,
VMRK,https://query1.finance.yahoo.com/v8/finance/chart/VMRK?period1=946684800&period2=1735689600&interval=1d&events=div%2Csplits,available,6289,2026-09-10T13:56:40.062654+00:00,3f5cd4bb39fcd3bddde23ccc94adaff128332b6a054d6335e0f9f09004944167,VMRK,Vivmark Residential,Vivmark Residential,EQUITY,NYQ,USD,745162200.0,0.0,2000-01-03,2024-12-31,Ticker metadata only; permanent historical identity unverified,
VNO,https://query1.finance.yahoo.com/v8/finance/chart/VNO?period1=946684800&period2=1735689600&interval=1d&events=div%2Csplits,available,6289,2026-09-10T13:56:40.355336+00:00,01162f5ec26b369428eedc3078013e2a6f83b64c432196fd2b0395098b143259,VNO,Vornado Realty Trust,Vornado Realty Trust,EQUITY,NYQ,USD,322151400.0,0.0,2000-01-03,2024-12-31,Ticker metadata only; permanent historical identity unverified,
VNT,https://query1.finance.yahoo.com/v8/finance/chart/VNT?period1=946684800&period2=1735689600&interval=1d&events=div%2Csplits,available,1074,2026-09-10T13:56:43.402307+00:00,b60fb4c6a2aaf94d761518e6bee22ff71e553fc5e2bfae1a1d2dbedf9450b66c,VNT,Vontier Corporation,Vontier Corporation,EQUITY,NYQ,USD,1600954200.0,0.0,2020-09-24,2024-12-31,Ticker metadata only; permanent historical identity unverified,
VO,https://query1.finance.yahoo.com/v8/finance/chart/VO?period1=946684800&period2=1735689600&interval=1d&events=div%2Csplits,failed,0,2026-09-10T13:56:43.583348+00:00,fd2e48971d32767f47a5b2c338920ea8b7bfe7602925934be7d9caa12b62dfe3,VO,Vanguard Morningstar Mid-Cap ETF,Vanguard Morningstar Mid-Cap ET,ETF,PCX,USD,1075473000.0,,,,,ValueError: Constituent request did not resolve to an equity
VRSK,https://query1.finance.yahoo.com/v8/finance/chart/VRSK?period1=946684800&period2=1735689600&interval=1d&events=div%2Csplits,available,3834,2026-09-10T13:56:43.804512+00:00,0f6f7dff37aec2167442b0f583d1173e4a7e01c915e0c74338bf4ddafb3e38ef,VRSK,"Verisk Analytics, Inc.","Verisk Analytics, Inc.",EQUITY,NMS,USD,1254922200.0,0.0,2009-10-07,2024-12-31,Ticker metadata only; permanent historical identity unverified,
VRSN,https://query1.finance.yahoo.com/v8/finance/chart/VRSN?period1=946684800&period2=1735689600&interval=1d&events=div%2Csplits,available,6289,2026-09-10T13:56:49.595986+00:00,004388d33ec2484d06e3be14872ab4a775b55616e4ab49dbe82c68aa8ea7c9aa,VRSN,"VeriSign, Inc.","VeriSign, Inc.",EQUITY,NMS,USD,886170600.0,0.0,2000-01-03,2024-12-31,Ticker metadata only; permanent historical identity unverified,
VRT,https://query1.finance.yahoo.com/v8/finance/chart/VRT?period1=946684800&period2=1735689600&interval=1d&events=div%2Csplits,available,1614,2026-09-10T13:56:49.847944+00:00,d0bb89cef5b65f06fa1e2010dc905f74625b2ea8c38e1c6a7bfe76081aed2f30,VRT,Vertiv Holdings Co,"Vertiv Holdings, LLC",EQUITY,NYQ,USD,1533216600.0,0.0,2018-08-02,2024-12-31,Ticker metadata only; permanent historical identity unverified,
VRTS,https://query1.finance.yahoo.com/v8/finance/chart/VRTS?period1=946684800&period2=1735689600&interval=1d&events=div%2Csplits,available,4026,2026-09-10T13:56:49.990127+00:00,640676386a8429e0b20785cce5a58ae6f4545630bfafc981a4ec973ec0de7579,VRTS,"Virtus Investment Partners, Inc.","Virtus Investment Partners, Inc",EQUITY,NYQ,USD,1230906600.0,0.0,2009-01-02,2024-12-31,Ticker metadata only; permanent historical identity unverified,
VRTX,https://query1.finance.yahoo.com/v8/finance/chart/VRTX?period1=946684800&period2=1735689600&interval=1d&events=div%2Csplits,available,6289,2026-09-10T13:56:50.183921+00:00,69ea7893ca15fecc8e8f424f06fb9d820649726fa0ff2597264f370a196a8a77,VRTX,Vertex Pharmaceuticals Incorporated,Vertex Pharmaceuticals Incorpor,EQUITY,NMS,USD,680362200.0,0.0,2000-01-03,2024-12-31,Ticker metadata only; permanent historical identity unverified,
VST,https://query1.finance.yahoo.com/v8/finance/chart/VST?period1=946684800&period2=1735689600&interval=1d&events=div%2Csplits,available,2073,2026-09-10T13:56:50.407724+00:00,f9eadb7fe129236a2d68070dd0abd7f29bcc2cd6d888c035116839735a6566cd,VST,Vistra Corp.,Vistra Corp.,EQUITY,NYQ,USD,1475674200.0,0.0,2016-10-05,2024-12-31,Ticker metadata only; permanent historical identity unverified,
VSTNQ,https://query1.finance.yahoo.com/v8/finance/chart/VSTNQ?period1=946684800&period2=1735689600&interval=1d&events=div%2Csplits,failed,0,2026-09-10T13:56:50.562375+00:00,,,,,,,,,,,,,HTTPError: HTTP Error 404: Not Found
VTR,https://query1.finance.yahoo.com/v8/finance/chart/VTR?period1=946684800&period2=1735689600&interval=1d&events=div%2Csplits,available,6289,2026-09-10T13:56:50.625225+00:00,5cd19adb3299121ffba9c42c570f90946665d60ea787a0e7aa0a930e16c56f24,VTR,"Ventas, Inc.","Ventas, Inc.",EQUITY,NYQ,USD,862839000.0,0.0,2000-01-03,2024-12-31,Ticker metadata only; permanent historical identity unverified,
VTRS,https://query1.finance.yahoo.com/v8/finance/chart/VTRS?period1=946684800&period2=1735689600&interval=1d&events=div%2Csplits,available,6289,2026-09-10T13:56:50.918700+00:00,e16ad0f6100645a364592d20a4796bc4e179b7ea644d4709dfd71e5ed7d6ddfb,VTRS,Viatris Inc.,Viatris Inc.,EQUITY,NMS,USD,322151400.0,0.0,2000-01-03,2024-12-31,Ticker metadata only; permanent historical identity unverified,
VTSS,https://query1.finance.yahoo.com/v8/finance/chart/VTSS?period1=946684800&period2=1735689600&interval=1d&events=div%2Csplits,failed,0,2026-09-10T13:56:51.218938+00:00,85ee23388026b7d8d43586c2e3f9a97dce4c915deb2b88eb17d9bd2444efc09d,VTSS,,3541757,MUTUALFUND,YHD,,,,,,,ValueError: Constituent request did not resolve to an equity
VZ,https://query1.finance.yahoo.com/v8/finance/chart/VZ?period1=946684800&period2=1735689600&interval=1d&events=div%2Csplits,available,6289,2026-09-10T13:56:51.292486+00:00,cb5eb8dfea842b4f30d7666ab80649e4bf34123c25a3342f4c961dac2b87a3a4,VZ,Verizon Communications Inc.,Verizon Communications Inc.,EQUITY,NYQ,USD,438273000.0,0.0,2000-01-03,2024-12-31,Ticker metadata only; permanent historical identity unverified,
WAB,https://query1.finance.yahoo.com/v8/finance/chart/WAB?period1=946684800&period2=1735689600&interval=1d&events=div%2Csplits,available,6289,2026-09-10T13:56:51.594238+00:00,bddd05fd42d1b79e552078b2513c9f0cf5aa62e147aa2a1dd8b88afc4575f4c7,WAB,Westinghouse Air Brake Technologies Corporation,Westinghouse Air Brake Technolo,EQUITY,NYQ,USD,803309400.0,0.0,2000-01-03,2024-12-31,Ticker metadata only; permanent historical identity unverified,
WAI,https://query1.finance.yahoo.com/v8/finance/chart/WAI?period1=946684800&period2=1735689600&interval=1d&events=div%2Csplits,failed,0,2026-09-10T13:56:51.824777+00:00,,,,,,,,,,,,,HTTPError: HTTP Error 400: Bad Request
WAMUQ,https://query1.finance.yahoo.com/v8/finance/chart/WAMUQ?period1=946684800&period2=1735689600&interval=1d&events=div%2Csplits,failed,0,2026-09-10T13:56:51.881779+00:00,3a78fea5b13a901f77a07ab1aa24cd95f01de6a97d5162889ab957b62fc88e67,WAMUQ,,,MUTUALFUND,YHD,,1219757400.0,,,,,ValueError: Constituent request did not resolve to an equity
WAT,https://query1.finance.yahoo.com/v8/finance/chart/WAT?period1=946684800&period2=1735689600&interval=1d&events=div%2Csplits,available,6289,2026-09-10T13:56:51.947648+00:00,84cef8a115bf989c396b0735c83cc6243519ae479893b9c5f497897be75ee9ad,WAT,Waters Corporation,Waters Corporation,EQUITY,NYQ,USD,816618600.0,0.0,2000-01-03,2024-12-31,Ticker metadata only; permanent historical identity unverified,
WB,https://query1.finance.yahoo.com/v8/finance/chart/WB?period1=946684800&period2=1735689600&interval=1d&events=div%2Csplits,available,2695,2026-09-10T13:56:52.160305+00:00,1f4b1fc835cfadb70b67cc4da71be040736afc6d335d37ac6ae352cd22629b12,WB,Weibo Corporation,Weibo Corporation,EQUITY,NMS,USD,1397741400.0,0.0,2014-04-17,2024-12-31,Ticker metadata only; permanent historical identity unverified,
WBA,https://query1.finance.yahoo.com/v8/finance/chart/WBA?period1=946684800&period2=1735689600&interval=1d&events=div%2Csplits,failed,0,2026-09-10T13:56:52.341698+00:00,,,,,,,,,,,,,HTTPError: HTTP Error 404: Not Found
WBD,https://query1.finance.yahoo.com/v8/finance/chart/WBD?period1=946684800&period2=1735689600&interval=1d&events=div%2Csplits,available,4904,2026-09-10T13:56:52.402470+00:00,4c8a3d07cfacb7b98588f26d47b7e478e5dad87fa19d200dce8aaa9c3922ea83,WBD,"Warner Bros. Discovery, Inc.","Warner Bros. Discovery, Inc. - ",EQUITY,NMS,USD,1120829400.0,0.0,2005-07-08,2024-12-31,Ticker metadata only; permanent historical identity unverified,
WCG,https://query1.finance.yahoo.com/v8/finance/chart/WCG?period1=946684800&period2=1735689600&interval=1d&events=div%2Csplits,failed,0,2026-09-10T13:56:52.601329+00:00,,,,,,,,,,,,,HTTPError: HTTP Error 404: Not Found
WCOEQ,https://query1.finance.yahoo.com/v8/finance/chart/WCOEQ?period1=946684800&period2=1735689600&interval=1d&events=div%2Csplits,failed,0,2026-09-10T13:56:52.665120+00:00,bc5f0c08b073bea9aa0f573d7d26cfb6e0c6284839a4b2bf3c8510720cb68dae,WCOEQ,,,MUTUALFUND,YHD,,,,,,,ValueError: Constituent request did not resolve to an equity
WDAY,https://query1.finance.yahoo.com/v8/finance/chart/WDAY?period1=946684800&period2=1735689600&interval=1d&events=div%2Csplits,available,3073,2026-09-10T13:56:52.789994+00:00,31c11b993367690783114b94fd09d2f3781dd0222374259bb1080d03cdda8626,WDAY,"Workday, Inc.","Workday, Inc.",EQUITY,NMS,USD,1350048600.0,0.0,2012-10-12,2024-12-31,Ticker metadata only; permanent historical identity unverified,
WDC,https://query1.finance.yahoo.com/v8/finance/chart/WDC?period1=946684800&period2=1735689600&interval=1d&events=div%2Csplits,available,6289,2026-09-10T13:56:52.925860+00:00,a9635abb330718c99070d9e6afbab7459742140a475150d4ae793ee338f6c068,WDC,Western Digital Corporation,Western Digital Corporation,EQUITY,NMS,USD,278692200.0,0.0,2000-01-03,2024-12-31,Ticker metadata only; permanent historical identity unverified,
WEC,https://query1.finance.yahoo.com/v8/finance/chart/WEC?period1=946684800&period2=1735689600&interval=1d&events=div%2Csplits,available,6289,2026-09-10T13:56:53.204444+00:00,3fa1426d569f6d370bebcc32f6d55cf404afadedf4c0ead99bcf6a4fa7e861c2,WEC,"WEC Energy Group, Inc.","WEC Energy Group, Inc.",EQUITY,NYQ,USD,322151400.0,0.0,2000-01-03,2024-12-31,Ticker metadata only; permanent historical identity unverified,
WELL,https://query1.finance.yahoo.com/v8/finance/chart/WELL?period1=946684800&period2=1735689600&interval=1d&events=div%2Csplits,available,6289,2026-09-10T13:56:53.454574+00:00,4a8b9e1d816d2b0724705377798f10463c00a4b166454bff5353bf0016e0cd72,WELL,Welltower Inc.,Welltower Inc.,EQUITY,NYQ,USD,322324200.0,0.0,2000-01-03,2024-12-31,Ticker metadata only; permanent historical identity unverified,
WEN,https://query1.finance.yahoo.com/v8/finance/chart/WEN?period1=946684800&period2=1735689600&interval=1d&events=div%2Csplits,available,6289,2026-09-10T13:56:53.775485+00:00,cf168261b69d252ac5ef88d607808af8184251b2a458b08f58dec90c45f0871b,WEN,The Wendy's Company,Wendy's Company (The),EQUITY,NMS,USD,326467800.0,0.0,2000-01-03,2024-12-31,Ticker metadata only; permanent historical identity unverified,
WFC,https://query1.finance.yahoo.com/v8/finance/chart/WFC?period1=946684800&period2=1735689600&interval=1d&events=div%2Csplits,available,6289,2026-09-10T13:56:54.027423+00:00,d48474222fc9ec525f13342ae67d5f9e13d41e787f565ddce9f1e8aa797fa8d4,WFC,Wells Fargo & Company,Wells Fargo & Company,EQUITY,NYQ,USD,76253400.0,0.0,2000-01-03,2024-12-31,Ticker metadata only; permanent historical identity unverified,
WFM,https://query1.finance.yahoo.com/v8/finance/chart/WFM?period1=946684800&period2=1735689600&interval=1d&events=div%2Csplits,failed,0,2026-09-10T13:56:54.328273+00:00,7a3b261272be2e19efb057d12451fde00f77bd33cc2be59f90dfaf947dc2b6c2,WFM,,"Whole Foods Market, Inc.",MUTUALFUND,YHD,,,,,,,ValueError: Constituent request did not resolve to an equity
WFT,https://query1.finance.yahoo.com/v8/finance/chart/WFT?period1=946684800&period2=1735689600&interval=1d&events=div%2Csplits,failed,0,2026-09-10T13:56:54.427007+00:00,,,,,,,,,,,,,HTTPError: HTTP Error 404: Not Found
WHR,https://query1.finance.yahoo.com/v8/finance/chart/WHR?period1=946684800&period2=1735689600&interval=1d&events=div%2Csplits,available,6289,2026-09-10T13:56:54.514795+00:00,bb6486ccf99469f2c199ba97cb4a306bcb04fe126bb4fbd7ca73f19d37a77663,WHR,Whirlpool Corporation,Whirlpool Corporation,EQUITY,NYQ,USD,99153000.0,0.0,2000-01-03,2024-12-31,Ticker metadata only; permanent historical identity unverified,
WIN,https://query1.finance.yahoo.com/v8/finance/chart/WIN?period1=946684800&period2=1735689600&interval=1d&events=div%2Csplits,failed,0,2026-09-10T13:56:54.827970+00:00,,,,,,,,,,,,,HTTPError: HTTP Error 404: Not Found
WLA,https://query1.finance.yahoo.com/v8/finance/chart/WLA?period1=946684800&period2=1735689600&interval=1d&events=div%2Csplits,failed,0,2026-09-10T13:56:54.889403+00:00,113a10df55ecb48a79160cf90eec2c171721e3050fc278511659ebe846d2c6da,WLA,,,MUTUALFUND,YHD,,,,,,,ValueError: Constituent request did not resolve to an equity
WLL,https://query1.finance.yahoo.com/v8/finance/chart/WLL?period1=946684800&period2=1735689600&interval=1d&events=div%2Csplits,failed,0,2026-09-10T13:56:54.962172+00:00,,,,,,,,,,,,,HTTPError: HTTP Error 404: Not Found
WLP,https://query1.finance.yahoo.com/v8/finance/chart/WLP?period1=946684800&period2=1735689600&interval=1d&events=div%2Csplits,failed,0,2026-09-10T13:56:55.017550+00:00,0eab730413c75eab8a7510e6e703d0cdcdafbab9cd8627cfbf13ddbc0a8a21fe,WLP,,1768673,MUTUALFUND,YHD,,,,,,,ValueError: Constituent request did not resolve to an equity
WLTW,https://query1.finance.yahoo.com/v8/finance/chart/WLTW?period1=946684800&period2=1735689600&interval=1d&events=div%2Csplits,failed,0,2026-09-10T13:56:55.085278+00:00,,,,,,,,,,,,,HTTPError: HTTP Error 404: Not Found
WM,https://query1.finance.yahoo.com/v8/finance/chart/WM?period1=946684800&period2=1735689600&interval=1d&events=div%2Csplits,available,6289,2026-09-10T13:56:55.171109+00:00,fd7e7dd1fdb0b901d427f2e4163ff19827a037b963aee7827a86aea8a8d382bb,WM,"Waste Management, Inc.","Waste Management, Inc.",EQUITY,NYQ,USD,582989400.0,0.0,2000-01-03,2024-12-31,Ticker metadata only; permanent historical identity unverified,
WMB,https://query1.finance.yahoo.com/v8/finance/chart/WMB?period1=946684800&period2=1735689600&interval=1d&events=div%2Csplits,available,6289,2026-09-10T13:56:55.429222+00:00,192fabded2c6d444e0085fc169407cffa9137ec7ecf38f3fea01fa571c7b48ff,WMB,"The Williams Companies, Inc.","Williams Companies, Inc. (The)",EQUITY,NYQ,USD,378657000.0,0.0,2000-01-03,2024-12-31,Ticker metadata only; permanent historical identity unverified,
WMT,https://query1.finance.yahoo.com/v8/finance/chart/WMT?period1=946684800&period2=1735689600&interval=1d&events=div%2Csplits,available,6289,2026-09-10T13:56:55.692825+00:00,3f42545309705406895a7f8dadb10f1f66095cd2f5a340efca23cc8e0705b60d,WMT,Walmart Inc.,Walmart Inc.,EQUITY,NMS,USD,83597400.0,0.0,2000-01-03,2024-12-31,Ticker metadata only; permanent historical identity unverified,
WMX,https://query1.finance.yahoo.com/v8/finance/chart/WMX?period1=946684800&period2=1735689600&interval=1d&events=div%2Csplits,failed,0,2026-09-10T13:56:55.963603+00:00,e311efb8899370e408cf7f94b3e86436b9f84ca408d3a59db8240c32640b7a82,WMX,,,INDEX,NYS,,1166106600.0,,,,,ValueError: Constituent request did not resolve to an equity
WNDXQ,https://query1.finance.yahoo.com/v8/finance/chart/WNDXQ?period1=946684800&period2=1735689600&interval=1d&events=div%2Csplits,failed,0,2026-09-10T13:56:56.093738+00:00,43d9a65f7ce5483be94f6b0eead82e6bb4952dd39f1c6e624fb4a1a52ce50800,WNDXQ,,,MUTUALFUND,YHD,,,,,,,ValueError: Constituent request did not resolve to an equity
WOR,https://query1.finance.yahoo.com/v8/finance/chart/WOR?period1=946684800&period2=1735689600&interval=1d&events=div%2Csplits,available,6289,2026-09-10T13:56:56.162150+00:00,bf6d343d4ec4daf2acfdfabd42f02e8f29a71f37187da3b81ec5a644142c89b9,WOR,"Worthington Enterprises, Inc.","Worthington Enterprises, Inc.",EQUITY,NYQ,USD,322151400.0,0.0,2000-01-03,2024-12-31,Ticker metadata only; permanent historical identity unverified,
WPX,https://query1.finance.yahoo.com/v8/finance/chart/WPX?period1=946684800&period2=1735689600&interval=1d&events=div%2Csplits,failed,0,2026-09-10T13:56:56.425624+00:00,,,,,,,,,,,,,HTTPError: HTTP Error 404: Not Found
WRB,https://query1.finance.yahoo.com/v8/finance/chart/WRB?period1=946684800&period2=1735689600&interval=1d&events=div%2Csplits,available,6289,2026-09-10T13:56:56.492375+00:00,be3594c38941ebfb48d3101aca45ff806376285983045da23fdfa6ee1d33eca8,WRB,W. R. Berkley Corporation,W.R. Berkley Corporation,EQUITY,NYQ,USD,120231000.0,0.0,2000-01-03,2024-12-31,Ticker metadata only; permanent historical identity unverified,
WRK,https://query1.finance.yahoo.com/v8/finance/chart/WRK?period1=946684800&period2=1735689600&interval=1d&events=div%2Csplits,failed,0,2026-09-10T13:56:56.788794+00:00,,,,,,,,,,,,,HTTPError: HTTP Error 404: Not Found
WSM,https://query1.finance.yahoo.com/v8/finance/chart/WSM?period1=946684800&period2=1735689600&interval=1d&events=div%2Csplits,available,6289,2026-09-10T13:56:56.850682+00:00,b22337925fc7eaf568d44f85c4af7bc0d7243c87106729e56b0980814b0f4f16,WSM,"Williams-Sonoma, Inc.","Williams-Sonoma, Inc.",EQUITY,NYQ,USD,426432600.0,0.0,2000-01-03,2024-12-31,Ticker metadata only; permanent historical identity unverified,
WST,https://query1.finance.yahoo.com/v8/finance/chart/WST?period1=946684800&period2=1735689600&interval=1d&events=div%2Csplits,available,6289,2026-09-10T13:56:57.072027+00:00,0069ad694ebaee4875bae9f350f345d794097142824404afe6c37d1074bc71cb,WST,"West Pharmaceutical Services, Inc.","West Pharmaceutical Services, I",EQUITY,NYQ,USD,322151400.0,0.0,2000-01-03,2024-12-31,Ticker metadata only; permanent historical identity unverified,
WTW,https://query1.finance.yahoo.com/v8/finance/chart/WTW?period1=946684800&period2=1735689600&interval=1d&events=div%2Csplits,available,5926,2026-09-10T13:56:57.322281+00:00,8cb4dfa05e736d0f0d62183ab1f5daa95418f382d496907b4cd684cedb7db487,WTW,Willis Towers Watson Public Limited Company,Willis Towers Watson Public Lim,EQUITY,NMS,USD,992352600.0,0.0,2001-06-12,2024-12-31,Ticker metadata only; permanent historical identity unverified,
WU,https://query1.finance.yahoo.com/v8/finance/chart/WU?period1=946684800&period2=1735689600&interval=1d&events=div%2Csplits,available,4593,2026-09-10T13:56:57.578133+00:00,c9ecfa4854b1248ef88ec55a685946a86d6e24d93e81edfd7278b0af13d524a8,WU,The Western Union Company,Western Union Company (The),EQUITY,NYQ,USD,1159795800.0,0.0,2006-10-02,2024-12-31,Ticker metadata only; permanent historical identity unverified,
WWY,https://query1.finance.yahoo.com/v8/finance/chart/WWY?period1=946684800&period2=1735689600&interval=1d&events=div%2Csplits,failed,0,2026-09-10T13:56:57.813936+00:00,5ee996bcfbea5de8b9cd3bd04cf08e7362f3af0f9827b955dd042263a44cd6d5,WWY,,643605,MUTUALFUND,YHD,,1286976600.0,,,,,ValueError: Constituent request did not resolve to an equity
WY,https://query1.finance.yahoo.com/v8/finance/chart/WY?period1=946684800&period2=1735689600&interval=1d&events=div%2Csplits,available,6289,2026-09-10T13:56:57.870019+00:00,f8f6862cde01e7677a7fc38afb027694c3986d3d75866b78133010300d7430a6,WY,Weyerhaeuser Company,Weyerhaeuser Company,EQUITY,NYQ,USD,105283800.0,0.0,2000-01-03,2024-12-31,Ticker metadata only; permanent historical identity unverified,
WYE,https://query1.finance.yahoo.com/v8/finance/chart/WYE?period1=946684800&period2=1735689600&interval=1d&events=div%2Csplits,failed,0,2026-09-10T13:56:58.170678+00:00,0f09f3dee72bd581705a0707d1dfe4369e3c4a0e625bca08e8686d87f41a08f5,WYE,,4595480,MUTUALFUND,YHD,,,,,,,ValueError: Constituent request did not resolve to an equity
WYND,https://query1.finance.yahoo.com/v8/finance/chart/WYND?period1=946684800&period2=1735689600&interval=1d&events=div%2Csplits,failed,0,2026-09-10T13:56:58.231539+00:00,,,,,,,,,,,,,HTTPError: HTTP Error 404: Not Found
WYNN,https://query1.finance.yahoo.com/v8/finance/chart/WYNN?period1=946684800&period2=1735689600&interval=1d&events=div%2Csplits,available,5583,2026-09-10T13:56:58.283012+00:00,6e6c99ad585abde2206d9840d87d9c3ed8196307fbb5d4260ba5803cfe75cb73,WYNN,"Wynn Resorts, Limited","Wynn Resorts, Limited",EQUITY,NMS,USD,1035552600.0,0.0,2002-10-25,2024-12-31,Ticker metadata only; permanent historical identity unverified,
X,https://query1.finance.yahoo.com/v8/finance/chart/X?period1=946684800&period2=1735689600&interval=1d&events=div%2Csplits,failed,0,2026-09-10T13:56:58.636926+00:00,,,,,,,,,,,,,HTTPError: HTTP Error 404: Not Found
XEC,https://query1.finance.yahoo.com/v8/finance/chart/XEC?period1=946684800&period2=1735689600&interval=1d&events=div%2Csplits,failed,0,2026-09-10T13:56:59.138314+00:00,,,,,,,,,,,,,HTTPError: HTTP Error 404: Not Found
XEL,https://query1.finance.yahoo.com/v8/finance/chart/XEL?period1=946684800&period2=1735689600&interval=1d&events=div%2Csplits,available,6289,2026-09-10T13:56:59.192651+00:00,f93c7bb21ab664ef18baa503e61bfbac5cfbc1b26afe31524bbf8b8c423468da,XEL,Xcel Energy Inc.,Xcel Energy Inc.,EQUITY,NMS,USD,99153000.0,0.0,2000-01-03,2024-12-31,Ticker metadata only; permanent historical identity unverified,
XL,https://query1.finance.yahoo.com/v8/finance/chart/XL?period1=946684800&period2=1735689600&interval=1d&events=div%2Csplits,failed,0,2026-09-10T13:56:59.453305+00:00,,,,,,,,,,,,,HTTPError: HTTP Error 404: Not Found
XLNX,https://query1.finance.yahoo.com/v8/finance/chart/XLNX?period1=946684800&period2=1735689600&interval=1d&events=div%2Csplits,failed,0,2026-09-10T13:56:59.513428+00:00,,,,,,,,,,,,,HTTPError: HTTP Error 404: Not Found
XOM,https://query1.finance.yahoo.com/v8/finance/chart/XOM?period1=946684800&period2=1735689600&interval=1d&events=div%2Csplits,available,6289,2026-09-10T13:56:59.588715+00:00,86196327792c6bee6a351a442a7aca061e7bab0c9622072c915acdc63148e15b,XOM,ExxonMobil Holdings Corporation,ExxonMobil Holdings Corporation,EQUITY,NYQ,USD,-252322200.0,0.0,2000-01-03,2024-12-31,Ticker metadata only; permanent historical identity unverified,
XRAY,https://query1.finance.yahoo.com/v8/finance/chart/XRAY?period1=946684800&period2=1735689600&interval=1d&events=div%2Csplits,available,6289,2026-09-10T13:56:59.830793+00:00,83a33054c0417044820c13f9c8e9ec9ad80080f7ad412396300f0f3e117aae22,XRAY,DENTSPLY SIRONA Inc.,DENTSPLY SIRONA Inc.,EQUITY,NMS,USD,555773400.0,0.0,2000-01-03,2024-12-31,Ticker metadata only; permanent historical identity unverified,
XRX,https://query1.finance.yahoo.com/v8/finance/chart/XRX?period1=946684800&period2=1735689600&interval=1d&events=div%2Csplits,available,6289,2026-09-10T13:56:59.870265+00:00,b5ee9aaa004b46c21675356beb0d29b21b157c4daa16224f2e69f9e3e1fd7448,XRX,Xerox Holdings Corporation,Xerox Holdings Corporation,EQUITY,NMS,USD,-252322200.0,0.0,2000-01-03,2024-12-31,Ticker metadata only; permanent historical identity unverified,
XTO,https://query1.finance.yahoo.com/v8/finance/chart/XTO?period1=946684800&period2=1735689600&interval=1d&events=div%2Csplits,failed,0,2026-09-10T13:57:00.138197+00:00,a4ead7e84a2d665a657550708835b575fd845355d919a387f149c933d532fc82,XTO,,3315965,MUTUALFUND,YHD,,,,,,,ValueError: Constituent request did not resolve to an equity
XYL,https://query1.finance.yahoo.com/v8/finance/chart/XYL?period1=946684800&period2=1735689600&interval=1d&events=div%2Csplits,available,3325,2026-09-10T13:57:00.194411+00:00,448c0db2ce87d3fd9d9c4e53a7f365b83ced4535123cde4d999acb7c8a7b1905,XYL,Xylem Inc.,Xylem Inc.,EQUITY,NYQ,USD,1318512600.0,0.0,2011-10-13,2024-12-31,Ticker metadata only; permanent historical identity unverified,
XYZ,https://query1.finance.yahoo.com/v8/finance/chart/XYZ?period1=946684800&period2=1735689600&interval=1d&events=div%2Csplits,available,2293,2026-09-10T13:57:00.221686+00:00,2206c965a3547d6baeee089e92791e138baf74ca6fde24b7cd7fe6a212d086a2,XYZ,"Block, Inc.","Block, Inc.",EQUITY,NYQ,USD,1447943400.0,0.0,2015-11-19,2024-12-31,Ticker metadata only; permanent historical identity unverified,
YNR,https://query1.finance.yahoo.com/v8/finance/chart/YNR?period1=946684800&period2=1735689600&interval=1d&events=div%2Csplits,failed,0,2026-09-10T13:57:00.349795+00:00,8bf60d4812c422e559318173e0ee4dc1699d32ae9c13a0e65b6c37c4562d6995,YNR,,,MUTUALFUND,YHD,,,,,,,ValueError: Constituent request did not resolve to an equity
YRCW,https://query1.finance.yahoo.com/v8/finance/chart/YRCW?period1=946684800&period2=1735689600&interval=1d&events=div%2Csplits,failed,0,2026-09-10T13:57:00.395589+00:00,,,,,,,,,,,,,HTTPError: HTTP Error 404: Not Found
YUM,https://query1.finance.yahoo.com/v8/finance/chart/YUM?period1=946684800&period2=1735689600&interval=1d&events=div%2Csplits,available,6289,2026-09-10T13:57:00.466895+00:00,cabd26ab17ae6ba5476610f7f4d28ebd3b4d075f780a6758a0f6ece7fab48b8a,YUM,"Yum! Brands, Inc.","Yum! Brands, Inc.",EQUITY,NYQ,USD,874503000.0,0.0,2000-01-03,2024-12-31,Ticker metadata only; permanent historical identity unverified,
ZBH,https://query1.finance.yahoo.com/v8/finance/chart/ZBH?period1=946684800&period2=1735689600&interval=1d&events=div%2Csplits,available,5896,2026-09-10T13:57:00.618537+00:00,a3ebd3974062ea41fba01cdad2c904e2bd6208da6e17f8e2e0acf8fe9f6a725d,ZBH,"Zimmer Biomet Holdings, Inc.","Zimmer Biomet Holdings, Inc.",EQUITY,NYQ,USD,996067800.0,0.0,2001-07-25,2024-12-31,Ticker metadata only; permanent historical identity unverified,
ZBRA,https://query1.finance.yahoo.com/v8/finance/chart/ZBRA?period1=946684800&period2=1735689600&interval=1d&events=div%2Csplits,available,6289,2026-09-10T13:57:00.722092+00:00,f3b20950a75f1350cdf61941fc43b48dbef1b5171bdbefd9b545358e82044b66,ZBRA,Zebra Technologies Corporation,Zebra Technologies Corporation,EQUITY,NMS,USD,682263000.0,0.0,2000-01-03,2024-12-31,Ticker metadata only; permanent historical identity unverified,
ZION,https://query1.finance.yahoo.com/v8/finance/chart/ZION?period1=946684800&period2=1735689600&interval=1d&events=div%2Csplits,available,6289,2026-09-10T13:57:00.851787+00:00,4c1e07b9a0f33e0e33df30337c7cadf2a44056ed621c006b275c3f1d613ad403,ZION,"Zions Bancorporation, National Association",Zions Bancorporation N.A.,EQUITY,NMS,USD,322151400.0,0.0,2000-01-03,2024-12-31,Ticker metadata only; permanent historical identity unverified,
ZTS,https://query1.finance.yahoo.com/v8/finance/chart/ZTS?period1=946684800&period2=1735689600&interval=1d&events=div%2Csplits,available,2999,2026-09-10T13:57:00.918883+00:00,ded62a107cb2e91181930f73f3bc29934622301cd78cc14976843ecbfa841155,ZTS,Zoetis Inc.,Zoetis Inc.,EQUITY,NYQ,USD,1359729000.0,0.0,2013-02-01,2024-12-31,Ticker metadata only; permanent historical identity unverified,
